  0
SECTION
  2
HEADER
  9
$ACADVER
  1
AC1021
  9
$ACADMAINTVER
 70
    50
  9
$DWGCODEPAGE
  3
ANSI_936
  9
$LASTSAVEDBY
  1
win10
  9
$INSBASE
 10
0.0
 20
0.0
 30
0.0
  9
$EXTMIN
 10
-3.083330976318947
 20
-68.55251785135624
 30
0.0
  9
$EXTMAX
 10
243.0101934157901
 20
119.8244141966261
 30
0.0
  9
$LIMMIN
 10
0.0
 20
0.0
  9
$LIMMAX
 10
420.0
 20
297.0
  9
$ORTHOMODE
 70
     0
  9
$REGENMODE
 70
     1
  9
$FILLMODE
 70
     1
  9
$QTEXTMODE
 70
     0
  9
$MIRRTEXT
 70
     0
  9
$LTSCALE
 40
1.0
  9
$ATTMODE
 70
     1
  9
$TEXTSIZE
 40
2.5
  9
$TRACEWID
 40
1.0
  9
$TEXTSTYLE
  7
Standard
  9
$CLAYER
  8
0
  9
$CELTYPE
  6
ByLayer
  9
$CECOLOR
 62
   256
  9
$CELTSCALE
 40
1.0
  9
$DISPSILH
 70
     0
  9
$DIMSCALE
 40
1.0
  9
$DIMASZ
 40
2.5
  9
$DIMEXO
 40
0.625
  9
$DIMDLI
 40
3.75
  9
$DIMRND
 40
0.0
  9
$DIMDLE
 40
0.0
  9
$DIMEXE
 40
1.25
  9
$DIMTP
 40
0.0
  9
$DIMTM
 40
0.0
  9
$DIMTXT
 40
2.5
  9
$DIMCEN
 40
2.5
  9
$DIMTSZ
 40
0.0
  9
$DIMTOL
 70
     0
  9
$DIMLIM
 70
     0
  9
$DIMTIH
 70
     0
  9
$DIMTOH
 70
     0
  9
$DIMSE1
 70
     0
  9
$DIMSE2
 70
     0
  9
$DIMTAD
 70
     1
  9
$DIMZIN
 70
     8
  9
$DIMBLK
  1

  9
$DIMASO
 70
     1
  9
$DIMSHO
 70
     1
  9
$DIMPOST
  1

  9
$DIMAPOST
  1

  9
$DIMALT
 70
     0
  9
$DIMALTD
 70
     3
  9
$DIMALTF
 40
0.03937007874016
  9
$DIMLFAC
 40
1.0
  9
$DIMTOFL
 70
     1
  9
$DIMTVP
 40
0.0
  9
$DIMTIX
 70
     0
  9
$DIMSOXD
 70
     0
  9
$DIMSAH
 70
     0
  9
$DIMBLK1
  1

  9
$DIMBLK2
  1

  9
$DIMSTYLE
  2
ISO-25
  9
$DIMCLRD
 70
     0
  9
$DIMCLRE
 70
     0
  9
$DIMCLRT
 70
     0
  9
$DIMTFAC
 40
1.0
  9
$DIMGAP
 40
0.625
  9
$DIMJUST
 70
     0
  9
$DIMSD1
 70
     0
  9
$DIMSD2
 70
     0
  9
$DIMTOLJ
 70
     0
  9
$DIMTZIN
 70
     8
  9
$DIMALTZ
 70
     0
  9
$DIMALTTZ
 70
     0
  9
$DIMUPT
 70
     0
  9
$DIMDEC
 70
     2
  9
$DIMTDEC
 70
     2
  9
$DIMALTU
 70
     2
  9
$DIMALTTD
 70
     3
  9
$DIMTXSTY
  7
Standard
  9
$DIMAUNIT
 70
     0
  9
$DIMADEC
 70
     0
  9
$DIMALTRND
 40
0.0
  9
$DIMAZIN
 70
     0
  9
$DIMDSEP
 70
    44
  9
$DIMATFIT
 70
     3
  9
$DIMFRAC
 70
     0
  9
$DIMLDRBLK
  1

  9
$DIMLUNIT
 70
     2
  9
$DIMLWD
 70
    -2
  9
$DIMLWE
 70
    -2
  9
$DIMTMOVE
 70
     0
  9
$DIMFXL
 40
1.0
  9
$DIMFXLON
 70
     0
  9
$DIMJOGANG
 40
0.7853981633974483
  9
$DIMTFILL
 70
     0
  9
$DIMTFILLCLR
 70
     0
  9
$DIMARCSYM
 70
     0
  9
$DIMLTYPE
  6

  9
$DIMLTEX1
  6

  9
$DIMLTEX2
  6

  9
$LUNITS
 70
     2
  9
$LUPREC
 70
     4
  9
$SKETCHINC
 40
1.0
  9
$FILLETRAD
 40
0.0
  9
$AUNITS
 70
     0
  9
$AUPREC
 70
     0
  9
$MENU
  1
.
  9
$ELEVATION
 40
0.0
  9
$PELEVATION
 40
0.0
  9
$THICKNESS
 40
0.0
  9
$LIMCHECK
 70
     0
  9
$CHAMFERA
 40
0.0
  9
$CHAMFERB
 40
0.0
  9
$CHAMFERC
 40
0.0
  9
$CHAMFERD
 40
0.0
  9
$SKPOLY
 70
     0
  9
$TDCREATE
 40
2458590.383113426
  9
$TDUCREATE
 40
2458590.049780092
  9
$TDUPDATE
 40
2458590.384224537
  9
$TDUUPDATE
 40
2458590.050891204
  9
$TDINDWG
 40
0.0011111111
  9
$TDUSRTIMER
 40
0.0011111111
  9
$USRTIMER
 70
     1
  9
$ANGBASE
 50
0.0
  9
$ANGDIR
 70
     0
  9
$PDMODE
 70
     0
  9
$PDSIZE
 40
0.0
  9
$PLINEWID
 40
0.0
  9
$SPLFRAME
 70
     0
  9
$SPLINETYPE
 70
     6
  9
$SPLINESEGS
 70
     8
  9
$HANDSEED
  5
2B8
  9
$SURFTAB1
 70
     6
  9
$SURFTAB2
 70
     6
  9
$SURFTYPE
 70
     6
  9
$SURFU
 70
     6
  9
$SURFV
 70
     6
  9
$UCSBASE
  2

  9
$UCSNAME
  2

  9
$UCSORG
 10
0.0
 20
0.0
 30
0.0
  9
$UCSXDIR
 10
1.0
 20
0.0
 30
0.0
  9
$UCSYDIR
 10
0.0
 20
1.0
 30
0.0
  9
$UCSORTHOREF
  2

  9
$UCSORTHOVIEW
 70
     0
  9
$UCSORGTOP
 10
0.0
 20
0.0
 30
0.0
  9
$UCSORGBOTTOM
 10
0.0
 20
0.0
 30
0.0
  9
$UCSORGLEFT
 10
0.0
 20
0.0
 30
0.0
  9
$UCSORGRIGHT
 10
0.0
 20
0.0
 30
0.0
  9
$UCSORGFRONT
 10
0.0
 20
0.0
 30
0.0
  9
$UCSORGBACK
 10
0.0
 20
0.0
 30
0.0
  9
$PUCSBASE
  2

  9
$PUCSNAME
  2

  9
$PUCSORG
 10
0.0
 20
0.0
 30
0.0
  9
$PUCSXDIR
 10
1.0
 20
0.0
 30
0.0
  9
$PUCSYDIR
 10
0.0
 20
1.0
 30
0.0
  9
$PUCSORTHOREF
  2

  9
$PUCSORTHOVIEW
 70
     0
  9
$PUCSORGTOP
 10
0.0
 20
0.0
 30
0.0
  9
$PUCSORGBOTTOM
 10
0.0
 20
0.0
 30
0.0
  9
$PUCSORGLEFT
 10
0.0
 20
0.0
 30
0.0
  9
$PUCSORGRIGHT
 10
0.0
 20
0.0
 30
0.0
  9
$PUCSORGFRONT
 10
0.0
 20
0.0
 30
0.0
  9
$PUCSORGBACK
 10
0.0
 20
0.0
 30
0.0
  9
$USERI1
 70
     0
  9
$USERI2
 70
     0
  9
$USERI3
 70
     0
  9
$USERI4
 70
     0
  9
$USERI5
 70
     0
  9
$USERR1
 40
0.0
  9
$USERR2
 40
0.0
  9
$USERR3
 40
0.0
  9
$USERR4
 40
0.0
  9
$USERR5
 40
0.0
  9
$WORLDVIEW
 70
     1
  9
$SHADEDGE
 70
     3
  9
$SHADEDIF
 70
    70
  9
$TILEMODE
 70
     1
  9
$MAXACTVP
 70
    64
  9
$PINSBASE
 10
0.0
 20
0.0
 30
0.0
  9
$PLIMCHECK
 70
     0
  9
$PEXTMIN
 10
0.0
 20
0.0
 30
0.0
  9
$PEXTMAX
 10
0.0
 20
0.0
 30
0.0
  9
$PLIMMIN
 10
0.0
 20
0.0
  9
$PLIMMAX
 10
12.0
 20
9.0
  9
$UNITMODE
 70
     0
  9
$VISRETAIN
 70
     1
  9
$PLINEGEN
 70
     0
  9
$PSLTSCALE
 70
     1
  9
$TREEDEPTH
 70
  3020
  9
$CMLSTYLE
  2
Standard
  9
$CMLJUST
 70
     0
  9
$CMLSCALE
 40
20.0
  9
$PROXYGRAPHICS
 70
     1
  9
$MEASUREMENT
 70
     1
  9
$CELWEIGHT
370
    -1
  9
$ENDCAPS
280
     0
  9
$JOINSTYLE
280
     0
  9
$LWDISPLAY
290
     0
  9
$INSUNITS
 70
     4
  9
$HYPERLINKBASE
  1

  9
$STYLESHEET
  1

  9
$XEDIT
290
     1
  9
$CEPSNTYPE
380
     0
  9
$PSTYLEMODE
290
     1
  9
$FINGERPRINTGUID
  2
{96A53CC7-ACDD-234C-B0F9-88300B14E85D}
  9
$VERSIONGUID
  2
{FDA5A254-6150-FA48-A4B8-168CBCE559AD}
  9
$EXTNAMES
290
     1
  9
$PSVPSCALE
 40
0.0
  9
$OLESTARTUP
290
     0
  9
$SORTENTS
280
   127
  9
$INDEXCTL
280
     0
  9
$HIDETEXT
280
     1
  9
$XCLIPFRAME
290
     0
  9
$HALOGAP
280
     0
  9
$OBSCOLOR
 70
   257
  9
$OBSLTYPE
280
     0
  9
$INTERSECTIONDISPLAY
280
     0
  9
$INTERSECTIONCOLOR
 70
   257
  9
$DIMASSOC
280
     2
  9
$PROJECTNAME
  1

  9
$CAMERADISPLAY
290
     0
  9
$LENSLENGTH
 40
50.0
  9
$CAMERAHEIGHT
 40
0.0
  9
$STEPSPERSEC
 40
2.0
  9
$STEPSIZE
 40
6.0
  9
$3DDWFPREC
 40
2.0
  9
$PSOLWIDTH
 40
5.0
  9
$PSOLHEIGHT
 40
80.0
  9
$LOFTANG1
 40
1.570796326794896
  9
$LOFTANG2
 40
1.570796326794896
  9
$LOFTMAG1
 40
0.0
  9
$LOFTMAG2
 40
0.0
  9
$LOFTPARAM
 70
     7
  9
$LOFTNORMALS
280
     1
  9
$LATITUDE
 40
37.795
  9
$LONGITUDE
 40
-122.394
  9
$NORTHDIRECTION
 40
0.0
  9
$TIMEZONE
 70
 -8000
  9
$LIGHTGLYPHDISPLAY
280
     1
  9
$TILEMODELIGHTSYNCH
280
     1
  9
$CMATERIAL
347
EC
  9
$SOLIDHIST
280
     0
  9
$SHOWHIST
280
     1
  9
$DWFFRAME
280
     2
  9
$DGNFRAME
280
     0
  9
$REALWORLDSCALE
290
     1
  9
$INTERFERECOLOR
 62
     1
  9
$INTERFEREOBJVS
345
F9
  9
$INTERFEREVPVS
346
F6
  9
$CSHADOW
280
     0
  9
$SHADOWPLANELOCATION
 40
0.0
  0
ENDSEC
  0
SECTION
  2
CLASSES
  0
CLASS
  1
ACDBDICTIONARYWDFLT
  2
AcDbDictionaryWithDefault
  3
ObjectDBX Classes
 90
        0
 91
        1
280
     0
281
     0
  0
CLASS
  1
DICTIONARYVAR
  2
AcDbDictionaryVar
  3
ObjectDBX Classes
 90
        0
 91
       12
280
     0
281
     0
  0
CLASS
  1
TABLESTYLE
  2
AcDbTableStyle
  3
ObjectDBX Classes
 90
     4095
 91
        1
280
     0
281
     0
  0
CLASS
  1
MATERIAL
  2
AcDbMaterial
  3
ObjectDBX Classes
 90
     1153
 91
        3
280
     0
281
     0
  0
CLASS
  1
VISUALSTYLE
  2
AcDbVisualStyle
  3
ObjectDBX Classes
 90
     4095
 91
       24
280
     0
281
     0
  0
CLASS
  1
SCALE
  2
AcDbScale
  3
ObjectDBX Classes
 90
     1153
 91
       17
280
     0
281
     0
  0
CLASS
  1
MLEADERSTYLE
  2
AcDbMLeaderStyle
  3
ACDB_MLEADERSTYLE_CLASS
 90
     4095
 91
        2
280
     0
281
     0
  0
CLASS
  1
CELLSTYLEMAP
  2
AcDbCellStyleMap
  3
ObjectDBX Classes
 90
     1152
 91
        1
280
     0
281
     0
  0
CLASS
  1
EXACXREFPANELOBJECT
  2
ExAcXREFPanelObject
  3
EXAC_ESW
 90
     1025
 91
        0
280
     0
281
     0
  0
CLASS
  1
NPOCOLLECTION
  2
AcDbImpNonPersistentObjectsCollection
  3
ObjectDBX Classes
 90
     1153
 91
        0
280
     0
281
     0
  0
CLASS
  1
LAYER_INDEX
  2
AcDbLayerIndex
  3
ObjectDBX Classes
 90
        0
 91
        0
280
     0
281
     0
  0
CLASS
  1
SPATIAL_INDEX
  2
AcDbSpatialIndex
  3
ObjectDBX Classes
 90
        0
 91
        0
280
     0
281
     0
  0
CLASS
  1
IDBUFFER
  2
AcDbIdBuffer
  3
ObjectDBX Classes
 90
        0
 91
        0
280
     0
281
     0
  0
CLASS
  1
ACDBSECTIONVIEWSTYLE
  2
AcDbSectionViewStyle
  3
ObjectDBX Classes
 90
     1025
 91
        1
280
     0
281
     0
  0
CLASS
  1
ACDBDETAILVIEWSTYLE
  2
AcDbDetailViewStyle
  3
ObjectDBX Classes
 90
     1025
 91
        1
280
     0
281
     0
  0
ENDSEC
  0
SECTION
  2
TABLES
  0
TABLE
  2
VPORT
  5
8
330
0
100
AcDbSymbolTable
 70
     1
  0
VPORT
  5
EA
330
8
100
AcDbSymbolTableRecord
100
AcDbViewportTableRecord
  2
*Active
 70
     0
 10
0.0
 20
0.0
 11
1.0
 21
1.0
 12
26.13531116233776
 22
8.376287332784158
 13
0.0
 23
0.0
 14
10.0
 24
10.0
 15
10.0
 25
10.0
 16
0.0
 26
0.0
 36
1.0
 17
0.0
 27
0.0
 37
0.0
 40
393.0272442228397
 41
2.104271356783919
 42
50.0
 43
0.0
 44
0.0
 50
0.0
 51
0.0
 71
     0
 72
  1000
 73
     1
 74
     3
 75
     0
 76
     1
 77
     0
 78
     0
281
     0
 65
     1
110
0.0
120
0.0
130
0.0
111
1.0
121
0.0
131
0.0
112
0.0
122
1.0
132
0.0
 79
     0
146
0.0
348
F5
 60
     3
 61
     5
292
     1
282
     1
141
0.0
142
0.0
 63
   250
421
  3355443
1001
ACAD_NAV_VCDISPLAY
1070
     3
  0
ENDTAB
  0
TABLE
  2
LTYPE
  5
5
330
0
100
AcDbSymbolTable
 70
     2
  0
LTYPE
  5
14
330
5
100
AcDbSymbolTableRecord
100
AcDbLinetypeTableRecord
  2
ByBlock
 70
     0
  3

 72
    65
 73
     0
 40
0.0
  0
LTYPE
  5
15
330
5
100
AcDbSymbolTableRecord
100
AcDbLinetypeTableRecord
  2
ByLayer
 70
     0
  3

 72
    65
 73
     0
 40
0.0
  0
LTYPE
  5
16
330
5
100
AcDbSymbolTableRecord
100
AcDbLinetypeTableRecord
  2
Continuous
 70
     0
  3
Solid line
 72
    65
 73
     0
 40
0.0
  0
ENDTAB
  0
TABLE
  2
LAYER
  5
2
102
{ACAD_XDICTIONARY
360
1FF
102
}
330
0
100
AcDbSymbolTable
 70
     1
0
LAYER
5
c70
100
AcDbSymbolTableRecord
100
AcDbLayerTableRecord
2
TopLayer
70
0
420
16711680
6
Continuous
370
-3
390
F
347
21
0
LAYER
5
c71
100
AcDbSymbolTableRecord
100
AcDbLayerTableRecord
2
BottomLayer
70
0
420
255
6
Continuous
370
-3
390
F
347
21
0
LAYER
5
c72
100
AcDbSymbolTableRecord
100
AcDbLayerTableRecord
2
TopSilkLayer
70
0
420
16763904
6
Continuous
370
-3
390
F
347
21
0
LAYER
5
c73
100
AcDbSymbolTableRecord
100
AcDbLayerTableRecord
2
TopPasteMaskLayer
70
0
420
8421504
6
Continuous
370
-3
390
F
347
21
0
LAYER
5
c74
100
AcDbSymbolTableRecord
100
AcDbLayerTableRecord
2
TopSolderMaskLayer
70
0
420
8388736
6
Continuous
370
-3
390
F
347
21
0
LAYER
5
c75
100
AcDbSymbolTableRecord
100
AcDbLayerTableRecord
2
BottomSolderMaskLayer
70
0
420
11141375
6
Continuous
370
-3
390
F
347
21
0
LAYER
5
c76
100
AcDbSymbolTableRecord
100
AcDbLayerTableRecord
2
BoardOutLine
70
0
420
16711935
6
Continuous
370
-3
390
F
347
21
0
LAYER
5
c77
100
AcDbSymbolTableRecord
100
AcDbLayerTableRecord
2
Multi-Layer
70
0
420
12632256
6
Continuous
370
-3
390
F
347
21
0
LAYER
5
c78
100
AcDbSymbolTableRecord
100
AcDbLayerTableRecord
2
Document
70
0
420
16777215
6
Continuous
370
-3
390
F
347
21
0
LAYER
5
c79
100
AcDbSymbolTableRecord
100
AcDbLayerTableRecord
2
Mechanical
70
0
420
15737584
6
Continuous
370
-3
390
F
347
21
  0
LAYER
  5
10
102
{ACAD_XDICTIONARY
360
13C
102
}
330
2
100
AcDbSymbolTableRecord
100
AcDbLayerTableRecord
  2
0
 70
     0
 62
     7
  6
Continuous
370
    -3
390
F
347
EE
  0
ENDTAB
  0
TABLE
  2
STYLE
  5
3
330
0
100
AcDbSymbolTable
 70
     2
  0
STYLE
  5
11
330
3
100
AcDbSymbolTableRecord
100
AcDbTextStyleTableRecord
  2
Standard
 70
     0
 40
0.0
 41
1.0
 50
0.0
 71
     0
 42
2.5
  3
arial.ttf
  4

1001
ACAD
1000
Arial
1071
       34
  0
STYLE
  5
132
330
3
100
AcDbSymbolTableRecord
100
AcDbTextStyleTableRecord
  2
Annotative
 70
     0
 40
0.0
 41
1.0
 50
0.0
 71
     0
 42
2.5
  3
arial.ttf
  4

1001
AcadAnnotative
1000
AnnotativeData
1002
{
1070
     1
1070
     1
1002
}
1001
ACAD
1000
Arial
1071
       34
  0
ENDTAB
  0
TABLE
  2
VIEW
  5
6
330
0
100
AcDbSymbolTable
 70
     0
  0
ENDTAB
  0
TABLE
  2
UCS
  5
7
330
0
100
AcDbSymbolTable
 70
     0
  0
ENDTAB
  0
TABLE
  2
APPID
  5
9
330
0
100
AcDbSymbolTable
 70
     9
  0
APPID
  5
12
330
9
100
AcDbSymbolTableRecord
100
AcDbRegAppTableRecord
  2
ACAD
 70
     0
  0
APPID
  5
9E
330
9
100
AcDbSymbolTableRecord
100
AcDbRegAppTableRecord
  2
ACAD_PSEXT
 70
     0
  0
APPID
  5
133
330
9
100
AcDbSymbolTableRecord
100
AcDbRegAppTableRecord
  2
AcadAnnoPO
 70
     0
  0
APPID
  5
134
330
9
100
AcDbSymbolTableRecord
100
AcDbRegAppTableRecord
  2
AcadAnnotative
 70
     0
  0
APPID
  5
135
330
9
100
AcDbSymbolTableRecord
100
AcDbRegAppTableRecord
  2
ACAD_DSTYLE_DIMJAG
 70
     0
  0
APPID
  5
136
330
9
100
AcDbSymbolTableRecord
100
AcDbRegAppTableRecord
  2
ACAD_DSTYLE_DIMTALN
 70
     0
  0
APPID
  5
165
330
9
100
AcDbSymbolTableRecord
100
AcDbRegAppTableRecord
  2
ACAD_MLEADERVER
 70
     0
  0
APPID
  5
217
330
9
100
AcDbSymbolTableRecord
100
AcDbRegAppTableRecord
  2
ACAD_NAV_VCDISPLAY
 70
     0
  0
APPID
  5
26E
330
9
100
AcDbSymbolTableRecord
100
AcDbRegAppTableRecord
  2
ACAD_EXEMPT_FROM_CAD_STANDARDS
 70
     0
  0
ENDTAB
  0
TABLE
  2
DIMSTYLE
  5
A
330
0
100
AcDbSymbolTable
 70
     4
100
AcDbDimStyleTable
 71
     2
340
27
340
137
  0
DIMSTYLE
105
1B0
330
A
100
AcDbSymbolTableRecord
100
AcDbDimStyleTableRecord
  2
Standard
 70
     0
340
11
  0
DIMSTYLE
105
137
330
A
100
AcDbSymbolTableRecord
100
AcDbDimStyleTableRecord
  2
Annotative
 70
     0
 40
0.0
 41
2.5
 42
0.625
 43
3.75
 44
1.25
 73
     0
 74
     0
 77
     1
 78
     8
140
2.5
141
2.5
143
0.03937007874016
147
0.625
171
     3
172
     1
271
     2
272
     2
274
     3
278
    44
283
     0
284
     8
340
11
1001
AcadAnnotative
1000
AnnotativeData
1002
{
1070
     1
1070
     1
1002
}
1001
ACAD_DSTYLE_DIMJAG
1070
   388
1040
1.5
1001
ACAD_DSTYLE_DIMTALN
1070
   392
1070
     0
  0
DIMSTYLE
105
27
330
A
100
AcDbSymbolTableRecord
100
AcDbDimStyleTableRecord
  2
ISO-25
 70
     0
 41
2.5
 42
0.625
 43
3.75
 44
1.25
 73
     0
 74
     0
 77
     1
 78
     8
140
2.5
141
2.5
143
0.03937007874016
147
0.625
171
     3
172
     1
271
     2
272
     2
274
     3
278
    44
283
     0
284
     8
340
11
  0
ENDTAB
  0
TABLE
  2
BLOCK_RECORD
  5
1
330
0
100
AcDbSymbolTable
 70
     2
  0
BLOCK_RECORD
  5
1F
102
{ACAD_XDICTIONARY
360
1CE
102
}
330
1
100
AcDbSymbolTableRecord
100
AcDbBlockTableRecord
  2
*Model_Space
340
22
 70
     0
280
     1
281
     0
  0
BLOCK_RECORD
  5
D2
330
1
100
AcDbSymbolTableRecord
100
AcDbBlockTableRecord
  2
*Paper_Space
340
D3
 70
     0
280
     1
281
     0
  0
BLOCK_RECORD
  5
D6
330
1
100
AcDbSymbolTableRecord
100
AcDbBlockTableRecord
  2
*Paper_Space0
340
D7
 70
     0
280
     1
281
     0
  0
ENDTAB
  0
ENDSEC
  0
SECTION
  2
BLOCKS
  0
BLOCK
  5
20
330
1F
100
AcDbEntity
  8
0
100
AcDbBlockBegin
  2
*Model_Space
 70
     0
 10
0.0
 20
0.0
 30
0.0
  3
*Model_Space
  1

  0
ENDBLK
  5
21
330
1F
100
AcDbEntity
  8
0
100
AcDbBlockEnd
  0
BLOCK
  5
D4
330
D2
100
AcDbEntity
 67
     1
  8
0
100
AcDbBlockBegin
  2
*Paper_Space
 70
     0
 10
0.0
 20
0.0
 30
0.0
  3
*Paper_Space
  1

  0
ENDBLK
  5
D5
330
D2
100
AcDbEntity
 67
     1
  8
0
100
AcDbBlockEnd
  0
BLOCK
  5
D8
330
D6
100
AcDbEntity
 67
     1
  8
0
100
AcDbBlockBegin
  2
*Paper_Space0
 70
     0
 10
0.0
 20
0.0
 30
0.0
  3
*Paper_Space0
  1

  0
ENDBLK
  5
D9
330
D6
100
AcDbEntity
 67
     1
  8
0
100
AcDbBlockEnd
  0
ENDSEC
  0
SECTION
  2
ENTITIES
  0
LWPOLYLINE
  5
3e8
330
1F
100
AcDbEntity
  8
BottomLayer
100
AcDbPolyline
 90
4
 70
 0
 43
0.25400050800101603 
 10
56.76212852425692
 20
14.351130302260572
 10
56.76212852425692
 20
14.471043942087817
 10
59.309118618237335
 20
17.018034036068116
 10
69.46911353822702
 20
17.018034036068116
 10
75.31115062230128
 20
22.860071120142265
  0
LWPOLYLINE
  5
3e9
330
1F
100
AcDbEntity
  8
BottomLayer
100
AcDbPolyline
 90
6
 70
 0
 43
0.25400050800101603 
 10
46.76212852425715
 20
14.351130302260572
 10
46.76212852425715
 20
14.885064770129588
 10
48.89509779019568
 20
17.018034036068116
 10
57.15011430022855
 20
17.018034036068116
 10
59.436118872237785
 20
19.304038608077235
 10
69.21511303022612
 20
19.304038608077235
 10
72.77114554229115
 20
22.860071120142265
  0
LWPOLYLINE
  5
3ea
330
1F
100
AcDbEntity
  8
BottomLayer
100
AcDbPolyline
 90
4
 70
 0
 43
0.25400050800101603 
 10
80.39116078232155
 20
45.7201168402338
 10
80.39116078232155
 20
33.782067564135104
 10
86.741173482347
 20
27.432054864109773
 10
86.741173482347
 20
8.75593091186181
 10
92.45608331216658
 20
3.041021082042107
  0
LWPOLYLINE
  5
3eb
330
1F
100
AcDbEntity
  8
BottomLayer
100
AcDbPolyline
 90
1
 70
 0
 43
0.511988823977648 
 10
23.749047498095024
 20
41.91008382016764
 10
33.14706629413263
 20
41.91008382016764
  0
LWPOLYLINE
  5
3ec
330
1F
100
AcDbEntity
  8
BottomLayer
100
AcDbPolyline
 90
1
 70
 0
 43
0.511988823977648 
 10
33.14706629413263
 20
41.91008382016764
 10
41.52908305816618
 20
41.91008382016764
  0
LWPOLYLINE
  5
3ed
330
1F
100
AcDbEntity
  8
BottomLayer
100
AcDbPolyline
 90
2
 70
 0
 43
0.511988823977648 
 10
41.52908305816618
 20
41.91008382016764
 10
41.65608331216663
 20
41.78308356616719
 10
49.27609855219703
 20
41.78308356616719
  0
LWPOLYLINE
  5
3ee
330
1F
100
AcDbEntity
  8
BottomLayer
100
AcDbPolyline
 90
2
 70
 0
 43
0.511988823977648 
 10
49.27609855219703
 20
41.78308356616719
 10
56.134086868173654
 20
41.78308356616719
 10
60.07112014224026
 20
45.7201168402338
  0
LWPOLYLINE
  5
3ef
330
1F
100
AcDbEntity
  8
BottomLayer
100
AcDbPolyline
 90
4
 70
 0
 43
0.511988823977648 
 10
23.749047498095024
 20
41.91008382016764
 10
26.543053086106283
 20
41.91008382016764
 10
28.194056388112813
 20
40.25908051816111
 10
28.194056388112813
 20
28.194056388112813
 10
26.162052324104707
 20
26.162052324104707
  0
LWPOLYLINE
  5
3f0
330
1F
100
AcDbEntity
  8
BottomLayer
100
AcDbPolyline
 90
2
 70
 0
 43
0.511988823977648 
 10
54.118008636017294
 20
23.114097028194124
 10
54.118008636017294
 20
27.416154432308872
 10
48.260096520192974
 20
33.27406654813308
  0
LWPOLYLINE
  5
3f1
330
1F
100
AcDbEntity
  8
BottomLayer
100
AcDbPolyline
 90
6
 70
 0
 43
0.511988823977648 
 10
56.118008636017294
 20
23.114097028194124
 10
56.118008636017294
 20
22.589941579883202
 10
54.991109982219996
 20
21.463042926085905
 10
52.95910591821189
 20
21.463042926085905
 10
50.927101854203784
 20
23.49504699009401
 10
50.927101854203784
 20
25.527051054102117
 10
50.800101600203334
 20
25.65405130810268
  0
LWPOLYLINE
  5
3f2
330
1F
100
AcDbEntity
  8
BottomLayer
100
AcDbPolyline
 90
3
 70
 0
 43
0.511988823977648 
 10
42.54508509017023
 20
25.78105156210313
 10
44.57708915417834
 20
27.813055626111236
 10
48.64109728219455
 20
27.813055626111236
 10
50.800101600203334
 20
25.65405130810268
  0
LWPOLYLINE
  5
3f3
330
1F
100
AcDbEntity
  8
BottomLayer
100
AcDbPolyline
 90
10
 70
 0
 43
0.511988823977648 
 10
90.5511811023623
 20
22.860071120142265
 10
90.5511811023623
 20
11.811023622047287
 10
91.69418338836681
 20
10.66802133604267
 10
93.59918719837447
 20
10.66802133604267
 10
99.31419862839721
 20
16.383032766065526
 10
99.31419862839721
 20
45.21209042418093
 10
96.01219202438415
 20
48.5140970281941
 10
62.73812547625107
 20
48.5140970281941
 10
58.67411734823463
 20
52.57810515621031
 10
51.42418084836186
 20
52.57810515621031
 10
51.277114554229
 20
52.431038862077685
  0
LWPOLYLINE
  5
3f4
330
1F
100
AcDbEntity
  8
BottomLayer
100
AcDbPolyline
 90
2
 70
 0
 43
1.5000000000000002 
 10
14.097028194056293
 20
44.1431292862585
 10
14.097028194056293
 20
45.60502921005843
 10
9.271018542037154
 20
50.4310388620778
  0
LWPOLYLINE
  5
3f5
330
1F
100
AcDbEntity
  8
BottomLayer
100
AcDbPolyline
 90
2
 70
 0
 43
1.5000000000000002 
 10
14.097028194056293
 20
21.643002286004617
 10
14.097028194056293
 20
14.518135636271381
 10
13.93002286004571
 20
14.351130302260572
  0
LWPOLYLINE
  5
3f6
330
1F
100
AcDbEntity
  8
BottomLayer
100
AcDbPolyline
 90
4
 70
 0
 43
1.5000000000000002 
 10
25.1390652781306
 20
14.351130302260572
 10
25.1390652781306
 20
14.485013970028035
 10
21.590043180086468
 20
18.03403606807217
 10
21.590043180086468
 20
36.65011430022855
 10
14.097028194056293
 20
44.1431292862585
  0
LWPOLYLINE
  5
3f7
330
1F
100
AcDbEntity
  8
BottomLayer
100
AcDbPolyline
 90
2
 70
 0
 43
1.5000000000000002 
 10
14.097028194056293
 20
44.1431292862585
 10
18.98514097028192
 20
44.1431292862585
 10
25.273050546101103
 20
50.4310388620778
  0
LWPOLYLINE
  5
3f8
330
1F
100
AcDbEntity
  8
BottomLayer
100
AcDbPolyline
 90
4
 70
 0
 43
1.5000000000000002 
 10
57.27711455422923
 20
50.4310388620778
 10
57.03505207010403
 20
50.4310388620778
 10
53.97510795021594
 20
47.371094742189484
 10
44.33502667005337
 20
47.371094742189484
 10
41.27508255016505
 20
50.4310388620778
  0
LWPOLYLINE
  5
3f9
330
1F
100
AcDbEntity
  8
BottomLayer
100
AcDbPolyline
 90
4
 70
 0
 43
1.5000000000000002 
 10
41.27508255016505
 20
50.4310388620778
 10
39.255016510032874
 20
50.4310388620778
 10
36.95707391414794
 20
48.133096266192524
 10
27.570993141986264
 20
48.133096266192524
 10
25.273050546101103
 20
50.4310388620778
  0
LWPOLYLINE
  5
3fa
330
1F
100
AcDbEntity
  8
BottomLayer
100
AcDbPolyline
 90
6
 70
 0
 43
1.5000000000000002 
 10
90.68516637033281
 20
59.43599187198379
 10
90.68516637033281
 20
61.08013716027426
 10
87.75717551435105
 20
64.00812801625602
 10
67.94513589027179
 20
64.00812801625602
 10
65.65913131826255
 20
61.722123444246904
 10
50.18364236728485
 20
61.722123444246904
 10
47.274574549149065
 20
64.63119126238257
  0
LWPOLYLINE
  5
3fb
330
1F
100
AcDbEntity
  8
BottomLayer
100
AcDbPolyline
 90
4
 70
 0
 43
1.5000000000000002 
 10
75.68516637033281
 20
59.43624587249178
 10
75.68516637033281
 20
58.41313182626368
 10
73.02514605029205
 20
55.753111506223036
 10
40.150622301244766
 20
55.753111506223036
 10
31.272542545085116
 20
64.63119126238257
  0
LWPOLYLINE
  5
3fc
330
1F
100
AcDbEntity
  8
BottomLayer
100
AcDbPolyline
 90
2
 70
 0
 43
1.5000000000000002 
 10
60.07112014224026
 20
22.860071120142265
 10
56.372034544069265
 20
22.860071120142265
 10
56.118008636017294
 20
23.114097028194124
  0
LWPOLYLINE
  5
3fd
330
1F
100
AcDbEntity
  8
BottomLayer
100
AcDbPolyline
 90
5
 70
 0
 43
1.5000000000000002 
 10
72.77114554229115
 20
45.720091440182955
 10
72.77114554229115
 20
44.70408940817879
 10
74.67614935229881
 20
42.799085598171246
 10
76.20015240030489
 20
42.799085598171246
 10
77.85115570231142
 20
44.450088900177775
 10
77.85115570231142
 20
45.720091440182955
  0
LWPOLYLINE
  5
3fe
330
1F
100
AcDbEntity
  8
BottomLayer
100
AcDbPolyline
 90
4
 70
 0
 43
1.5000000000000002 
 10
60.07112014224026
 20
45.7201168402338
 10
60.07112014224026
 20
44.70408940817879
 10
61.97612395224792
 20
42.799085598171246
 10
70.8661417322835
 20
42.799085598171246
 10
72.77114554229115
 20
44.70408940817879
  0
LWPOLYLINE
  5
3ff
330
1F
100
AcDbEntity
  8
BottomLayer
100
AcDbPolyline
 90
6
 70
 0
 43
0.25400050800101603 
 10
82.93116586233168
 20
45.7201168402338
 10
82.93116586233168
 20
45.085090170180365
 10
84.07416814833641
 20
43.94208788417575
 10
84.07416814833641
 20
40.25908051816111
 10
98.42519685039383
 20
25.908051816103693
 10
98.42519685039383
 20
19.01013462026924
 10
92.45608331216658
 20
13.04102108204222
  0
LWPOLYLINE
  5
400
330
1F
100
AcDbEntity
  8
BottomLayer
100
AcDbPolyline
 90
4
 70
 0
 43
1.5000000000000002 
 10
95.68516637033258
 20
59.43599187198379
 10
95.68516637033258
 20
64.46215392430781
 10
93.47218694437402
 20
66.67513335026672
 10
65.3205486410975
 20
66.67513335026672
 10
63.276606553213014
 20
64.63119126238257
  0
LWPOLYLINE
  5
401
330
1F
100
AcDbEntity
  8
BoardOutLine
100
AcDbPolyline
 90
5
 70
 0
 43
0.25400050800101603 
 10
0.12700025400056347
 20
69.97713995427989
 10
0
 20
70.10414020828046
 10
100
 20
70.10414020828046
 10
100
 20
0
 10
0
 20
0
 10
0
 20
70.10414020828046
  0
LWPOLYLINE
  5
402
330
1F
100
AcDbEntity
  8
TopLayer
100
AcDbPolyline
 90
1
 70
 0
 43
0.25400050800101603 
 10
88.01117602235217
 20
45.7201168402338
 10
88.01117602235217
 20
50.41910083820176
  0
LWPOLYLINE
  5
403
330
1F
100
AcDbEntity
  8
TopLayer
100
AcDbPolyline
 90
4
 70
 0
 43
0.25400050800101603 
 10
82.93116586233168
 20
41.7917195834392
 10
84.84480568961135
 20
41.7917195834392
 10
86.741173482347
 20
43.688087376174735
 10
86.741173482347
 20
49.14909829819658
 10
85.47117094234181
 20
50.41910083820176
  0
LWPOLYLINE
  5
404
330
1F
100
AcDbEntity
  8
TopLayer
100
AcDbPolyline
 90
1
 70
 0
 43
0.25400050800101603 
 10
82.93116586233168
 20
43.29845059690115
 10
82.93116586233168
 20
45.7201168402338
  0
LWPOLYLINE
  5
405
330
1F
100
AcDbEntity
  8
TopLayer
100
AcDbPolyline
 90
1
 70
 0
 43
0.25400050800101603 
 10
80.39116078232155
 20
43.29845059690115
 10
80.39116078232155
 20
45.7201168402338
  0
LWPOLYLINE
  5
406
330
1F
100
AcDbEntity
  8
TopLayer
100
AcDbPolyline
 90
1
 70
 0
 43
0.25400050800101603 
 10
82.93116586233168
 20
41.7917195834392
 10
80.39116078232155
 20
41.7917195834392
  0
LWPOLYLINE
  5
407
330
1F
100
AcDbEntity
  8
TopLayer
100
AcDbPolyline
 90
4
 70
 0
 43
0.25400050800101603 
 10
82.93116586233168
 20
50.41910083820176
 10
82.93116586233168
 20
50.292100584201194
 10
85.09017018034046
 20
48.133096266192524
 10
85.09017018034046
 20
46.10111760223526
 10
85.47117094234181
 20
45.7201168402338
  0
LWPOLYLINE
  5
408
330
1F
100
AcDbEntity
  8
TopLayer
100
AcDbPolyline
 90
2
 70
 0
 43
0.25400050800101603 
 10
82.93116586233168
 20
50.41910083820176
 10
77.32710185420387
 20
50.41910083820176
 10
77.20005080010174
 20
50.54615189230378
  0
LWPOLYLINE
  5
409
330
1F
100
AcDbEntity
  8
TopLayer
100
AcDbPolyline
 90
2
 70
 0
 43
0.25400050800101603 
 10
82.93116586233168
 20
50.41910083820176
 10
82.93116586233168
 20
57.1899923799848
 10
80.68516637033281
 20
59.43599187198379
  0
LWPOLYLINE
  5
40a
330
1F
100
AcDbEntity
  8
TopLayer
100
AcDbPolyline
 90
1
 70
 0
 43
0.25400050800101603 
 10
85.68516637033281
 20
59.43599187198379
 10
80.68516637033281
 20
59.43599187198379
  0
LWPOLYLINE
  5
40b
330
1F
100
AcDbEntity
  8
TopLayer
100
AcDbPolyline
 90
2
 70
 0
 43
0.25400050800101603 
 10
77.85115570231142
 20
45.7201168402338
 10
77.85115570231142
 20
49.89504699009399
 10
77.20005080010174
 20
50.54615189230378
  0
LWPOLYLINE
  5
40c
330
1F
100
AcDbEntity
  8
TopLayer
100
AcDbPolyline
 90
6
 70
 0
 43
0.25400050800101603 
 10
82.93116586233168
 20
50.41910083820176
 10
82.93116586233168
 20
51.05410210820423
 10
84.32816865633731
 20
52.45110490220986
 10
92.07518415036839
 20
52.45110490220986
 10
94.23418846837694
 20
50.292100584201194
 10
94.23418846837694
 20
47.117119634239316
 10
95.63119126238257
 20
45.7201168402338
  0
LWPOLYLINE
  5
40d
330
1F
100
AcDbEntity
  8
TopLayer
100
AcDbPolyline
 90
1
 70
 0
 43
0.25400050800101603 
 10
93.09118618237244
 20
45.7201168402338
 10
95.63119126238257
 20
45.7201168402338
  0
LWPOLYLINE
  5
40e
330
1F
100
AcDbEntity
  8
TopLayer
100
AcDbPolyline
 90
2
 70
 0
 43
0.25400050800101603 
 10
92.45608331216658
 20
18.04102108204222
 10
92.45608331216658
 20
19.684963169926277
 10
95.63119126238257
 20
22.860071120142265
  0
LWPOLYLINE
  5
40f
330
1F
100
AcDbEntity
  8
TopLayer
100
AcDbPolyline
 90
2
 70
 0
 43
0.25400050800101603 
 10
92.45608331216658
 20
18.04102108204222
 10
87.75021590043184
 20
18.04102108204222
 10
82.93116586233168
 20
22.860071120142265
  0
LWPOLYLINE
  5
410
330
1F
100
AcDbEntity
  8
TopLayer
100
AcDbPolyline
 90
1
 70
 0
 43
0.25400050800101603 
 10
93.09118618237244
 20
22.860071120142265
 10
90.5511811023623
 20
22.860071120142265
  0
LWPOLYLINE
  5
411
330
1F
100
AcDbEntity
  8
TopLayer
100
AcDbPolyline
 90
4
 70
 0
 43
0.25400050800101603 
 10
92.45608331216658
 20
8.041021082042107
 10
93.51219202438415
 20
8.041021082042107
 10
95.88519177038347
 20
10.414020828041657
 10
95.88519177038347
 20
14.61191262382522
 10
92.45608331216658
 20
18.04102108204222
  0
LWPOLYLINE
  5
412
330
1F
100
AcDbEntity
  8
TopLayer
100
AcDbPolyline
 90
2
 70
 0
 43
0.25400050800101603 
 10
82.93116586233168
 20
22.860071120142265
 10
82.93116586233168
 20
15.520167640335217
 10
81.76212852425715
 20
14.351130302260572
  0
LWPOLYLINE
  5
413
330
1F
100
AcDbEntity
  8
TopLayer
100
AcDbPolyline
 90
2
 70
 0
 43
0.25400050800101603 
 10
76.76212852425692
 20
14.351130302260572
 10
76.76212852425692
 20
19.231038862077753
 10
80.39116078232155
 20
22.860071120142265
  0
LWPOLYLINE
  5
414
330
1F
100
AcDbEntity
  8
TopLayer
100
AcDbPolyline
 90
1
 70
 0
 43
0.25400050800101603 
 10
80.39116078232155
 20
22.860071120142265
 10
80.39116078232155
 20
25.408686817373678
  0
LWPOLYLINE
  5
415
330
1F
100
AcDbEntity
  8
TopLayer
100
AcDbPolyline
 90
1
 70
 0
 43
0.25400050800101603 
 10
72.77114554229115
 20
26.915417830835622
 10
75.31115062230128
 20
26.915417830835622
  0
LWPOLYLINE
  5
416
330
1F
100
AcDbEntity
  8
TopLayer
100
AcDbPolyline
 90
1
 70
 0
 43
0.25400050800101603 
 10
75.31115062230128
 20
26.915417830835622
 10
77.85115570231142
 20
26.915417830835622
  0
LWPOLYLINE
  5
417
330
1F
100
AcDbEntity
  8
TopLayer
100
AcDbPolyline
 90
1
 70
 0
 43
0.25400050800101603 
 10
77.85115570231142
 20
26.915417830835622
 10
80.39116078232155
 20
26.915417830835622
  0
LWPOLYLINE
  5
418
330
1F
100
AcDbEntity
  8
TopLayer
100
AcDbPolyline
 90
4
 70
 0
 43
0.25400050800101603 
 10
61.76212852425715
 20
14.351130302260572
 10
61.76212852425715
 20
18.756032512065076
 10
60.57912115824229
 20
19.939039878079825
 10
60.57912115824229
 20
22.35207010414024
 10
60.07112014224026
 20
22.860071120142265
  0
LWPOLYLINE
  5
419
330
1F
100
AcDbEntity
  8
TopLayer
100
AcDbPolyline
 90
4
 70
 0
 43
0.25400050800101603 
 10
61.76212852425715
 20
14.351130302260572
 10
61.849022098044315
 20
14.351130302260572
 10
64.3891287782576
 20
11.811023622047287
 10
69.22202184404387
 20
11.811023622047287
 10
71.76212852425715
 20
14.351130302260572
  0
LWPOLYLINE
  5
41a
330
1F
100
AcDbEntity
  8
TopLayer
100
AcDbPolyline
 90
4
 70
 0
 43
0.25400050800101603 
 10
71.76212852425715
 20
14.351130302260572
 10
71.76212852425715
 20
14.217043434086804
 10
74.29514859029723
 20
11.684023368046724
 10
79.09502159004319
 20
11.684023368046724
 10
81.76212852425715
 20
14.351130302260572
  0
LWPOLYLINE
  5
41b
330
1F
100
AcDbEntity
  8
TopLayer
100
AcDbPolyline
 90
1
 70
 0
 43
0.25400050800101603 
 10
77.85115570231142
 20
22.860071120142265
 10
77.85115570231142
 20
25.408686817373678
  0
LWPOLYLINE
  5
41c
330
1F
100
AcDbEntity
  8
TopLayer
100
AcDbPolyline
 90
1
 70
 0
 43
0.25400050800101603 
 10
75.31115062230128
 20
25.408686817373678
 10
75.31115062230128
 20
22.860071120142265
  0
LWPOLYLINE
  5
41d
330
1F
100
AcDbEntity
  8
TopLayer
100
AcDbPolyline
 90
1
 70
 0
 43
0.25400050800101603 
 10
72.77114554229115
 20
22.860071120142265
 10
72.77114554229115
 20
25.408686817373678
  0
LWPOLYLINE
  5
41e
330
1F
100
AcDbEntity
  8
TopLayer
100
AcDbPolyline
 90
4
 70
 0
 43
0.25400050800101603 
 10
70.23114046228102
 20
22.860071120142265
 10
70.23114046228102
 20
22.225044450088944
 10
68.45313690627381
 20
20.44704089408185
 10
63.45313690627381
 20
20.44704089408185
 10
61.76212852425715
 20
18.756032512065076
  0
LWPOLYLINE
  5
41f
330
1F
100
AcDbEntity
  8
TopLayer
100
AcDbPolyline
 90
3
 70
 0
 43
0.25400050800101603 
 10
65.15113030226053
 20
22.860071120142265
 10
65.15113030226053
 20
23.114046228092434
 10
68.95250190500383
 20
26.915417830835622
 10
72.77114554229115
 20
26.915417830835622
  0
LWPOLYLINE
  5
420
330
1F
100
AcDbEntity
  8
TopLayer
100
AcDbPolyline
 90
4
 70
 0
 43
0.25400050800101603 
 10
66.76212852425692
 20
14.350876301752692
 10
66.76212852425692
 20
14.819024638049314
 10
71.1201422402844
 20
19.177038354076785
 10
74.16812293624594
 20
19.177038354076785
 10
77.85115570231142
 20
22.860071120142265
  0
LWPOLYLINE
  5
421
330
1F
100
AcDbEntity
  8
TopLayer
100
AcDbPolyline
 90
1
 70
 0
 43
0.25400050800101603 
 10
50.800101600203334
 20
33.27406654813308
 10
50.800101600203334
 20
35.18770637541286
  0
LWPOLYLINE
  5
422
330
1F
100
AcDbEntity
  8
TopLayer
100
AcDbPolyline
 90
1
 70
 0
 43
0.25400050800101603 
 10
42.54508509017023
 20
33.40106680213364
 10
42.54508509017023
 20
35.44170688341387
  0
LWPOLYLINE
  5
423
330
1F
100
AcDbEntity
  8
TopLayer
100
AcDbPolyline
 90
5
 70
 0
 43
0.25400050800101603 
 10
42.54508509017023
 20
36.94843789687582
 10
42.54508509017023
 20
37.08407416814839
 10
43.688087376174735
 20
38.22707645415289
 10
43.688087376174735
 20
39.62407924815852
 10
42.67208534417068
 20
40.640081280162576
 10
41.52908305816618
 20
40.640081280162576
  0
LWPOLYLINE
  5
424
330
1F
100
AcDbEntity
  8
TopLayer
100
AcDbPolyline
 90
5
 70
 0
 43
0.25400050800101603 
 10
50.800101600203334
 20
36.6944373888748
 10
50.800101600203334
 20
37.338074676149404
 10
51.68910337820671
 20
38.22707645415289
 10
51.68910337820671
 20
39.62407924815852
 10
50.800101600203334
 20
40.513081026162126
 10
49.27609855219703
 20
40.513081026162126
  0
LWPOLYLINE
  5
425
330
1F
100
AcDbEntity
  8
TopLayer
100
AcDbPolyline
 90
1
 70
 0
 43
0.25400050800101603 
 10
35.179070358140734
 20
33.52806705613409
 10
35.179070358140734
 20
35.44170688341387
  0
LWPOLYLINE
  5
426
330
1F
100
AcDbEntity
  8
TopLayer
100
AcDbPolyline
 90
5
 70
 0
 43
0.25400050800101603 
 10
35.179070358140734
 20
36.94846329692666
 10
35.179070358140734
 20
38.22707645415289
 10
35.68707137414276
 20
38.73507747015492
 10
35.68707137414276
 20
39.878079756159536
 10
34.925069850139835
 20
40.640081280162576
 10
33.14706629413263
 20
40.640081280162576
  0
LWPOLYLINE
  5
427
330
1F
100
AcDbEntity
  8
TopLayer
100
AcDbPolyline
 90
1
 70
 0
 43
0.25400050800101603 
 10
26.162052324104707
 20
35.695707391414885
 10
26.162052324104707
 20
33.782067564135104
  0
LWPOLYLINE
  5
428
330
1F
100
AcDbEntity
  8
TopLayer
100
AcDbPolyline
 90
5
 70
 0
 43
0.25400050800101603 
 10
26.162052324104707
 20
37.20243840487683
 10
26.162052324104707
 20
38.60807721615447
 10
26.670053340106733
 20
39.1160782321565
 10
26.670053340106733
 20
40.0050800101601
 10
26.035052070104257
 20
40.640081280162576
 10
23.749047498095024
 20
40.640081280162576
  0
LWPOLYLINE
  5
429
330
1F
100
AcDbEntity
  8
TopLayer
100
AcDbPolyline
 90
1
 70
 0
 43
0.25400050800101603 
 10
23.622047244094574
 20
23.867411734823463
 10
23.622047244094574
 20
26.162052324104707
  0
LWPOLYLINE
  5
42a
330
1F
100
AcDbEntity
  8
TopLayer
100
AcDbPolyline
 90
1
 70
 0
 43
0.25400050800101603 
 10
32.6390652781306
 20
23.867411734823463
 10
32.6390652781306
 20
25.908051816103693
  0
LWPOLYLINE
  5
42b
330
1F
100
AcDbEntity
  8
TopLayer
100
AcDbPolyline
 90
1
 70
 0
 43
0.25400050800101603 
 10
40.0050800101601
 20
23.867411734823463
 10
40.0050800101601
 20
25.78105156210313
  0
LWPOLYLINE
  5
42c
330
1F
100
AcDbEntity
  8
TopLayer
100
AcDbPolyline
 90
1
 70
 0
 43
0.25400050800101603 
 10
48.260096520192974
 20
23.740411480823013
 10
48.260096520192974
 20
25.65405130810268
  0
LWPOLYLINE
  5
42d
330
1F
100
AcDbEntity
  8
TopLayer
100
AcDbPolyline
 90
7
 70
 0
 43
0.25400050800101603 
 10
48.260096520192974
 20
22.233680467360955
 10
46.98145796291601
 20
22.233680467360955
 10
46.355092710185545
 20
22.86004572009142
 10
46.355092710185545
 20
26.41605283210572
 10
48.260096520192974
 20
28.321056642113263
 10
50.800101600203334
 20
28.321056642113263
 10
62.611125222250394
 20
40.13208026416055
 10
62.611125222250394
 20
45.7201168402338
  0
LWPOLYLINE
  5
42e
330
1F
100
AcDbEntity
  8
TopLayer
100
AcDbPolyline
 90
9
 70
 0
 43
0.25400050800101603 
 10
40.0050800101601
 20
22.36068072136152
 10
44.56845313690633
 20
22.36068072136152
 10
46.10109220218442
 20
20.828041656083315
 10
49.02209804419613
 20
20.828041656083315
 10
51.05410210820423
 20
22.86004572009142
 10
51.05410210820423
 20
24.003048006096037
 10
52.57810515621031
 20
25.527051054102117
 10
52.57810515621031
 20
29.210058420116866
 10
65.15113030226053
 20
41.78308356616719
 10
65.15113030226053
 20
45.7201168402338
  0
LWPOLYLINE
  5
42f
330
1F
100
AcDbEntity
  8
TopLayer
100
AcDbPolyline
 90
11
 70
 0
 43
0.25400050800101603 
 10
32.6390652781306
 20
22.36068072136152
 10
35.5514351028703
 20
22.36068072136152
 10
36.95707391414794
 20
20.955041910083878
 10
45.085090170180365
 20
20.955041910083878
 10
45.72009144018284
 20
20.320040640081288
 10
49.403098806197704
 20
20.320040640081288
 10
51.68910337820671
 20
22.606045212090407
 10
51.68910337820671
 20
23.62204724409446
 10
53.594107188214366
 20
25.527051054102117
 10
53.594107188214366
 20
28.956057912115853
 10
67.69113538227089
 20
43.05308610617226
 10
67.69113538227089
 20
45.7201168402338
  0
LWPOLYLINE
  5
430
330
1F
100
AcDbEntity
  8
TopLayer
100
AcDbPolyline
 90
9
 70
 0
 43
0.25400050800101603 
 10
23.622047244094574
 20
22.36068072136152
 10
28.43942087884193
 20
22.36068072136152
 10
30.988061976124072
 20
19.81203962407926
 10
50.03810007620018
 20
19.81203962407926
 10
52.45110490220986
 20
22.225044450088944
 10
52.45110490220986
 20
23.368046736093447
 10
54.35610871221752
 20
25.273050546101103
 10
54.35610871221752
 20
28.06705613411225
 10
70.23114046228102
 20
43.94208788417575
 10
70.23114046228102
 20
45.7201168402338
  0
LWPOLYLINE
  5
431
330
1F
100
AcDbEntity
  8
TopLayer
100
AcDbPolyline
 90
2
 70
 0
 43
0.25400050800101603 
 10
3.9300228600457103
 20
14.351130302260572
 10
3.8100076200153126
 20
14.471145542291197
 10
3.8100076200153126
 20
20.709677419354875
  0
LWPOLYLINE
  5
432
330
1F
100
AcDbEntity
  8
TopLayer
100
AcDbPolyline
 90
10
 70
 0
 43
0.25400050800101603 
 10
75.56515113030218
 20
45.720091440182955
 10
75.56515113030218
 20
44.19606299212592
 10
68.83413766827539
 20
37.46504953009901
 10
68.83413766827539
 20
36.70304800609597
 10
58.166116332232605
 20
26.0350266700533
 10
58.166116332232605
 20
19.93901447802898
 10
54.73710947421887
 20
16.510007620015244
 10
54.73710947421887
 20
10.286995173990363
 10
50.41910083820176
 20
5.968986537973024
 10
12.56614173228354
 20
5.968986537973024
 10
4.18402336804661
 20
14.35110490220984
  0
LWPOLYLINE
  5
433
330
1F
100
AcDbEntity
  8
TopLayer
100
AcDbPolyline
 90
4
 70
 0
 43
0.511988823977648 
 10
51.39370078740171
 20
45.720091440182955
 10
47.75209550419095
 20
45.720091440182955
 10
45.72009144018284
 20
43.688087376174735
 10
45.72009144018284
 20
35.814071628143324
 10
48.260096520192974
 20
33.27406654813308
  0
LWPOLYLINE
  5
434
330
1F
100
AcDbEntity
  8
TopLayer
100
AcDbPolyline
 90
7
 70
 0
 43
0.511988823977648 
 10
54.778511557022966
 20
45.720091440182955
 10
54.778511557022966
 20
45.50749301498604
 10
53.34010668021347
 20
44.06908813817631
 10
48.64109728219455
 20
44.06908813817631
 10
47.11709423418847
 20
42.54508509017023
 10
47.11709423418847
 20
40.13208026416055
 10
48.006096012192074
 20
39.243078486156946
 10
49.27609855219703
 20
39.243078486156946
  0
LWPOLYLINE
  5
435
330
1F
100
AcDbEntity
  8
TopLayer
100
AcDbPolyline
 90
3
 70
 0
 43
0.511988823977648 
 10
38.77647955295902
 20
45.847091694183405
 10
38.77647955295902
 20
40.85267970535938
 10
40.259080518161
 20
39.37007874015751
 10
41.52908305816618
 20
39.37007874015751
  0
LWPOLYLINE
  5
436
330
1F
100
AcDbEntity
  8
TopLayer
100
AcDbPolyline
 90
2
 70
 0
 43
0.511988823977648 
 10
38.77647955295902
 20
45.847091694183405
 10
40.691135382270886
 20
45.847091694183405
 10
47.27508255016528
 20
52.431038862077685
  0
LWPOLYLINE
  5
437
330
1F
100
AcDbEntity
  8
TopLayer
100
AcDbPolyline
 90
2
 70
 0
 43
0.511988823977648 
 10
54.778511557022966
 20
45.720091440182955
 10
56.566167132334385
 20
45.720091440182955
 10
63.27711455422923
 20
52.431038862077685
  0
LWPOLYLINE
  5
438
330
1F
100
AcDbEntity
  8
TopLayer
100
AcDbPolyline
 90
2
 70
 0
 43
0.511988823977648 
 10
51.39370078740171
 20
45.720091440182955
 10
51.39370078740171
 20
52.314452628905315
 10
51.277114554229
 20
52.431038862077685
  0
LWPOLYLINE
  5
439
330
1F
100
AcDbEntity
  8
TopLayer
100
AcDbPolyline
 90
2
 70
 0
 43
0.511988823977648 
 10
35.391668783337764
 20
45.847091694183405
 10
35.391668783337764
 20
52.314452628905315
 10
35.27508255016505
 20
52.431038862077685
  0
LWPOLYLINE
  5
43a
330
1F
100
AcDbEntity
  8
TopLayer
100
AcDbPolyline
 90
2
 70
 0
 43
0.511988823977648 
 10
24.04445008890002
 20
45.847091694183405
 10
24.68910337820671
 20
45.847091694183405
 10
31.273050546101103
 20
52.431038862077685
  0
LWPOLYLINE
  5
43b
330
1F
100
AcDbEntity
  8
TopLayer
100
AcDbPolyline
 90
3
 70
 0
 43
0.511988823977648 
 10
24.04445008890002
 20
45.847091694183405
 10
25.273050546101103
 20
45.847091694183405
 10
31.750063500127
 20
39.37007874015751
 10
33.14706629413263
 20
39.37007874015751
  0
LWPOLYLINE
  5
43c
330
1F
100
AcDbEntity
  8
TopLayer
100
AcDbPolyline
 90
4
 70
 0
 43
0.511988823977648 
 10
35.391668783337764
 20
45.847091694183405
 10
35.391668783337764
 20
44.23749047498097
 10
37.21107442214884
 20
42.41808483616967
 10
37.21107442214884
 20
36.19507239014479
 10
40.0050800101601
 20
33.40106680213364
  0
LWPOLYLINE
  5
43d
330
1F
100
AcDbEntity
  8
TopLayer
100
AcDbPolyline
 90
2
 70
 0
 43
0.511988823977648 
 10
20.659639319278767
 20
45.847091694183405
 10
20.659639319278767
 20
51.04445008890025
 10
19.273050546101103
 20
52.431038862077685
  0
LWPOLYLINE
  5
43e
330
1F
100
AcDbEntity
  8
TopLayer
100
AcDbPolyline
 90
5
 70
 0
 43
0.511988823977648 
 10
32.6390652781306
 20
33.52806705613409
 10
32.6390652781306
 20
36.95707391414783
 10
26.162052324104707
 20
43.43408686817372
 10
21.971043942087817
 20
43.43408686817372
 10
20.659639319278767
 20
44.745491490983
 10
20.659639319278767
 20
45.847091694183405
  0
LWPOLYLINE
  5
43f
330
1F
100
AcDbEntity
  8
TopLayer
100
AcDbPolyline
 90
6
 70
 0
 43
0.511988823977648 
 10
23.749047498095024
 20
39.37007874015751
 10
22.60604521209052
 20
39.37007874015751
 10
20.320040640081288
 20
41.65608331216663
 10
20.320040640081288
 20
43.688087376174735
 10
18.034036068072055
 20
45.97409194818397
 10
18.034036068072055
 20
49.668021336042784
 10
15.271018542037154
 20
52.431038862077685
  0
LWPOLYLINE
  5
440
330
1F
100
AcDbEntity
  8
TopLayer
100
AcDbPolyline
 90
4
 70
 0
 43
0.511988823977648 
 10
3.2710185420371545
 20
52.431038862077685
 10
5.059944119888314
 20
52.431038862077685
 10
7.747015494031075
 20
55.118110236220446
 10
16.585979171958343
 20
55.118110236220446
 10
19.273050546101103
 20
52.431038862077685
  0
LWPOLYLINE
  5
441
330
1F
100
AcDbEntity
  8
TopLayer
100
AcDbPolyline
 90
2
 70
 0
 43
0.511988823977648 
 10
6.64541529083067
 20
45.97409194818397
 10
8.81407162814321
 20
45.97409194818397
 10
15.271018542037154
 20
52.431038862077685
  0
LWPOLYLINE
  5
442
330
1F
100
AcDbEntity
  8
TopLayer
100
AcDbPolyline
 90
1
 70
 0
 43
0.511988823977648 
 10
3.2613665227331694
 20
45.97409194818397
 10
3.2715265430531417
 20
52.430784861569805
  0
LWPOLYLINE
  5
443
330
1F
100
AcDbEntity
  8
TopLayer
100
AcDbPolyline
 90
4
 70
 0
 43
0.511988823977648 
 10
23.622047244094574
 20
33.782067564135104
 10
23.622047244094574
 20
33.52806705613409
 10
25.400050800101553
 20
31.750063500127
 10
30.861061722123395
 20
31.750063500127
 10
32.6390652781306
 20
33.52806705613409
  0
LWPOLYLINE
  5
444
330
1F
100
AcDbEntity
  8
TopLayer
100
AcDbPolyline
 90
3
 70
 0
 43
0.511988823977648 
 10
32.6390652781306
 20
33.52806705613409
 10
34.41706883413758
 20
31.750063500127
 10
38.35407670815334
 20
31.750063500127
 10
40.0050800101601
 20
33.40106680213364
  0
LWPOLYLINE
  5
445
330
1F
100
AcDbEntity
  8
TopLayer
100
AcDbPolyline
 90
3
 70
 0
 43
0.511988823977648 
 10
40.0050800101601
 20
33.40106680213364
 10
41.65608331216663
 20
31.750063500127
 10
46.736093472186894
 20
31.750063500127
 10
48.260096520192974
 20
33.27406654813308
  0
LWPOLYLINE
  5
446
330
1F
100
AcDbEntity
  8
TopLayer
100
AcDbPolyline
 90
6
 70
 0
 43
0.511988823977648 
 10
35.1390652781306
 20
14.351130302260572
 10
35.05196850393713
 20
14.351130302260572
 10
30.09906019812047
 20
19.304038608077235
 10
24.25704851409705
 20
19.304038608077235
 10
21.46304292608579
 20
22.09804419608838
 10
21.46304292608579
 20
31.62306324612655
 10
23.622047244094574
 20
33.782067564135104
  0
LWPOLYLINE
  5
447
330
1F
100
AcDbEntity
  8
TopLayer
100
AcDbPolyline
 90
2
 70
 0
 43
0.511988823977648 
 10
51.76212852425715
 20
14.351130302260572
 10
51.76212852425715
 20
18.758216916433867
 10
56.118008636017294
 20
23.114097028194124
  0
LWPOLYLINE
  5
448
330
1F
100
AcDbEntity
  8
TopLayer
100
AcDbPolyline
 90
5
 70
 0
 43
0.511988823977648 
 10
75.20005080010174
 20
50.54615189230378
 10
75.20005080010174
 20
49.768199136398266
 10
76.58115316230646
 20
48.38709677419354
 10
76.58115316230646
 20
43.688087376174735
 10
78.47752095504211
 20
41.7917195834392
 10
80.39116078232155
 20
41.7917195834392
  0
LWPOLYLINE
  5
449
330
1F
100
AcDbEntity
  8
TopLayer
100
AcDbPolyline
 90
4
 70
 0
 43
0.511988823977648 
 10
26.162052324104707
 20
26.162052324104707
 10
29.337058674117316
 20
26.162052324104707
 10
30.988061976124072
 20
27.813055626111236
 10
33.27406654813308
 20
27.813055626111236
 10
35.179070358140734
 20
25.908051816103693
  0
LWPOLYLINE
  5
44a
330
1F
100
AcDbEntity
  8
TopLayer
100
AcDbPolyline
 90
4
 70
 0
 43
0.511988823977648 
 10
35.179070358140734
 20
25.908051816103693
 10
36.19507239014479
 20
25.908051816103693
 10
37.973075946151994
 20
27.686055372110786
 10
40.640081280162576
 20
27.686055372110786
 10
42.54508509017023
 20
25.78105156210313
  0
LWPOLYLINE
  5
44b
330
1F
100
AcDbEntity
  8
TopLayer
100
AcDbPolyline
 90
2
 70
 0
 43
1.5000000000000002 
 10
70.68516637033281
 20
59.43599187198379
 10
20.46570993141995
 20
59.43599187198379
 10
15.270510541021167
 20
64.63119126238257
  0
LWPOLYLINE
  5
44c
330
1F
100
AcDbEntity
  8
TopLayer
100
AcDbPolyline
 90
2
 70
 0
 43
0.5 
 10
75.20005080010174
 20
50.54615189230378
 10
75.20005080010174
 20
53.48300736601482
 10
77.72415544831097
 20
56.00711201422405
  0
LWPOLYLINE
  5
44d
330
1F
100
AcDbEntity
  8
TopLayer
100
AcDbPolyline
 90
4
 70
 0
 43
1.5000000000000002 
 10
8.93002286004571
 20
14.351130302260572
 10
8.93002286004571
 20
13.295021590043234
 10
12.065024130048187
 20
10.160020320040644
 10
14.738912877825669
 20
10.160020320040644
 10
18.93002286004571
 20
14.351130302260572
  0
LWPOLYLINE
  5
44e
330
1F
100
AcDbEntity
  8
TopLayer
100
AcDbPolyline
 90
4
 70
 0
 43
1.5000000000000002 
 10
18.93002286004571
 20
14.351130302260572
 10
18.93002286004571
 20
13.328041656083315
 10
22.098044196088495
 20
10.160020320040644
 10
25.947955295910788
 20
10.160020320040644
 10
30.1390652781306
 20
14.351130302260572
  0
LWPOLYLINE
  5
44f
330
1F
100
AcDbEntity
  8
TopLayer
100
AcDbPolyline
 90
4
 70
 0
 43
1.5000000000000002 
 10
30.1390652781306
 20
14.351130302260572
 10
30.1390652781306
 20
11.898018796037718
 10
32.385064770129475
 20
9.652019304038618
 10
35.439954279908534
 20
9.652019304038618
 10
40.1390652781306
 20
14.351130302260572
  0
LWPOLYLINE
  5
450
330
1F
100
AcDbEntity
  8
TopLayer
100
AcDbPolyline
 90
4
 70
 0
 43
1.5000000000000002 
 10
40.1390652781306
 20
14.351130302260572
 10
40.1390652781306
 20
13.328041656083315
 10
44.19608839217676
 20
9.271018542037154
 10
46.682016764033506
 20
9.271018542037154
 10
51.76212852425715
 20
14.351130302260572
  0
LWPOLYLINE
  5
451
330
1F
100
AcDbEntity
  8
TopLayer
100
AcDbPolyline
 90
1
 70
 0
 43
1.5000000000000002 
 10
80.39116078232155
 20
26.915417830835622
 10
80.39116078232155
 20
41.7917195834392
  0
LWPOLYLINE
  5
452
330
1F
100
AcDbEntity
  8
TopLayer
100
AcDbPolyline
 90
1
 70
 0
 43
1.5000000000000002 
 10
62.611125222250394
 20
22.860071120142265
 10
65.15113030226053
 20
22.860071120142265
  0
LWPOLYLINE
  5
453
330
1F
100
AcDbEntity
  8
TopLayer
100
AcDbPolyline
 90
13
 70
 0
 43
0.5 
 10
77.72415544831097
 20
56.00711201422405
 10
77.72415544831097
 20
60.07112014224026
 10
79.3751587503175
 20
61.722123444246904
 10
97.40919481838978
 20
61.722123444246904
 10
98.67919735839473
 20
60.45212090424184
 10
98.67919735839473
 20
8.382016764033551
 10
96.01219202438415
 20
5.715011430022855
 10
54.22910845821684
 20
5.715011430022855
 10
50.41910083820176
 20
1.9050038100076563
 10
9.525019050038054
 20
1.9050038100076563
 10
1.651003302006643
 20
9.779019558039181
 10
1.651003302006643
 20
20.828041656083315
 10
3.0393700787401485
 20
22.21640843281682
 10
3.8100076200153126
 20
22.21640843281682
  0
LWPOLYLINE
  5
454
330
1F
100
AcDbEntity
  8
TopSilkLayer
100
AcDbPolyline
 90
1
 70
 0
 43
0.152 
 10
51.50609601219185
 20
44.96494792989586
 10
51.67993395986787
 20
44.96494792989586
  0
LWPOLYLINE
  5
455
330
1F
100
AcDbEntity
  8
TopSilkLayer
100
AcDbPolyline
 90
1
 70
 0
 43
0.152 
 10
51.50609601219185
 20
46.47523495046994
 10
51.67993395986787
 20
46.47523495046994
  0
LWPOLYLINE
  5
456
330
1F
100
AcDbEntity
  8
TopSilkLayer
100
AcDbPolyline
 90
2
 70
 0
 43
0.152 
 10
51.50609601219185
 20
46.47523495046994
 10
51.50609601219185
 20
46.58628397256791
 10
51.67993395986787
 20
46.58628397256791
  0
LWPOLYLINE
  5
457
330
1F
100
AcDbEntity
  8
TopSilkLayer
100
AcDbPolyline
 90
2
 70
 0
 43
0.152 
 10
51.67993395986787
 20
44.853898907797884
 10
51.50609601219185
 20
44.853898907797884
 10
51.50609601219185
 20
44.96494792989586
  0
LWPOLYLINE
  5
458
330
1F
100
AcDbEntity
  8
TopSilkLayer
100
AcDbPolyline
 90
1
 70
 0
 43
0.152 
 10
51.67993395986787
 20
44.96494792989586
 10
51.67993395986787
 20
44.853898907797884
  0
LWPOLYLINE
  5
459
330
1F
100
AcDbEntity
  8
TopSilkLayer
100
AcDbPolyline
 90
1
 70
 0
 43
0.152 
 10
51.67993395986787
 20
46.58628397256791
 10
51.67993395986787
 20
46.47523495046994
  0
LWPOLYLINE
  5
45a
330
1F
100
AcDbEntity
  8
TopSilkLayer
100
AcDbPolyline
 90
1
 70
 0
 43
0.152 
 10
52.25897891795785
 20
46.58628397256791
 10
52.25897891795785
 20
44.853898907797884
  0
LWPOLYLINE
  5
45b
330
1F
100
AcDbEntity
  8
TopSilkLayer
100
AcDbPolyline
 90
1
 70
 0
 43
0.15240030480060962 
 10
52.11610363220734
 20
46.58628397256791
 10
52.11610363220734
 20
44.853898907797884
  0
LWPOLYLINE
  5
45c
330
1F
100
AcDbEntity
  8
TopSilkLayer
100
AcDbPolyline
 90
1
 70
 0
 43
0.15240030480060962 
 10
51.67993395986787
 20
46.58628397256791
 10
54.49227838455681
 20
46.58628397256791
  0
LWPOLYLINE
  5
45d
330
1F
100
AcDbEntity
  8
TopSilkLayer
100
AcDbPolyline
 90
1
 70
 0
 43
0.15240030480060962 
 10
54.49227838455681
 20
46.58628397256791
 10
54.49227838455681
 20
46.41828803657609
  0
LWPOLYLINE
  5
45e
330
1F
100
AcDbEntity
  8
TopSilkLayer
100
AcDbPolyline
 90
1
 70
 0
 43
0.15240030480060962 
 10
51.67993395986787
 20
44.853898907797884
 10
54.49227838455681
 20
44.853898907797884
  0
LWPOLYLINE
  5
45f
330
1F
100
AcDbEntity
  8
TopSilkLayer
100
AcDbPolyline
 90
1
 70
 0
 43
0.15240030480060962 
 10
54.49227838455681
 20
44.853898907797884
 10
54.49227838455681
 20
45.02189484378971
  0
LWPOLYLINE
  5
460
330
1F
100
AcDbEntity
  8
TopSilkLayer
100
AcDbPolyline
 90
1
 70
 0
 43
0.152 
 10
35.5040640081279
 20
45.09194818389642
 10
35.67790195580392
 20
45.09194818389642
  0
LWPOLYLINE
  5
461
330
1F
100
AcDbEntity
  8
TopSilkLayer
100
AcDbPolyline
 90
1
 70
 0
 43
0.152 
 10
35.5040640081279
 20
46.60223520447039
 10
35.67790195580392
 20
46.60223520447039
  0
LWPOLYLINE
  5
462
330
1F
100
AcDbEntity
  8
TopSilkLayer
100
AcDbPolyline
 90
2
 70
 0
 43
0.152 
 10
35.5040640081279
 20
46.60223520447039
 10
35.5040640081279
 20
46.713284226568476
 10
35.67790195580392
 20
46.713284226568476
  0
LWPOLYLINE
  5
463
330
1F
100
AcDbEntity
  8
TopSilkLayer
100
AcDbPolyline
 90
2
 70
 0
 43
0.152 
 10
35.67790195580392
 20
44.98089916179845
 10
35.5040640081279
 20
44.98089916179845
 10
35.5040640081279
 20
45.09194818389642
  0
LWPOLYLINE
  5
464
330
1F
100
AcDbEntity
  8
TopSilkLayer
100
AcDbPolyline
 90
1
 70
 0
 43
0.152 
 10
35.67790195580392
 20
45.09194818389642
 10
35.67790195580392
 20
44.98089916179845
  0
LWPOLYLINE
  5
465
330
1F
100
AcDbEntity
  8
TopSilkLayer
100
AcDbPolyline
 90
1
 70
 0
 43
0.152 
 10
35.67790195580392
 20
46.713284226568476
 10
35.67790195580392
 20
46.60223520447039
  0
LWPOLYLINE
  5
466
330
1F
100
AcDbEntity
  8
TopSilkLayer
100
AcDbPolyline
 90
1
 70
 0
 43
0.152 
 10
36.2569469138939
 20
46.713284226568476
 10
36.2569469138939
 20
44.98089916179845
  0
LWPOLYLINE
  5
467
330
1F
100
AcDbEntity
  8
TopSilkLayer
100
AcDbPolyline
 90
1
 70
 0
 43
0.15240030480060962 
 10
36.114071628143165
 20
46.713284226568476
 10
36.114071628143165
 20
44.98089916179845
  0
LWPOLYLINE
  5
468
330
1F
100
AcDbEntity
  8
TopSilkLayer
100
AcDbPolyline
 90
1
 70
 0
 43
0.15240030480060962 
 10
35.67790195580392
 20
46.713284226568476
 10
38.49024638049286
 20
46.713284226568476
  0
LWPOLYLINE
  5
469
330
1F
100
AcDbEntity
  8
TopSilkLayer
100
AcDbPolyline
 90
1
 70
 0
 43
0.15240030480060962 
 10
38.49024638049286
 20
46.713284226568476
 10
38.49024638049286
 20
46.545288290576536
  0
LWPOLYLINE
  5
46a
330
1F
100
AcDbEntity
  8
TopSilkLayer
100
AcDbPolyline
 90
1
 70
 0
 43
0.15240030480060962 
 10
35.67790195580392
 20
44.98089916179845
 10
38.49024638049286
 20
44.98089916179845
  0
LWPOLYLINE
  5
46b
330
1F
100
AcDbEntity
  8
TopSilkLayer
100
AcDbPolyline
 90
1
 70
 0
 43
0.15240030480060962 
 10
38.49024638049286
 20
44.98089916179845
 10
38.49024638049286
 20
45.14889509779027
  0
LWPOLYLINE
  5
46c
330
1F
100
AcDbEntity
  8
TopSilkLayer
100
AcDbPolyline
 90
1
 70
 0
 43
0.152 
 10
20.77203454406913
 20
45.09194818389642
 10
20.94587249174492
 20
45.09194818389642
  0
LWPOLYLINE
  5
46d
330
1F
100
AcDbEntity
  8
TopSilkLayer
100
AcDbPolyline
 90
1
 70
 0
 43
0.152 
 10
20.77203454406913
 20
46.60223520447039
 10
20.94587249174492
 20
46.60223520447039
  0
LWPOLYLINE
  5
46e
330
1F
100
AcDbEntity
  8
TopSilkLayer
100
AcDbPolyline
 90
2
 70
 0
 43
0.152 
 10
20.77203454406913
 20
46.60223520447039
 10
20.77203454406913
 20
46.713284226568476
 10
20.94587249174492
 20
46.713284226568476
  0
LWPOLYLINE
  5
46f
330
1F
100
AcDbEntity
  8
TopSilkLayer
100
AcDbPolyline
 90
2
 70
 0
 43
0.152 
 10
20.94587249174492
 20
44.98089916179845
 10
20.77203454406913
 20
44.98089916179845
 10
20.77203454406913
 20
45.09194818389642
  0
LWPOLYLINE
  5
470
330
1F
100
AcDbEntity
  8
TopSilkLayer
100
AcDbPolyline
 90
1
 70
 0
 43
0.152 
 10
20.94587249174492
 20
45.09194818389642
 10
20.94587249174492
 20
44.98089916179845
  0
LWPOLYLINE
  5
471
330
1F
100
AcDbEntity
  8
TopSilkLayer
100
AcDbPolyline
 90
1
 70
 0
 43
0.152 
 10
20.94587249174492
 20
46.713284226568476
 10
20.94587249174492
 20
46.60223520447039
  0
LWPOLYLINE
  5
472
330
1F
100
AcDbEntity
  8
TopSilkLayer
100
AcDbPolyline
 90
1
 70
 0
 43
0.152 
 10
21.524917449834902
 20
46.713284226568476
 10
21.524917449834902
 20
44.98089916179845
  0
LWPOLYLINE
  5
473
330
1F
100
AcDbEntity
  8
TopSilkLayer
100
AcDbPolyline
 90
1
 70
 0
 43
0.15240030480060962 
 10
21.382042164084396
 20
46.713284226568476
 10
21.382042164084396
 20
44.98089916179845
  0
LWPOLYLINE
  5
474
330
1F
100
AcDbEntity
  8
TopSilkLayer
100
AcDbPolyline
 90
1
 70
 0
 43
0.15240030480060962 
 10
20.94587249174492
 20
46.713284226568476
 10
23.758216916433867
 20
46.713284226568476
  0
LWPOLYLINE
  5
475
330
1F
100
AcDbEntity
  8
TopSilkLayer
100
AcDbPolyline
 90
1
 70
 0
 43
0.15240030480060962 
 10
23.758216916433867
 20
46.713284226568476
 10
23.758216916433867
 20
46.545288290576536
  0
LWPOLYLINE
  5
476
330
1F
100
AcDbEntity
  8
TopSilkLayer
100
AcDbPolyline
 90
1
 70
 0
 43
0.15240030480060962 
 10
20.94587249174492
 20
44.98089916179845
 10
23.758216916433867
 20
44.98089916179845
  0
LWPOLYLINE
  5
477
330
1F
100
AcDbEntity
  8
TopSilkLayer
100
AcDbPolyline
 90
1
 70
 0
 43
0.15240030480060962 
 10
23.758216916433867
 20
44.98089916179845
 10
23.758216916433867
 20
45.14889509779027
  0
LWPOLYLINE
  5
478
330
1F
100
AcDbEntity
  8
TopSilkLayer
100
AcDbPolyline
 90
1
 70
 0
 43
0.152 
 10
3.37299974599955
 20
45.21894843789687
 10
3.546837693675343
 20
45.21894843789687
  0
LWPOLYLINE
  5
479
330
1F
100
AcDbEntity
  8
TopSilkLayer
100
AcDbPolyline
 90
1
 70
 0
 43
0.152 
 10
3.37299974599955
 20
46.72923545847095
 10
3.546837693675343
 20
46.72923545847095
  0
LWPOLYLINE
  5
47a
330
1F
100
AcDbEntity
  8
TopSilkLayer
100
AcDbPolyline
 90
2
 70
 0
 43
0.152 
 10
3.37299974599955
 20
46.72923545847095
 10
3.37299974599955
 20
46.840284480568926
 10
3.546837693675343
 20
46.840284480568926
  0
LWPOLYLINE
  5
47b
330
1F
100
AcDbEntity
  8
TopSilkLayer
100
AcDbPolyline
 90
2
 70
 0
 43
0.152 
 10
3.546837693675343
 20
45.1078994157989
 10
3.37299974599955
 20
45.1078994157989
 10
3.37299974599955
 20
45.21894843789687
  0
LWPOLYLINE
  5
47c
330
1F
100
AcDbEntity
  8
TopSilkLayer
100
AcDbPolyline
 90
1
 70
 0
 43
0.152 
 10
3.546837693675343
 20
45.21894843789687
 10
3.546837693675343
 20
45.1078994157989
  0
LWPOLYLINE
  5
47d
330
1F
100
AcDbEntity
  8
TopSilkLayer
100
AcDbPolyline
 90
1
 70
 0
 43
0.152 
 10
3.546837693675343
 20
46.840284480568926
 10
3.546837693675343
 20
46.72923545847095
  0
LWPOLYLINE
  5
47e
330
1F
100
AcDbEntity
  8
TopSilkLayer
100
AcDbPolyline
 90
1
 70
 0
 43
0.152 
 10
4.125882651765323
 20
46.840284480568926
 10
4.125882651765323
 20
45.1078994157989
  0
LWPOLYLINE
  5
47f
330
1F
100
AcDbEntity
  8
TopSilkLayer
100
AcDbPolyline
 90
1
 70
 0
 43
0.15240030480060962 
 10
3.98300736601459
 20
46.840284480568926
 10
3.98300736601459
 20
45.1078994157989
  0
LWPOLYLINE
  5
480
330
1F
100
AcDbEntity
  8
TopSilkLayer
100
AcDbPolyline
 90
1
 70
 0
 43
0.15240030480060962 
 10
3.546837693675343
 20
46.840284480568926
 10
6.359182118364288
 20
46.840284480568926
  0
LWPOLYLINE
  5
481
330
1F
100
AcDbEntity
  8
TopSilkLayer
100
AcDbPolyline
 90
1
 70
 0
 43
0.15240030480060962 
 10
6.359182118364288
 20
46.840284480568926
 10
6.359182118364288
 20
46.6722885445771
  0
LWPOLYLINE
  5
482
330
1F
100
AcDbEntity
  8
TopSilkLayer
100
AcDbPolyline
 90
1
 70
 0
 43
0.15240030480060962 
 10
3.546837693675343
 20
45.1078994157989
 10
6.359182118364288
 20
45.1078994157989
  0
LWPOLYLINE
  5
483
330
1F
100
AcDbEntity
  8
TopSilkLayer
100
AcDbPolyline
 90
1
 70
 0
 43
0.15240030480060962 
 10
6.359182118364288
 20
45.1078994157989
 10
6.359182118364288
 20
45.27589535179072
  0
LWPOLYLINE
  5
484
330
1F
100
AcDbEntity
  8
TopSilkLayer
100
AcDbPolyline
 90
1
 70
 0
 43
0.20066040132080268 
 10
51.07696215392434
 20
38.92557785115571
 10
51.07696215392434
 20
42.10058420116843
  0
LWPOLYLINE
  5
485
330
1F
100
AcDbEntity
  8
TopSilkLayer
100
AcDbPolyline
 90
1
 70
 0
 43
0.20066040132080268 
 10
43.32994665989327
 20
39.05257810515627
 10
43.32994665989327
 20
42.22758445516888
  0
LWPOLYLINE
  5
486
330
1F
100
AcDbEntity
  8
TopSilkLayer
100
AcDbPolyline
 90
1
 70
 0
 43
0.20066040132080268 
 10
34.94792989585994
 20
39.05257810515627
 10
34.94792989585994
 20
42.22758445516888
  0
LWPOLYLINE
  5
487
330
1F
100
AcDbEntity
  8
TopSilkLayer
100
AcDbPolyline
 90
1
 70
 0
 43
0.20066040132080268 
 10
25.54991109982234
 20
39.05257810515627
 10
25.54991109982234
 20
42.22758445516888
  0
LWPOLYLINE
  5
488
330
1F
100
AcDbEntity
  8
TopSilkLayer
100
AcDbPolyline
 90
3
 70
 0
 43
0.15240030480060962 
 10
72.1105410210821
 20
25.735839471679014
 10
72.1105410210821
 20
24.776962153924273
 10
73.4317500635002
 20
24.776962153924273
 10
73.4317500635002
 20
25.735839471679014
  0
LWPOLYLINE
  5
489
330
1F
100
AcDbEntity
  8
TopSilkLayer
100
AcDbPolyline
 90
3
 70
 0
 43
0.15240030480060962 
 10
72.1105410210821
 20
26.5882651765304
 10
72.1105410210821
 20
27.547142494285026
 10
73.4317500635002
 20
27.547142494285026
 10
73.4317500635002
 20
26.5882651765304
  0
LWPOLYLINE
  5
48a
330
1F
100
AcDbEntity
  8
TopSilkLayer
100
AcDbPolyline
 90
3
 70
 0
 43
0.15240030480060962 
 10
74.65054610109223
 20
25.735839471679014
 10
74.65054610109223
 20
24.776962153924273
 10
75.97175514351034
 20
24.776962153924273
 10
75.97175514351034
 20
25.735839471679014
  0
LWPOLYLINE
  5
48b
330
1F
100
AcDbEntity
  8
TopSilkLayer
100
AcDbPolyline
 90
3
 70
 0
 43
0.15240030480060962 
 10
74.65054610109223
 20
26.5882651765304
 10
74.65054610109223
 20
27.547142494285026
 10
75.97175514351034
 20
27.547142494285026
 10
75.97175514351034
 20
26.5882651765304
  0
LWPOLYLINE
  5
48c
330
1F
100
AcDbEntity
  8
TopSilkLayer
100
AcDbPolyline
 90
3
 70
 0
 43
0.15240030480060962 
 10
77.19055118110236
 20
25.735839471679014
 10
77.19055118110236
 20
24.776962153924273
 10
78.51176022352047
 20
24.776962153924273
 10
78.51176022352047
 20
25.735839471679014
  0
LWPOLYLINE
  5
48d
330
1F
100
AcDbEntity
  8
TopSilkLayer
100
AcDbPolyline
 90
3
 70
 0
 43
0.15240030480060962 
 10
77.19055118110236
 20
26.5882651765304
 10
77.19055118110236
 20
27.547142494285026
 10
78.51176022352047
 20
27.547142494285026
 10
78.51176022352047
 20
26.5882651765304
  0
LWPOLYLINE
  5
48e
330
1F
100
AcDbEntity
  8
TopSilkLayer
100
AcDbPolyline
 90
3
 70
 0
 43
0.15240030480060962 
 10
79.7305562611125
 20
25.735839471679014
 10
79.7305562611125
 20
24.776962153924273
 10
81.0517653035306
 20
24.776962153924273
 10
81.0517653035306
 20
25.735839471679014
  0
LWPOLYLINE
  5
48f
330
1F
100
AcDbEntity
  8
TopSilkLayer
100
AcDbPolyline
 90
3
 70
 0
 43
0.15240030480060962 
 10
79.7305562611125
 20
26.5882651765304
 10
79.7305562611125
 20
27.547142494285026
 10
81.0517653035306
 20
27.547142494285026
 10
81.0517653035306
 20
26.5882651765304
  0
LWPOLYLINE
  5
490
330
1F
100
AcDbEntity
  8
TopSilkLayer
100
AcDbPolyline
 90
3
 70
 0
 43
0.15240030480060962 
 10
48.92070104140225
 20
23.413258826517676
 10
48.92070104140225
 20
24.372136144272304
 10
47.59949199898392
 20
24.372136144272304
 10
47.59949199898392
 20
23.413258826517676
  0
LWPOLYLINE
  5
491
330
1F
100
AcDbEntity
  8
TopSilkLayer
100
AcDbPolyline
 90
3
 70
 0
 43
0.15240030480060962 
 10
48.92070104140225
 20
22.560833121666292
 10
48.92070104140225
 20
21.60195580391155
 10
47.59949199898392
 20
21.60195580391155
 10
47.59949199898392
 20
22.560833121666292
  0
LWPOLYLINE
  5
492
330
1F
100
AcDbEntity
  8
TopSilkLayer
100
AcDbPolyline
 90
3
 70
 0
 43
0.15240030480060962 
 10
40.66568453136915
 20
23.540259080518126
 10
40.66568453136915
 20
24.499136398272867
 10
39.34447548895105
 20
24.499136398272867
 10
39.34447548895105
 20
23.540259080518126
  0
LWPOLYLINE
  5
493
330
1F
100
AcDbEntity
  8
TopSilkLayer
100
AcDbPolyline
 90
3
 70
 0
 43
0.15240030480060962 
 10
40.66568453136915
 20
22.687833375666855
 10
40.66568453136915
 20
21.728956057912114
 10
39.34447548895105
 20
21.728956057912114
 10
39.34447548895105
 20
22.687833375666855
  0
LWPOLYLINE
  5
494
330
1F
100
AcDbEntity
  8
TopSilkLayer
100
AcDbPolyline
 90
3
 70
 0
 43
0.15240030480060962 
 10
51.460706121412386
 20
36.367284734569466
 10
51.460706121412386
 20
37.32616205232421
 10
50.139497078994054
 20
37.32616205232421
 10
50.139497078994054
 20
36.367284734569466
  0
LWPOLYLINE
  5
495
330
1F
100
AcDbEntity
  8
TopSilkLayer
100
AcDbPolyline
 90
3
 70
 0
 43
0.15240030480060962 
 10
51.460706121412386
 20
35.51485902971808
 10
51.460706121412386
 20
34.555981711963454
 10
50.139497078994054
 20
34.555981711963454
 10
50.139497078994054
 20
35.51485902971808
  0
LWPOLYLINE
  5
496
330
1F
100
AcDbEntity
  8
TopSilkLayer
100
AcDbPolyline
 90
3
 70
 0
 43
0.15240030480060962 
 10
43.205689611379285
 20
36.62128524257048
 10
43.205689611379285
 20
37.58016256032522
 10
41.88448056896118
 20
37.58016256032522
 10
41.88448056896118
 20
36.62128524257048
  0
LWPOLYLINE
  5
497
330
1F
100
AcDbEntity
  8
TopSilkLayer
100
AcDbPolyline
 90
3
 70
 0
 43
0.15240030480060962 
 10
43.205689611379285
 20
35.768859537719095
 10
43.205689611379285
 20
34.80998221996447
 10
41.88448056896118
 20
34.80998221996447
 10
41.88448056896118
 20
35.768859537719095
  0
LWPOLYLINE
  5
498
330
1F
100
AcDbEntity
  8
TopSilkLayer
100
AcDbPolyline
 90
3
 70
 0
 43
0.15240030480060962 
 10
33.299669799339654
 20
23.540259080518126
 10
33.299669799339654
 20
24.499136398272867
 10
31.97846075692155
 20
24.499136398272867
 10
31.97846075692155
 20
23.540259080518126
  0
LWPOLYLINE
  5
499
330
1F
100
AcDbEntity
  8
TopSilkLayer
100
AcDbPolyline
 90
3
 70
 0
 43
0.15240030480060962 
 10
33.299669799339654
 20
22.687833375666855
 10
33.299669799339654
 20
21.728956057912114
 10
31.97846075692155
 20
21.728956057912114
 10
31.97846075692155
 20
22.687833375666855
  0
LWPOLYLINE
  5
49a
330
1F
100
AcDbEntity
  8
TopSilkLayer
100
AcDbPolyline
 90
3
 70
 0
 43
0.15240030480060962 
 10
35.839674879349786
 20
36.62128524257048
 10
35.839674879349786
 20
37.58016256032522
 10
34.51846583693168
 20
37.58016256032522
 10
34.51846583693168
 20
36.62128524257048
  0
LWPOLYLINE
  5
49b
330
1F
100
AcDbEntity
  8
TopSilkLayer
100
AcDbPolyline
 90
3
 70
 0
 43
0.15240030480060962 
 10
35.839674879349786
 20
35.768859537719095
 10
35.839674879349786
 20
34.80998221996447
 10
34.51846583693168
 20
34.80998221996447
 10
34.51846583693168
 20
35.768859537719095
  0
LWPOLYLINE
  5
49c
330
1F
100
AcDbEntity
  8
TopSilkLayer
100
AcDbPolyline
 90
3
 70
 0
 43
0.15240030480060962 
 10
24.282651765303626
 20
23.540259080518126
 10
24.282651765303626
 20
24.499136398272867
 10
22.961442722885522
 20
24.499136398272867
 10
22.961442722885522
 20
23.540259080518126
  0
LWPOLYLINE
  5
49d
330
1F
100
AcDbEntity
  8
TopSilkLayer
100
AcDbPolyline
 90
3
 70
 0
 43
0.15240030480060962 
 10
24.282651765303626
 20
22.687833375666855
 10
24.282651765303626
 20
21.728956057912114
 10
22.961442722885522
 20
21.728956057912114
 10
22.961442722885522
 20
22.687833375666855
  0
LWPOLYLINE
  5
49e
330
1F
100
AcDbEntity
  8
TopSilkLayer
100
AcDbPolyline
 90
3
 70
 0
 43
0.15240030480060962 
 10
26.82265684531376
 20
36.87528575057149
 10
26.82265684531376
 20
37.834163068326234
 10
25.501447802895655
 20
37.834163068326234
 10
25.501447802895655
 20
36.87528575057149
  0
LWPOLYLINE
  5
49f
330
1F
100
AcDbEntity
  8
TopSilkLayer
100
AcDbPolyline
 90
3
 70
 0
 43
0.15240030480060962 
 10
26.82265684531376
 20
36.02286004572011
 10
26.82265684531376
 20
35.06398272796548
 10
25.501447802895655
 20
35.06398272796548
 10
25.501447802895655
 20
36.02286004572011
  0
LWPOLYLINE
  5
4a0
330
1F
100
AcDbEntity
  8
TopSilkLayer
100
AcDbPolyline
 90
3
 70
 0
 43
0.15240030480060962 
 10
3.1494030988062605
 20
21.036830073660212
 10
3.1494030988062605
 20
20.07795275590547
 10
4.470612141224365
 20
20.07795275590547
 10
4.470612141224365
 20
21.036830073660212
  0
LWPOLYLINE
  5
4a1
330
1F
100
AcDbEntity
  8
TopSilkLayer
100
AcDbPolyline
 90
3
 70
 0
 43
0.15240030480060962 
 10
3.1494030988062605
 20
21.889255778511597
 10
3.1494030988062605
 20
22.848133096266224
 10
4.470612141224365
 20
22.848133096266224
 10
4.470612141224365
 20
21.889255778511597
  0
LWPOLYLINE
  5
4a2
330
1F
100
AcDbEntity
  8
TopSilkLayer
100
AcDbPolyline
 90
1
 70
 0
 43
0.30000000000000004 
 10
56.22626365252722
 20
55.2391160782322
 10
51.277114554229
 20
55.2391160782322
  0
LWPOLYLINE
  5
4a3
330
1F
100
AcDbEntity
  8
TopSilkLayer
100
AcDbPolyline
 90
1
 70
 0
 43
0.30000000000000004 
 10
63.27711455422923
 20
55.2391160782322
 10
58.328371856743615
 20
55.2391160782322
  0
LWPOLYLINE
  5
4a4
330
1F
100
AcDbEntity
  8
TopSilkLayer
100
AcDbPolyline
 90
1
 70
 0
 43
0.30000000000000004 
 10
63.277089154178384
 20
55.2391160782322
 10
63.27711455422923
 20
54.221234442468926
  0
LWPOLYLINE
  5
4a5
330
1F
100
AcDbEntity
  8
TopSilkLayer
100
AcDbPolyline
 90
1
 70
 0
 43
0.30000000000000004 
 10
51.277139954279846
 20
55.2391160782322
 10
51.277114554229
 20
54.221234442468926
  0
LWPOLYLINE
  5
4a6
330
1F
100
AcDbEntity
  8
TopSilkLayer
100
AcDbPolyline
 90
1
 70
 0
 43
0.30000000000000004 
 10
61.53416306832628
 20
64.6995173990349
 10
57.58953517907025
 20
64.6995173990349
  0
LWPOLYLINE
  5
4a7
330
1F
100
AcDbEntity
  8
TopSilkLayer
100
AcDbPolyline
 90
1
 70
 0
 43
0.30000000000000004 
 10
56.576073152146364
 20
63.681229362458794
 10
54.96824993649989
 20
65.33172466344934
  0
LWPOLYLINE
  5
4a8
330
1F
100
AcDbEntity
  8
TopSilkLayer
100
AcDbPolyline
 90
6
 70
 0
 43
0.30000000000000004 
 10
55.477114554229274
 20
50.499364998730016
 10
53.54991109982234
 20
50.499364998730016
 10
53.54991109982234
 20
59.13538227076447
 10
56.54991109982211
 20
59.13538227076447
 10
56.57406654813326
 20
59.15951231902466
 10
56.57406654813326
 20
63.17551435102882
 10
56.57406654813326
 20
63.68351536703085
  0
LWPOLYLINE
  5
4a9
330
1F
100
AcDbEntity
  8
TopSilkLayer
100
AcDbPolyline
 90
1
 70
 0
 43
0.25400050800101603 
 10
65.07711455422918
 20
68.03223266446537
 10
65.07711455422918
 20
48.832080264160595
  0
LWPOLYLINE
  5
4aa
330
1F
100
AcDbEntity
  8
TopSilkLayer
100
AcDbPolyline
 90
1
 70
 0
 43
0.25400050800101603 
 10
49.47706375412736
 20
68.03210566421137
 10
49.47706375412736
 20
48.8319532639066
  0
LWPOLYLINE
  5
4ab
330
1F
100
AcDbEntity
  8
TopSilkLayer
100
AcDbPolyline
 90
1
 70
 0
 43
0.25400050800101603 
 10
65.07713995428003
 20
68.03213106426222
 10
49.4770891541782
 20
68.03213106426222
  0
LWPOLYLINE
  5
4ac
330
1F
100
AcDbEntity
  8
TopSilkLayer
100
AcDbPolyline
 90
1
 70
 0
 43
0.25400050800101603 
 10
53.03022606045215
 20
64.63042926085848
 10
55.25781051562103
 20
64.63042926085848
  0
LWPOLYLINE
  5
4ad
330
1F
100
AcDbEntity
  8
TopSilkLayer
100
AcDbPolyline
 90
1
 70
 0
 43
0.25400050800101603 
 10
49.47706375412736
 20
48.8319532639066
 10
56.982423164846296
 20
48.8319532639066
  0
LWPOLYLINE
  5
4ae
330
1F
100
AcDbEntity
  8
TopSilkLayer
100
AcDbPolyline
 90
1
 70
 0
 43
0.25400050800101603 
 10
57.571805943611935
 20
48.8319532639066
 10
65.07711455422918
 20
48.8319532639066
  0
LWPOLYLINE
  5
4af
330
1F
100
AcDbEntity
  8
TopSilkLayer
100
AcDbPolyline
 90
4
 70
 1
 43
0.25400050800101603 
 10
56.27711455422923
 20
53.75615951231907
 10
56.27711455422923
 20
56.75615951231907
 10
58.277114554229
 20
56.75615951231907
 10
58.277114554229
 20
53.75615951231907
 10
56.27711455422923
 20
53.75615951231907
  0
LWPOLYLINE
  5
4b0
330
1F
100
AcDbEntity
  8
TopSilkLayer
100
AcDbPolyline
 90
1
 70
 0
 43
0.30000000000000004 
 10
40.224231648463274
 20
55.2391160782322
 10
35.27508255016505
 20
55.2391160782322
  0
LWPOLYLINE
  5
4b1
330
1F
100
AcDbEntity
  8
TopSilkLayer
100
AcDbPolyline
 90
1
 70
 0
 43
0.30000000000000004 
 10
47.27508255016528
 20
55.2391160782322
 10
42.326339852679666
 20
55.2391160782322
  0
LWPOLYLINE
  5
4b2
330
1F
100
AcDbEntity
  8
TopSilkLayer
100
AcDbPolyline
 90
1
 70
 0
 43
0.30000000000000004 
 10
47.275057150114435
 20
55.2391160782322
 10
47.27508255016528
 20
54.221234442468926
  0
LWPOLYLINE
  5
4b3
330
1F
100
AcDbEntity
  8
TopSilkLayer
100
AcDbPolyline
 90
1
 70
 0
 43
0.30000000000000004 
 10
35.2751079502159
 20
55.2391160782322
 10
35.27508255016505
 20
54.221234442468926
  0
LWPOLYLINE
  5
4b4
330
1F
100
AcDbEntity
  8
TopSilkLayer
100
AcDbPolyline
 90
1
 70
 0
 43
0.30000000000000004 
 10
45.5321310642621
 20
64.6995173990349
 10
41.587503175006304
 20
64.6995173990349
  0
LWPOLYLINE
  5
4b5
330
1F
100
AcDbEntity
  8
TopSilkLayer
100
AcDbPolyline
 90
1
 70
 0
 43
0.30000000000000004 
 10
40.57404114808219
 20
63.681229362458794
 10
38.96621793243594
 20
65.33172466344934
  0
LWPOLYLINE
  5
4b6
330
1F
100
AcDbEntity
  8
TopSilkLayer
100
AcDbPolyline
 90
6
 70
 0
 43
0.30000000000000004 
 10
39.475082550165325
 20
50.499364998730016
 10
37.54787909575816
 20
50.499364998730016
 10
37.54787909575816
 20
59.13538227076447
 10
40.54787909575816
 20
59.13538227076447
 10
40.57203454406908
 20
59.15951231902466
 10
40.57203454406908
 20
63.17551435102882
 10
40.57203454406908
 20
63.68351536703085
  0
LWPOLYLINE
  5
4b7
330
1F
100
AcDbEntity
  8
TopSilkLayer
100
AcDbPolyline
 90
1
 70
 0
 43
0.25400050800101603 
 10
49.07508255016501
 20
68.03223266446537
 10
49.07508255016501
 20
48.832080264160595
  0
LWPOLYLINE
  5
4b8
330
1F
100
AcDbEntity
  8
TopSilkLayer
100
AcDbPolyline
 90
1
 70
 0
 43
0.25400050800101603 
 10
33.47503175006341
 20
68.03210566421137
 10
33.47503175006341
 20
48.8319532639066
  0
LWPOLYLINE
  5
4b9
330
1F
100
AcDbEntity
  8
TopSilkLayer
100
AcDbPolyline
 90
1
 70
 0
 43
0.25400050800101603 
 10
49.07510795021585
 20
68.03213106426222
 10
33.47505715011425
 20
68.03213106426222
  0
LWPOLYLINE
  5
4ba
330
1F
100
AcDbEntity
  8
TopSilkLayer
100
AcDbPolyline
 90
1
 70
 0
 43
0.25400050800101603 
 10
37.028194056387974
 20
64.63042926085848
 10
39.25577851155708
 20
64.63042926085848
  0
LWPOLYLINE
  5
4bb
330
1F
100
AcDbEntity
  8
TopSilkLayer
100
AcDbPolyline
 90
1
 70
 0
 43
0.25400050800101603 
 10
33.47503175006341
 20
48.8319532639066
 10
40.98039116078235
 20
48.8319532639066
  0
LWPOLYLINE
  5
4bc
330
1F
100
AcDbEntity
  8
TopSilkLayer
100
AcDbPolyline
 90
1
 70
 0
 43
0.25400050800101603 
 10
41.569773939547986
 20
48.8319532639066
 10
49.07508255016501
 20
48.8319532639066
  0
LWPOLYLINE
  5
4bd
330
1F
100
AcDbEntity
  8
TopSilkLayer
100
AcDbPolyline
 90
4
 70
 1
 43
0.25400050800101603 
 10
40.27508255016505
 20
53.75615951231907
 10
40.27508255016505
 20
56.75615951231907
 10
42.27508255016505
 20
56.75615951231907
 10
42.27508255016505
 20
53.75615951231907
 10
40.27508255016505
 20
53.75615951231907
  0
LWPOLYLINE
  5
4be
330
1F
100
AcDbEntity
  8
TopSilkLayer
100
AcDbPolyline
 90
1
 70
 0
 43
0.30000000000000004 
 10
24.222199644399325
 20
55.2391160782322
 10
19.273050546101103
 20
55.2391160782322
  0
LWPOLYLINE
  5
4bf
330
1F
100
AcDbEntity
  8
TopSilkLayer
100
AcDbPolyline
 90
1
 70
 0
 43
0.30000000000000004 
 10
31.273050546101103
 20
55.2391160782322
 10
26.324307848615717
 20
55.2391160782322
  0
LWPOLYLINE
  5
4c0
330
1F
100
AcDbEntity
  8
TopSilkLayer
100
AcDbPolyline
 90
1
 70
 0
 43
0.30000000000000004 
 10
31.27302514605026
 20
55.2391160782322
 10
31.273050546101103
 20
54.221234442468926
  0
LWPOLYLINE
  5
4c1
330
1F
100
AcDbEntity
  8
TopSilkLayer
100
AcDbPolyline
 90
1
 70
 0
 43
0.30000000000000004 
 10
19.27307594615195
 20
55.2391160782322
 10
19.273050546101103
 20
54.221234442468926
  0
LWPOLYLINE
  5
4c2
330
1F
100
AcDbEntity
  8
TopSilkLayer
100
AcDbPolyline
 90
1
 70
 0
 43
0.30000000000000004 
 10
29.530099060198154
 20
64.6995173990349
 10
25.585471170942355
 20
64.6995173990349
  0
LWPOLYLINE
  5
4c3
330
1F
100
AcDbEntity
  8
TopSilkLayer
100
AcDbPolyline
 90
1
 70
 0
 43
0.30000000000000004 
 10
24.57200914401824
 20
63.681229362458794
 10
22.964185928371762
 20
65.33172466344934
  0
LWPOLYLINE
  5
4c4
330
1F
100
AcDbEntity
  8
TopSilkLayer
100
AcDbPolyline
 90
6
 70
 0
 43
0.30000000000000004 
 10
23.47305054610115
 20
50.499364998730016
 10
21.545847091694213
 20
50.499364998730016
 10
21.545847091694213
 20
59.13538227076447
 10
24.545847091694213
 20
59.13538227076447
 10
24.570002540005135
 20
59.15951231902466
 10
24.570002540005135
 20
63.17551435102882
 10
24.570002540005135
 20
63.68351536703085
  0
LWPOLYLINE
  5
4c5
330
1F
100
AcDbEntity
  8
TopSilkLayer
100
AcDbPolyline
 90
1
 70
 0
 43
0.25400050800101603 
 10
33.07305054610106
 20
68.03223266446537
 10
33.07305054610106
 20
48.832080264160595
  0
LWPOLYLINE
  5
4c6
330
1F
100
AcDbEntity
  8
TopSilkLayer
100
AcDbPolyline
 90
1
 70
 0
 43
0.25400050800101603 
 10
17.47299974599946
 20
68.03210566421137
 10
17.47299974599946
 20
48.8319532639066
  0
LWPOLYLINE
  5
4c7
330
1F
100
AcDbEntity
  8
TopSilkLayer
100
AcDbPolyline
 90
1
 70
 0
 43
0.25400050800101603 
 10
33.0730759461519
 20
68.03213106426222
 10
17.473025146050304
 20
68.03213106426222
  0
LWPOLYLINE
  5
4c8
330
1F
100
AcDbEntity
  8
TopSilkLayer
100
AcDbPolyline
 90
1
 70
 0
 43
0.25400050800101603 
 10
21.026162052324025
 20
64.63042926085848
 10
23.253746507493133
 20
64.63042926085848
  0
LWPOLYLINE
  5
4c9
330
1F
100
AcDbEntity
  8
TopSilkLayer
100
AcDbPolyline
 90
1
 70
 0
 43
0.25400050800101603 
 10
17.47299974599946
 20
48.8319532639066
 10
24.97835915671817
 20
48.8319532639066
  0
LWPOLYLINE
  5
4ca
330
1F
100
AcDbEntity
  8
TopSilkLayer
100
AcDbPolyline
 90
1
 70
 0
 43
0.25400050800101603 
 10
25.567741935484037
 20
48.8319532639066
 10
33.07305054610106
 20
48.8319532639066
  0
LWPOLYLINE
  5
4cb
330
1F
100
AcDbEntity
  8
TopSilkLayer
100
AcDbPolyline
 90
4
 70
 1
 43
0.25400050800101603 
 10
24.273050546101103
 20
53.75615951231907
 10
24.273050546101103
 20
56.75615951231907
 10
26.273050546101103
 20
56.75615951231907
 10
26.273050546101103
 20
53.75615951231907
 10
24.273050546101103
 20
53.75615951231907
  0
LWPOLYLINE
  5
4cc
330
1F
100
AcDbEntity
  8
TopSilkLayer
100
AcDbPolyline
 90
1
 70
 0
 43
0.30000000000000004 
 10
8.220167640335376
 20
55.2391160782322
 10
3.2710185420371545
 20
55.2391160782322
  0
LWPOLYLINE
  5
4cd
330
1F
100
AcDbEntity
  8
TopSilkLayer
100
AcDbPolyline
 90
1
 70
 0
 43
0.30000000000000004 
 10
15.271018542037154
 20
55.2391160782322
 10
10.322275844551768
 20
55.2391160782322
  0
LWPOLYLINE
  5
4ce
330
1F
100
AcDbEntity
  8
TopSilkLayer
100
AcDbPolyline
 90
1
 70
 0
 43
0.30000000000000004 
 10
15.27099314198631
 20
55.2391160782322
 10
15.271018542037154
 20
54.221234442468926
  0
LWPOLYLINE
  5
4cf
330
1F
100
AcDbEntity
  8
TopSilkLayer
100
AcDbPolyline
 90
1
 70
 0
 43
0.30000000000000004 
 10
3.271043942087772
 20
55.2391160782322
 10
3.2710185420371545
 20
54.221234442468926
  0
LWPOLYLINE
  5
4d0
330
1F
100
AcDbEntity
  8
TopSilkLayer
100
AcDbPolyline
 90
1
 70
 0
 43
0.30000000000000004 
 10
13.528067056134205
 20
64.6995173990349
 10
9.583439166878406
 20
64.6995173990349
  0
LWPOLYLINE
  5
4d1
330
1F
100
AcDbEntity
  8
TopSilkLayer
100
AcDbPolyline
 90
1
 70
 0
 43
0.30000000000000004 
 10
8.56997713995429
 20
63.681229362458794
 10
6.962153924307813
 20
65.33172466344934
  0
LWPOLYLINE
  5
4d2
330
1F
100
AcDbEntity
  8
TopSilkLayer
100
AcDbPolyline
 90
6
 70
 0
 43
0.30000000000000004 
 10
7.471018542036973
 20
50.499364998730016
 10
5.543815087630264
 20
50.499364998730016
 10
5.543815087630264
 20
59.13538227076447
 10
8.543815087630264
 20
59.13538227076447
 10
8.567970535941186
 20
59.15951231902466
 10
8.567970535941186
 20
63.17551435102882
 10
8.567970535941186
 20
63.68351536703085
  0
LWPOLYLINE
  5
4d3
330
1F
100
AcDbEntity
  8
TopSilkLayer
100
AcDbPolyline
 90
1
 70
 0
 43
0.25400050800101603 
 10
17.07101854203711
 20
68.03223266446537
 10
17.07101854203711
 20
48.832080264160595
  0
LWPOLYLINE
  5
4d4
330
1F
100
AcDbEntity
  8
TopSilkLayer
100
AcDbPolyline
 90
1
 70
 0
 43
0.25400050800101603 
 10
1.4709677419355103
 20
68.03210566421137
 10
1.4709677419355103
 20
48.8319532639066
  0
LWPOLYLINE
  5
4d5
330
1F
100
AcDbEntity
  8
TopSilkLayer
100
AcDbPolyline
 90
1
 70
 0
 43
0.25400050800101603 
 10
17.071043942087954
 20
68.03213106426222
 10
1.4709931419862414
 20
68.03213106426222
  0
LWPOLYLINE
  5
4d6
330
1F
100
AcDbEntity
  8
TopSilkLayer
100
AcDbPolyline
 90
1
 70
 0
 43
0.25400050800101603 
 10
5.024130048260076
 20
64.63042926085848
 10
7.251714503428957
 20
64.63042926085848
  0
LWPOLYLINE
  5
4d7
330
1F
100
AcDbEntity
  8
TopSilkLayer
100
AcDbPolyline
 90
1
 70
 0
 43
0.25400050800101603 
 10
1.4709677419355103
 20
48.8319532639066
 10
8.976327152654449
 20
48.8319532639066
  0
LWPOLYLINE
  5
4d8
330
1F
100
AcDbEntity
  8
TopSilkLayer
100
AcDbPolyline
 90
1
 70
 0
 43
0.25400050800101603 
 10
9.56570993141986
 20
48.8319532639066
 10
17.07101854203711
 20
48.8319532639066
  0
LWPOLYLINE
  5
4d9
330
1F
100
AcDbEntity
  8
TopSilkLayer
100
AcDbPolyline
 90
4
 70
 1
 43
0.25400050800101603 
 10
8.271018542037154
 20
53.75615951231907
 10
8.271018542037154
 20
56.75615951231907
 10
10.271018542037154
 20
56.75615951231907
 10
10.271018542037154
 20
53.75615951231907
 10
8.271018542037154
 20
53.75615951231907
  0
LWPOLYLINE
  5
4da
330
1F
100
AcDbEntity
  8
TopSilkLayer
100
AcDbPolyline
 90
2
 70
 0
 43
0.25400050800101603 
 10
68.18605537211079
 20
55.43675387350777
 10
68.18605537211079
 20
60.224663449326954
 10
68.18605537211079
 20
63.5368300736601
  0
LWPOLYLINE
  5
4db
330
1F
100
AcDbEntity
  8
TopSilkLayer
100
AcDbPolyline
 90
2
 70
 0
 43
0.25400050800101603 
 10
68.18516637033258
 20
63.53609347218696
 10
98.1852933705868
 20
63.53609347218696
 10
98.1852933705868
 20
55.446101092202184
  0
LWPOLYLINE
  5
4dc
330
1F
100
AcDbEntity
  8
TopSilkLayer
100
AcDbPolyline
 90
3
 70
 0
 43
0.25400050800101603 
 10
68.18516637033258
 20
62.93609347218694
 10
67.58577597155204
 20
62.93609347218694
 10
67.58577597155204
 20
61.92009144018289
 10
68.18516637033258
 20
61.92009144018289
  0
LWPOLYLINE
  5
4dd
330
1F
100
AcDbEntity
  8
TopSilkLayer
100
AcDbPolyline
 90
3
 70
 0
 43
0.25400050800101603 
 10
68.18516637033258
 20
57.03609347218696
 10
67.58572517145035
 20
57.03609347218696
 10
67.58572517145035
 20
56.02009144018291
 10
68.18516637033258
 20
56.02009144018291
  0
LWPOLYLINE
  5
4de
330
1F
100
AcDbEntity
  8
TopSilkLayer
100
AcDbPolyline
 90
1
 70
 0
 43
0.25400050800101603 
 10
98.1852933705868
 20
55.436118872237785
 10
68.18516637033258
 20
55.436118872237785
  0
LWPOLYLINE
  5
4df
330
1F
100
AcDbEntity
  8
TopSilkLayer
100
AcDbPolyline
 90
3
 70
 0
 43
0.25400050800101603 
 10
96.81292862585724
 20
63.5372110744222
 10
96.81292862585724
 20
61.446863093726165
 10
94.5573787147573
 20
61.446863093726165
 10
94.5573787147573
 20
63.5372110744222
  0
LWPOLYLINE
  5
4e0
330
1F
100
AcDbEntity
  8
TopSilkLayer
100
AcDbPolyline
 90
3
 70
 0
 43
0.25400050800101603 
 10
86.81295402590786
 20
63.527101854203806
 10
86.81295402590786
 20
61.43675387350777
 10
84.55740411480838
 20
61.43675387350777
 10
84.55740411480838
 20
63.527101854203806
  0
LWPOLYLINE
  5
4e1
330
1F
100
AcDbEntity
  8
TopSilkLayer
100
AcDbPolyline
 90
3
 70
 0
 43
0.25400050800101603 
 10
71.81292862585724
 20
63.537338074676086
 10
71.81292862585724
 20
61.44691389382774
 10
69.557429514859
 20
61.44691389382774
 10
69.557429514859
 20
63.537338074676086
  0
LWPOLYLINE
  5
4e2
330
1F
100
AcDbEntity
  8
TopSilkLayer
100
AcDbPolyline
 90
3
 70
 0
 43
0.25400050800101603 
 10
71.44457708915411
 20
55.436042672085364
 10
71.44457708915411
 20
56.134544069088065
 10
69.92565405130813
 20
56.134544069088065
 10
69.92565405130813
 20
55.436042672085364
  0
LWPOLYLINE
  5
4e3
330
1F
100
AcDbEntity
  8
TopSilkLayer
100
AcDbPolyline
 90
3
 70
 0
 43
0.25400050800101603 
 10
76.81287782575578
 20
63.537338074676086
 10
76.81287782575578
 20
61.44691389382774
 10
74.557429514859
 20
61.44691389382774
 10
74.557429514859
 20
63.537338074676086
  0
LWPOLYLINE
  5
4e4
330
1F
100
AcDbEntity
  8
TopSilkLayer
100
AcDbPolyline
 90
3
 70
 0
 43
0.25400050800101603 
 10
76.44452628905265
 20
55.436042672085364
 10
76.44452628905265
 20
56.134544069088065
 10
74.92560325120667
 20
56.134544069088065
 10
74.92560325120667
 20
55.436042672085364
  0
LWPOLYLINE
  5
4e5
330
1F
100
AcDbEntity
  8
TopSilkLayer
100
AcDbPolyline
 90
3
 70
 0
 43
0.25400050800101603 
 10
81.81295402590808
 20
63.537338074676086
 10
81.81295402590808
 20
61.44691389382774
 10
79.55745491490984
 20
61.44691389382774
 10
79.55745491490984
 20
63.537338074676086
  0
LWPOLYLINE
  5
4e6
330
1F
100
AcDbEntity
  8
TopSilkLayer
100
AcDbPolyline
 90
3
 70
 0
 43
0.25400050800101603 
 10
81.44452628905265
 20
55.436042672085364
 10
81.44452628905265
 20
56.134544069088065
 10
79.92562865125728
 20
56.134544069088065
 10
79.92562865125728
 20
55.436042672085364
  0
LWPOLYLINE
  5
4e7
330
1F
100
AcDbEntity
  8
TopSilkLayer
100
AcDbPolyline
 90
3
 70
 0
 43
0.25400050800101603 
 10
86.4445008890018
 20
55.436042672085364
 10
86.4445008890018
 20
56.134544069088065
 10
84.9255778511556
 20
56.134544069088065
 10
84.9255778511556
 20
55.436042672085364
  0
LWPOLYLINE
  5
4e8
330
1F
100
AcDbEntity
  8
TopSilkLayer
100
AcDbPolyline
 90
3
 70
 0
 43
0.25400050800101603 
 10
91.81292862585724
 20
63.537338074676086
 10
91.81292862585724
 20
61.44691389382774
 10
89.557429514859
 20
61.44691389382774
 10
89.557429514859
 20
63.537338074676086
  0
LWPOLYLINE
  5
4e9
330
1F
100
AcDbEntity
  8
TopSilkLayer
100
AcDbPolyline
 90
3
 70
 0
 43
0.25400050800101603 
 10
91.44445008890034
 20
55.436042672085364
 10
91.44445008890034
 20
56.134544069088065
 10
89.92552705105413
 20
56.134544069088065
 10
89.92552705105413
 20
55.436042672085364
  0
LWPOLYLINE
  5
4ea
330
1F
100
AcDbEntity
  8
TopSilkLayer
100
AcDbPolyline
 90
3
 70
 0
 43
0.25400050800101603 
 10
96.44439928879865
 20
55.436042672085364
 10
96.44439928879865
 20
56.134544069088065
 10
94.92547625095244
 20
56.134544069088065
 10
94.92547625095244
 20
55.436042672085364
  0
LWPOLYLINE
  5
4eb
330
1F
100
AcDbEntity
  8
TopSilkLayer
100
AcDbPolyline
 90
3
 70
 0
 43
0.25400050800101603 
 10
84.26220472440968
 20
16.764008128016258
 10
84.86159512319023
 20
16.764008128016258
 10
84.86159512319023
 20
17.779578359156744
 10
84.26220472440968
 20
17.779578359156744
  0
LWPOLYLINE
  5
4ec
330
1F
100
AcDbEntity
  8
TopSilkLayer
100
AcDbPolyline
 90
3
 70
 0
 43
0.25400050800101603 
 10
84.26220472440968
 20
10.89055118110241
 10
84.86159512319023
 20
10.89055118110241
 10
84.86159512319023
 20
11.906553213106463
 10
84.26220472440968
 20
11.906553213106463
  0
LWPOLYLINE
  5
4ed
330
1F
100
AcDbEntity
  8
TopSilkLayer
100
AcDbPolyline
 90
4
 70
 0
 43
0.25400050800101603 
 10
44.26200152400315
 20
18.351003302006575
 10
84.26217932435861
 20
18.351003302006575
 10
84.26212852425692
 20
10.251028702057397
 10
44.26200152400315
 20
10.251028702057397
 10
44.26200152400315
 20
18.341021082042175
  0
LWPOLYLINE
  5
4ee
330
1F
100
AcDbEntity
  8
TopSilkLayer
100
AcDbPolyline
 90
3
 70
 0
 43
0.25400050800101603 
 10
45.63436626873272
 20
10.24991109982227
 10
45.63436626873272
 20
12.340259080518194
 10
47.889916179832426
 20
12.340259080518194
 10
47.889916179832426
 20
10.24991109982227
  0
LWPOLYLINE
  5
4ef
330
1F
100
AcDbEntity
  8
TopSilkLayer
100
AcDbPolyline
 90
3
 70
 0
 43
0.25400050800101603 
 10
55.634340868681875
 20
10.260020320040667
 10
55.634340868681875
 20
12.35036830073659
 10
57.88989077978158
 20
12.35036830073659
 10
57.88989077978158
 20
10.260020320040667
  0
LWPOLYLINE
  5
4f0
330
1F
100
AcDbEntity
  8
TopSilkLayer
100
AcDbPolyline
 90
3
 70
 0
 43
0.25400050800101603 
 10
80.63429006858019
 20
10.24978409956816
 10
80.63429006858019
 20
12.340208280416618
 10
82.88976377952781
 20
12.340208280416618
 10
82.88976377952781
 20
10.24978409956816
  0
LWPOLYLINE
  5
4f1
330
1F
100
AcDbEntity
  8
TopSilkLayer
100
AcDbPolyline
 90
3
 70
 0
 43
0.25400050800101603 
 10
81.00274320548647
 20
18.351079502158996
 10
81.00274320548647
 20
17.65257810515618
 10
82.52166624333267
 20
17.65257810515618
 10
82.52166624333267
 20
18.351079502158996
  0
LWPOLYLINE
  5
4f2
330
1F
100
AcDbEntity
  8
TopSilkLayer
100
AcDbPolyline
 90
3
 70
 0
 43
0.25400050800101603 
 10
75.63439166878334
 20
10.24978409956816
 10
75.63439166878334
 20
12.340208280416618
 10
77.88989077978158
 20
12.340208280416618
 10
77.88989077978158
 20
10.24978409956816
  0
LWPOLYLINE
  5
4f3
330
1F
100
AcDbEntity
  8
TopSilkLayer
100
AcDbPolyline
 90
3
 70
 0
 43
0.25400050800101603 
 10
76.00274320548624
 20
18.351079502158996
 10
76.00274320548624
 20
17.65257810515618
 10
77.52166624333245
 20
17.65257810515618
 10
77.52166624333245
 20
18.351079502158996
  0
LWPOLYLINE
  5
4f4
330
1F
100
AcDbEntity
  8
TopSilkLayer
100
AcDbPolyline
 90
3
 70
 0
 43
0.25400050800101603 
 10
70.63436626873249
 20
10.24978409956816
 10
70.63436626873249
 20
12.340208280416618
 10
72.88986537973096
 20
12.340208280416618
 10
72.88986537973096
 20
10.24978409956816
  0
LWPOLYLINE
  5
4f5
330
1F
100
AcDbEntity
  8
TopSilkLayer
100
AcDbPolyline
 90
3
 70
 0
 43
0.25400050800101603 
 10
71.00271780543562
 20
18.351079502158996
 10
71.00271780543562
 20
17.65257810515618
 10
72.52164084328183
 20
17.65257810515618
 10
72.52164084328183
 20
18.351079502158996
  0
LWPOLYLINE
  5
4f6
330
1F
100
AcDbEntity
  8
TopSilkLayer
100
AcDbPolyline
 90
3
 70
 0
 43
0.25400050800101603 
 10
65.63441706883418
 20
10.24978409956816
 10
65.63441706883418
 20
12.340208280416618
 10
67.88986537973074
 20
12.340208280416618
 10
67.88986537973074
 20
10.24978409956816
  0
LWPOLYLINE
  5
4f7
330
1F
100
AcDbEntity
  8
TopSilkLayer
100
AcDbPolyline
 90
3
 70
 0
 43
0.25400050800101603 
 10
66.00276860553731
 20
18.351079502158996
 10
66.00276860553731
 20
17.65257810515618
 10
67.52169164338329
 20
17.65257810515618
 10
67.52169164338329
 20
18.351079502158996
  0
LWPOLYLINE
  5
4f8
330
1F
100
AcDbEntity
  8
TopSilkLayer
100
AcDbPolyline
 90
3
 70
 0
 43
0.25400050800101603 
 10
60.634340868681875
 20
10.24978409956816
 10
60.634340868681875
 20
12.340208280416618
 10
62.88983997968012
 20
12.340208280416618
 10
62.88983997968012
 20
10.24978409956816
  0
LWPOLYLINE
  5
4f9
330
1F
100
AcDbEntity
  8
TopSilkLayer
100
AcDbPolyline
 90
3
 70
 0
 43
0.25400050800101603 
 10
61.00276860553731
 20
18.351079502158996
 10
61.00276860553731
 20
17.65257810515618
 10
62.52166624333245
 20
17.65257810515618
 10
62.52166624333245
 20
18.351079502158996
  0
LWPOLYLINE
  5
4fa
330
1F
100
AcDbEntity
  8
TopSilkLayer
100
AcDbPolyline
 90
3
 70
 0
 43
0.25400050800101603 
 10
56.00279400558816
 20
18.351079502158996
 10
56.00279400558816
 20
17.65257810515618
 10
57.52171704343414
 20
17.65257810515618
 10
57.52171704343414
 20
18.351079502158996
  0
LWPOLYLINE
  5
4fb
330
1F
100
AcDbEntity
  8
TopSilkLayer
100
AcDbPolyline
 90
3
 70
 0
 43
0.25400050800101603 
 10
50.63436626873249
 20
10.24978409956816
 10
50.63436626873249
 20
12.340208280416618
 10
52.889865379730736
 20
12.340208280416618
 10
52.889865379730736
 20
10.24978409956816
  0
LWPOLYLINE
  5
4fc
330
1F
100
AcDbEntity
  8
TopSilkLayer
100
AcDbPolyline
 90
3
 70
 0
 43
0.25400050800101603 
 10
51.00284480568962
 20
18.351079502158996
 10
51.00284480568962
 20
17.65257810515618
 10
52.5217678435356
 20
17.65257810515618
 10
52.5217678435356
 20
18.351079502158996
  0
LWPOLYLINE
  5
4fd
330
1F
100
AcDbEntity
  8
TopSilkLayer
100
AcDbPolyline
 90
3
 70
 0
 43
0.25400050800101603 
 10
46.00289560579131
 20
18.351079502158996
 10
46.00289560579131
 20
17.65257810515618
 10
47.52181864363729
 20
17.65257810515618
 10
47.52181864363729
 20
18.351079502158996
  0
LWPOLYLINE
  5
4fe
330
1F
100
AcDbEntity
  8
Mechanical
100
AcDbPolyline
 90
4
 70
 1
 43
0.049987299974599955 
 10
31.03886207772416
 20
24.808229616459244
 10
36.73863347726706
 20
24.808229616459244
 10
36.73863347726706
 20
34.60756921513848
 10
31.03886207772416
 20
34.60756921513848
 10
31.03886207772416
 20
24.808229616459244
  0
LWPOLYLINE
  5
4ff
330
1F
100
AcDbEntity
  8
TopSilkLayer
100
AcDbPolyline
 90
5
 70
 0
 43
0.11998983997967998 
 10
31.249682499365008
 20
28.71729743459491
 10
31.249682499365008
 20
26.946913893827855
 10
36.56845313690633
 20
26.946913893827855
 10
36.56845313690633
 20
32.48920497840993
 10
31.249682499365008
 20
32.48920497840993
 10
31.249682499365008
 20
30.718821437642873
  0
LWPOLYLINE
  5
500
330
1F
100
AcDbEntity
  8
Document
100
AcDbPolyline
 90
5
 70
 1
 43
0.1 
 10
31.36906273812542
 20
27.543815087630264
 10
31.36906273812542
 20
32.893065786131615
 10
36.449072898145914
 20
32.893065786131615
 10
36.449072898145914
 20
26.54305308610617
 10
32.3698247396494
 20
26.54305308610617
 10
31.36906273812542
 20
27.543815087630264
  0
LWPOLYLINE
  5
501
330
1F
100
AcDbEntity
  8
Mechanical
100
AcDbPolyline
 90
4
 70
 1
 43
0.049987299974599955 
 10
22.021844043688134
 20
25.062230124460257
 10
27.72161544323103
 20
25.062230124460257
 10
27.72161544323103
 20
34.861569723139496
 10
22.021844043688134
 20
34.861569723139496
 10
22.021844043688134
 20
25.062230124460257
  0
LWPOLYLINE
  5
502
330
1F
100
AcDbEntity
  8
TopSilkLayer
100
AcDbPolyline
 90
5
 70
 0
 43
0.11998983997967998 
 10
22.23266446532898
 20
28.971297942595925
 10
22.23266446532898
 20
27.200914401828868
 10
27.5514351028703
 20
27.200914401828868
 10
27.5514351028703
 20
32.74320548641094
 10
22.23266446532898
 20
32.74320548641094
 10
22.23266446532898
 20
30.972821945643886
  0
LWPOLYLINE
  5
503
330
1F
100
AcDbEntity
  8
Document
100
AcDbPolyline
 90
5
 70
 1
 43
0.1 
 10
22.352044704089394
 20
27.797815595631278
 10
22.352044704089394
 20
33.14706629413263
 10
27.43205486410966
 20
33.14706629413263
 10
27.43205486410966
 20
26.797053594107183
 10
23.352806705613375
 20
26.797053594107183
 10
22.352044704089394
 20
27.797815595631278
  0
LWPOLYLINE
  5
504
330
1F
100
AcDbEntity
  8
TopSilkLayer
100
AcDbPolyline
 90
4
 70
 0
 43
0.25400050800101603 
 10
1.4300482600965552
 20
18.351003302006575
 10
21.430048260096555
 20
18.351003302006575
 10
21.43002286004571
 20
10.251079502158973
 10
1.4298704597408687
 20
10.251079502158973
 10
1.4298704597408687
 20
18.341021082042175
  0
LWPOLYLINE
  5
505
330
1F
100
AcDbEntity
  8
TopSilkLayer
100
AcDbPolyline
 90
3
 70
 0
 43
0.25400050800101603 
 10
21.43002286004571
 20
16.764033528067102
 10
22.02941325882648
 20
16.764033528067102
 10
22.02941325882648
 20
17.77960375920759
 10
21.43002286004571
 20
17.77960375920759
  0
LWPOLYLINE
  5
506
330
1F
100
AcDbEntity
  8
TopSilkLayer
100
AcDbPolyline
 90
3
 70
 0
 43
0.25400050800101603 
 10
21.43002286004571
 20
10.890525781051679
 10
22.02941325882648
 20
10.890525781051679
 10
22.02941325882648
 20
11.906527813055732
 10
21.43002286004571
 20
11.906527813055732
  0
LWPOLYLINE
  5
507
330
1F
100
AcDbEntity
  8
TopSilkLayer
100
AcDbPolyline
 90
3
 70
 0
 43
0.25400050800101603 
 10
2.802286004572011
 20
10.249936499873002
 10
2.802286004572011
 20
12.340233680467463
 10
5.057835915671831
 20
12.340233680467463
 10
5.057835915671831
 20
10.249936499873002
  0
LWPOLYLINE
  5
508
330
1F
100
AcDbEntity
  8
TopSilkLayer
100
AcDbPolyline
 90
3
 70
 0
 43
0.25400050800101603 
 10
12.802235204470435
 20
10.260045720091398
 10
12.802235204470435
 20
12.35034290068586
 10
15.057810515620986
 20
12.35034290068586
 10
15.057810515620986
 20
10.260045720091398
  0
LWPOLYLINE
  5
509
330
1F
100
AcDbEntity
  8
TopSilkLayer
100
AcDbPolyline
 90
3
 70
 0
 43
0.25400050800101603 
 10
17.80226060452128
 20
10.249809499619118
 10
17.80226060452128
 20
12.340233680467463
 10
20.057759715519524
 20
12.340233680467463
 10
20.057759715519524
 20
10.249809499619118
  0
LWPOLYLINE
  5
50a
330
1F
100
AcDbEntity
  8
TopSilkLayer
100
AcDbPolyline
 90
3
 70
 0
 43
0.25400050800101603 
 10
18.170662941325872
 20
18.35110490220984
 10
18.170662941325872
 20
17.65260350520714
 10
19.68953517907039
 20
17.65260350520714
 10
19.68953517907039
 20
18.35110490220984
  0
LWPOLYLINE
  5
50b
330
1F
100
AcDbEntity
  8
TopSilkLayer
100
AcDbPolyline
 90
3
 70
 0
 43
0.25400050800101603 
 10
13.170662941325872
 20
18.35110490220984
 10
13.170662941325872
 20
17.65260350520714
 10
14.689636779273542
 20
17.65260350520714
 10
14.689636779273542
 20
18.35110490220984
  0
LWPOLYLINE
  5
50c
330
1F
100
AcDbEntity
  8
TopSilkLayer
100
AcDbPolyline
 90
3
 70
 0
 43
0.25400050800101603 
 10
7.802235204470435
 20
10.249809499619118
 10
7.802235204470435
 20
12.340233680467463
 10
10.057785115570141
 20
12.340233680467463
 10
10.057785115570141
 20
10.249809499619118
  0
LWPOLYLINE
  5
50d
330
1F
100
AcDbEntity
  8
TopSilkLayer
100
AcDbPolyline
 90
3
 70
 0
 43
0.25400050800101603 
 10
8.170764541529024
 20
18.35110490220984
 10
8.170764541529024
 20
17.65260350520714
 10
9.689687579375232
 20
17.65260350520714
 10
9.689687579375232
 20
18.35110490220984
  0
LWPOLYLINE
  5
50e
330
1F
100
AcDbEntity
  8
TopSilkLayer
100
AcDbPolyline
 90
3
 70
 0
 43
0.25400050800101603 
 10
3.170815341630714
 20
18.35110490220984
 10
3.170815341630714
 20
17.65260350520714
 10
4.689738379476694
 20
17.65260350520714
 10
4.689738379476694
 20
18.35110490220984
  0
LWPOLYLINE
  5
50f
330
1F
100
AcDbEntity
  8
TopSilkLayer
100
AcDbPolyline
 90
1
 70
 0
 43
0.25400050800101603 
 10
15.23261366522729
 20
45.093040386080816
 10
18.797028194056338
 20
45.093040386080816
  0
LWPOLYLINE
  5
510
330
1F
100
AcDbEntity
  8
TopSilkLayer
100
AcDbPolyline
 90
1
 70
 0
 43
0.25400050800101603 
 10
9.397028194056475
 20
45.093040386080816
 10
12.961442722885522
 20
45.093040386080816
  0
LWPOLYLINE
  5
511
330
1F
100
AcDbEntity
  8
TopSilkLayer
100
AcDbPolyline
 90
1
 70
 0
 43
0.25400050800101603 
 10
12.96151892303783
 20
20.69298958597915
 10
9.397028194056475
 20
20.69298958597915
  0
LWPOLYLINE
  5
512
330
1F
100
AcDbEntity
  8
TopSilkLayer
100
AcDbPolyline
 90
1
 70
 0
 43
0.25400050800101603 
 10
18.797028194056338
 20
20.69298958597915
 10
15.232537465074984
 20
20.69298958597915
  0
LWPOLYLINE
  5
513
330
1F
100
AcDbEntity
  8
TopSilkLayer
100
AcDbPolyline
 90
1
 70
 0
 43
0.25400050800101603 
 10
9.397028194056475
 20
20.69298958597915
 10
9.397028194056475
 20
45.093040386080816
  0
LWPOLYLINE
  5
514
330
1F
100
AcDbEntity
  8
TopSilkLayer
100
AcDbPolyline
 90
1
 70
 0
 43
0.25400050800101603 
 10
18.797028194056338
 20
20.69298958597915
 10
18.797028194056338
 20
45.093040386080816
  0
LWPOLYLINE
  5
515
330
1F
100
AcDbEntity
  8
Mechanical
100
AcDbPolyline
 90
4
 70
 1
 43
0.049987299974599955 
 10
46.65989331978653
 20
24.55422910845823
 10
52.35966471932966
 20
24.55422910845823
 10
52.35966471932966
 20
34.35356870713747
 10
46.65989331978653
 20
34.35356870713747
 10
46.65989331978653
 20
24.55422910845823
  0
LWPOLYLINE
  5
516
330
1F
100
AcDbEntity
  8
TopSilkLayer
100
AcDbPolyline
 90
5
 70
 0
 43
0.11998983997967998 
 10
46.87071374142738
 20
28.463296926593898
 10
46.87071374142738
 20
26.69291338582684
 10
52.18948437896893
 20
26.69291338582684
 10
52.18948437896893
 20
32.23520447040892
 10
46.87071374142738
 20
32.23520447040892
 10
46.87071374142738
 20
30.46482092964186
  0
LWPOLYLINE
  5
517
330
1F
100
AcDbEntity
  8
Document
100
AcDbPolyline
 90
5
 70
 1
 43
0.1 
 10
46.99009398018802
 20
27.28981457962925
 10
46.99009398018802
 20
32.6390652781306
 10
52.07010414020829
 20
32.6390652781306
 10
52.07010414020829
 20
26.289052578105156
 10
47.990855981711775
 20
26.289052578105156
 10
46.99009398018802
 20
27.28981457962925
  0
LWPOLYLINE
  5
518
330
1F
100
AcDbEntity
  8
Mechanical
100
AcDbPolyline
 90
4
 70
 1
 43
0.049987299974599955 
 10
38.40487680975366
 20
24.681229362458794
 10
44.104648209296556
 20
24.681229362458794
 10
44.104648209296556
 20
34.48056896113792
 10
38.40487680975366
 20
34.48056896113792
 10
38.40487680975366
 20
24.681229362458794
  0
LWPOLYLINE
  5
519
330
1F
100
AcDbEntity
  8
TopSilkLayer
100
AcDbPolyline
 90
5
 70
 0
 43
0.11998983997967998 
 10
38.615697231394506
 20
28.590297180594348
 10
38.615697231394506
 20
26.81991363982729
 10
43.934467868935826
 20
26.81991363982729
 10
43.934467868935826
 20
32.36220472440948
 10
38.615697231394506
 20
32.36220472440948
 10
38.615697231394506
 20
30.591821183642423
  0
LWPOLYLINE
  5
51a
330
1F
100
AcDbEntity
  8
Document
100
AcDbPolyline
 90
5
 70
 1
 43
0.1 
 10
38.73507747015492
 20
27.4168148336297
 10
38.73507747015492
 20
32.76606553213105
 10
43.815087630175185
 20
32.76606553213105
 10
43.815087630175185
 20
26.41605283210572
 10
39.7358394716789
 20
26.41605283210572
 10
38.73507747015492
 20
27.4168148336297
  0
LWPOLYLINE
  5
51b
330
1F
100
AcDbEntity
  8
TopSilkLayer
100
AcDbPolyline
 90
1
 70
 0
 43
0.25400050800101603 
 10
84.25300990601977
 20
51.61910083820169
 10
84.25300990601977
 20
49.26911353822709
  0
LWPOLYLINE
  5
51c
330
1F
100
AcDbEntity
  8
TopSilkLayer
100
AcDbPolyline
 90
4
 70
 1
 43
0.25400050800101603 
 10
89.271170942342
 20
51.61910083820169
 10
89.271170942342
 20
49.26911353822709
 10
81.67117094234186
 20
49.26911353822709
 10
81.67117094234186
 20
51.61910083820169
 10
89.271170942342
 20
51.61910083820169
  0
LWPOLYLINE
  5
51d
330
1F
100
AcDbEntity
  8
TopSilkLayer
100
AcDbPolyline
 90
3
 70
 0
 43
0.15240030480060962 
 10
81.0517653035306
 20
42.971297942595925
 10
81.0517653035306
 20
43.93017526035055
 10
79.7305562611125
 20
43.93017526035055
 10
79.7305562611125
 20
42.971297942595925
  0
LWPOLYLINE
  5
51e
330
1F
100
AcDbEntity
  8
TopSilkLayer
100
AcDbPolyline
 90
3
 70
 0
 43
0.15240030480060962 
 10
81.0517653035306
 20
42.11887223774454
 10
81.0517653035306
 20
41.1599949199898
 10
79.7305562611125
 20
41.1599949199898
 10
79.7305562611125
 20
42.11887223774454
  0
LWPOLYLINE
  5
51f
330
1F
100
AcDbEntity
  8
TopSilkLayer
100
AcDbPolyline
 90
3
 70
 0
 43
0.15240030480060962 
 10
83.59177038354073
 20
42.971297942595925
 10
83.59177038354073
 20
43.93017526035055
 10
82.27056134112263
 20
43.93017526035055
 10
82.27056134112263
 20
42.971297942595925
  0
LWPOLYLINE
  5
520
330
1F
100
AcDbEntity
  8
TopSilkLayer
100
AcDbPolyline
 90
3
 70
 0
 43
0.15240030480060962 
 10
83.59177038354073
 20
42.11887223774454
 10
83.59177038354073
 20
41.1599949199898
 10
82.27056134112263
 20
41.1599949199898
 10
82.27056134112263
 20
42.11887223774454
  0
LWPOLYLINE
  5
521
330
1F
100
AcDbEntity
  8
TopSilkLayer
100
AcDbPolyline
 90
4
 70
 0
 43
0.25400050800101603 
 10
88.45621031242058
 20
0.5410464820929519
 10
88.45621031242058
 20
20.541046482093066
 10
96.55613411226818
 20
20.541021082042107
 10
96.55613411226818
 20
0.5408686817373791
 10
88.4661925323851
 20
0.5408686817373791
  0
LWPOLYLINE
  5
522
330
1F
100
AcDbEntity
  8
TopSilkLayer
100
AcDbPolyline
 90
3
 70
 0
 43
0.25400050800101603 
 10
90.04318008636028
 20
20.541021082042107
 10
90.04318008636028
 20
21.14041148082299
 10
89.02760985521968
 20
21.14041148082299
 10
89.02760985521968
 20
20.541021082042107
  0
LWPOLYLINE
  5
523
330
1F
100
AcDbEntity
  8
TopSilkLayer
100
AcDbPolyline
 90
3
 70
 0
 43
0.25400050800101603 
 10
95.91668783337559
 20
20.541021082042107
 10
95.91668783337559
 20
21.14041148082299
 10
94.90068580137154
 20
21.14041148082299
 10
94.90068580137154
 20
20.541021082042107
  0
LWPOLYLINE
  5
524
330
1F
100
AcDbEntity
  8
TopSilkLayer
100
AcDbPolyline
 90
3
 70
 0
 43
0.25400050800101603 
 10
96.55727711455415
 20
1.9132842265685213
 10
94.46697993395992
 20
1.9132842265685213
 10
94.46697993395992
 20
4.168834137668227
 10
96.55727711455415
 20
4.168834137668227
  0
LWPOLYLINE
  5
525
330
1F
100
AcDbEntity
  8
TopSilkLayer
100
AcDbPolyline
 90
3
 70
 0
 43
0.25400050800101603 
 10
96.54716789433587
 20
11.913233426466832
 10
94.45687071374141
 20
11.913233426466832
 10
94.45687071374141
 20
14.168808737617496
 10
96.54716789433587
 20
14.168808737617496
  0
LWPOLYLINE
  5
526
330
1F
100
AcDbEntity
  8
TopSilkLayer
100
AcDbPolyline
 90
3
 70
 0
 43
0.25400050800101603 
 10
96.55740411480815
 20
16.913258826517676
 10
94.46697993395992
 20
16.913258826517676
 10
94.46697993395992
 20
19.16875793751592
 10
96.55740411480815
 20
19.16875793751592
  0
LWPOLYLINE
  5
527
330
1F
100
AcDbEntity
  8
TopSilkLayer
100
AcDbPolyline
 90
3
 70
 0
 43
0.25400050800101603 
 10
88.45610871221743
 20
17.28166116332227
 10
89.15461010922013
 20
17.28166116332227
 10
89.15461010922013
 20
18.800533401066787
 10
88.45610871221743
 20
18.800533401066787
  0
LWPOLYLINE
  5
528
330
1F
100
AcDbEntity
  8
TopSilkLayer
100
AcDbPolyline
 90
3
 70
 0
 43
0.25400050800101603 
 10
88.45610871221743
 20
12.28166116332227
 10
89.15461010922013
 20
12.28166116332227
 10
89.15461010922013
 20
13.800635001269939
 10
88.45610871221743
 20
13.800635001269939
  0
LWPOLYLINE
  5
529
330
1F
100
AcDbEntity
  8
TopSilkLayer
100
AcDbPolyline
 90
3
 70
 0
 43
0.25400050800101603 
 10
96.55740411480815
 20
6.913233426466832
 10
94.46697993395992
 20
6.913233426466832
 10
94.46697993395992
 20
9.168783337566651
 10
96.55740411480815
 20
9.168783337566651
  0
LWPOLYLINE
  5
52a
330
1F
100
AcDbEntity
  8
TopSilkLayer
100
AcDbPolyline
 90
3
 70
 0
 43
0.25400050800101603 
 10
88.45610871221743
 20
7.281762763525535
 10
89.15461010922013
 20
7.281762763525535
 10
89.15461010922013
 20
8.800685801371628
 10
88.45610871221743
 20
8.800685801371628
  0
LWPOLYLINE
  5
52b
330
1F
100
AcDbEntity
  8
TopSilkLayer
100
AcDbPolyline
 90
3
 70
 0
 43
0.25400050800101603 
 10
88.45610871221743
 20
2.281813563627111
 10
89.15461010922013
 20
2.281813563627111
 10
89.15461010922013
 20
3.8007366014732042
 10
88.45610871221743
 20
3.8007366014732042
  0
LWPOLYLINE
  5
52c
330
1F
100
AcDbEntity
  8
TopSilkLayer
100
AcDbPolyline
 90
1
 70
 0
 43
0.25400050800101603 
 10
74.85115570231142
 20
38.2900431800864
 10
77.85115570231142
 20
38.2900431800864
  0
LWPOLYLINE
  5
52d
330
1F
100
AcDbEntity
  8
TopSilkLayer
100
AcDbPolyline
 90
1
 70
 0
 43
0.25400050800101603 
 10
77.85115570231142
 20
38.2900431800864
 10
77.85115570231142
 20
36.2900431800864
  0
LWPOLYLINE
  5
52e
330
1F
100
AcDbEntity
  8
TopSilkLayer
100
AcDbPolyline
 90
2
 70
 0
 43
0.25400050800101603 
 10
75.85115570231142
 20
36.2900431800864
 10
74.85115570231142
 20
36.2900431800864
 10
74.85115570231142
 20
38.2900431800864
  0
LWPOLYLINE
  5
52f
330
1F
100
AcDbEntity
  8
TopSilkLayer
100
AcDbPolyline
 90
4
 70
 1
 43
0.25400050800101603 
 10
72.85115570231142
 20
32.290093980187976
 10
72.85115570231142
 20
36.2900431800864
 10
79.85118110236226
 20
36.2900431800864
 10
79.85118110236226
 20
32.290093980187976
 10
72.85115570231142
 20
32.290093980187976
  0
LWPOLYLINE
  5
530
330
1F
100
AcDbEntity
  8
TopSilkLayer
100
AcDbPolyline
 90
2
 70
 0
 43
0.25400050800101603 
 10
77.85115570231142
 20
29.290068580137245
 10
78.85115570231142
 20
29.290068580137245
 10
78.85115570231142
 20
32.290093980187976
  0
LWPOLYLINE
  5
531
330
1F
100
AcDbEntity
  8
TopSilkLayer
100
AcDbPolyline
 90
1
 70
 0
 43
0.25400050800101603 
 10
77.85115570231142
 20
29.290068580137245
 10
77.85115570231142
 20
32.290093980187976
  0
LWPOLYLINE
  5
532
330
1F
100
AcDbEntity
  8
TopSilkLayer
100
AcDbPolyline
 90
2
 70
 0
 43
0.25400050800101603 
 10
75.85115570231142
 20
29.290068580137245
 10
76.85115570231142
 20
29.290068580137245
 10
76.85115570231142
 20
32.290093980187976
  0
LWPOLYLINE
  5
533
330
1F
100
AcDbEntity
  8
TopSilkLayer
100
AcDbPolyline
 90
1
 70
 0
 43
0.25400050800101603 
 10
75.85115570231142
 20
29.290068580137245
 10
75.85115570231142
 20
32.290093980187976
  0
LWPOLYLINE
  5
534
330
1F
100
AcDbEntity
  8
TopSilkLayer
100
AcDbPolyline
 90
2
 70
 0
 43
0.25400050800101603 
 10
73.85115570231164
 20
29.290068580137245
 10
74.85115570231142
 20
29.290068580137245
 10
74.85115570231142
 20
32.290093980187976
  0
LWPOLYLINE
  5
535
330
1F
100
AcDbEntity
  8
TopSilkLayer
100
AcDbPolyline
 90
1
 70
 0
 43
0.25400050800101603 
 10
73.85115570231164
 20
29.290068580137245
 10
73.85115570231164
 20
32.290093980187976
  0
LWPOLYLINE
  5
536
330
1F
100
AcDbEntity
  8
TopSilkLayer
100
AcDbPolyline
 90
3
 70
 0
 43
0.25400050800101603 
 10
58.39616459232934
 20
26.285267970535983
 10
70.85115570231142
 20
26.285267970535983
 10
70.85115570231142
 20
43.29006858013713
 10
58.39616459232934
 20
43.29006858013713
  0
LWPOLYLINE
  5
537
330
1F
100
AcDbEntity
  8
TopSilkLayer
100
AcDbPolyline
 90
4
 70
 1
 43
0.25400050800101603 
 10
91.85115570231164
 20
40.29006858013713
 10
91.85115570231164
 20
43.29006858013713
 10
95.85115570231142
 20
43.29006858013713
 10
95.85115570231142
 20
40.29006858013713
 10
91.85115570231164
 20
40.29006858013713
  0
LWPOLYLINE
  5
538
330
1F
100
AcDbEntity
  8
TopSilkLayer
100
AcDbPolyline
 90
4
 70
 1
 43
0.25400050800101603 
 10
91.85115570231164
 20
25.29006858013713
 10
91.85115570231164
 20
28.290068580137245
 10
95.85115570231142
 20
28.290068580137245
 10
95.85115570231142
 20
25.29006858013713
 10
91.85115570231164
 20
25.29006858013713
  0
LWPOLYLINE
  5
539
330
1F
100
AcDbEntity
  8
TopSilkLayer
100
AcDbPolyline
 90
2
 70
 0
 43
0.25400050800101603 
 10
93.85115570231142
 20
31.29006858013713
 10
93.85115570231142
 20
37.290068580137245
 10
97.30614681229349
 20
37.290068580137245
  0
LWPOLYLINE
  5
53a
330
1F
100
AcDbEntity
  8
TopSilkLayer
100
AcDbPolyline
 90
1
 70
 0
 43
0.25400050800101603 
 10
93.85115570231142
 20
31.29006858013713
 10
97.30614681229349
 20
31.29006858013713
  0
LWPOLYLINE
  5
53b
330
1F
100
AcDbEntity
  8
TopSilkLayer
100
AcDbPolyline
 90
1
 70
 0
 43
0.25400050800101603 
 10
59.091059182118215
 20
21.5900685801372
 10
96.50116840233704
 20
21.5900685801372
  0
LWPOLYLINE
  5
53c
330
1F
100
AcDbEntity
  8
TopSilkLayer
100
AcDbPolyline
 90
1
 70
 0
 43
0.25400050800101603 
 10
96.61125222250462
 20
46.99006858013718
 10
59.0910337820676
 20
46.99006858013718
  0
LWPOLYLINE
  5
53d
330
1F
100
AcDbEntity
  8
TopSilkLayer
100
AcDbPolyline
 90
1
 70
 0
 43
0.25400050800101603 
 10
59.0910337820676
 20
46.99006858013718
 10
58.39616459232934
 20
46.99006858013718
  0
LWPOLYLINE
  5
53e
330
1F
100
AcDbEntity
  8
TopSilkLayer
100
AcDbPolyline
 90
1
 70
 0
 43
0.25400050800101603 
 10
97.30614681229349
 20
46.99006858013718
 10
96.61125222250462
 20
46.99006858013718
  0
LWPOLYLINE
  5
53f
330
1F
100
AcDbEntity
  8
TopSilkLayer
100
AcDbPolyline
 90
2
 70
 0
 43
0.25400050800101603 
 10
59.091059182118215
 20
21.5900685801372
 10
58.39616459232934
 20
21.5900685801372
 10
58.39616459232934
 20
46.99006858013718
  0
LWPOLYLINE
  5
540
330
1F
100
AcDbEntity
  8
TopSilkLayer
100
AcDbPolyline
 90
2
 70
 0
 43
0.25400050800101603 
 10
97.30614681229349
 20
46.99006858013718
 10
97.30614681229349
 20
21.5900685801372
 10
96.61122682245377
 20
21.5900685801372
  0
LWPOLYLINE
  5
541
330
1F
100
AcDbEntity
  8
TopSilkLayer
100
AcDbPolyline
 90
4
 70
 0
 43
0.25400050800101603 
 10
22.639090678181446
 20
18.351003302006575
 10
42.63909067818145
 20
18.351003302006575
 10
42.6390652781306
 20
10.251079502158973
 10
22.63891287782576
 20
10.251079502158973
 10
22.63891287782576
 20
18.341021082042175
  0
LWPOLYLINE
  5
542
330
1F
100
AcDbEntity
  8
TopSilkLayer
100
AcDbPolyline
 90
3
 70
 0
 43
0.25400050800101603 
 10
42.6390652781306
 20
16.764033528067102
 10
43.23845567691137
 20
16.764033528067102
 10
43.23845567691137
 20
17.77960375920759
 10
42.6390652781306
 20
17.77960375920759
  0
LWPOLYLINE
  5
543
330
1F
100
AcDbEntity
  8
TopSilkLayer
100
AcDbPolyline
 90
3
 70
 0
 43
0.25400050800101603 
 10
42.6390652781306
 20
10.890525781051679
 10
43.23845567691137
 20
10.890525781051679
 10
43.23845567691137
 20
11.906527813055732
 10
42.6390652781306
 20
11.906527813055732
  0
LWPOLYLINE
  5
544
330
1F
100
AcDbEntity
  8
TopSilkLayer
100
AcDbPolyline
 90
3
 70
 0
 43
0.25400050800101603 
 10
24.01132842265679
 20
10.249936499873002
 10
24.01132842265679
 20
12.340233680467463
 10
26.266878333756722
 20
12.340233680467463
 10
26.266878333756722
 20
10.249936499873002
  0
LWPOLYLINE
  5
545
330
1F
100
AcDbEntity
  8
TopSilkLayer
100
AcDbPolyline
 90
3
 70
 0
 43
0.25400050800101603 
 10
34.011277622555326
 20
10.260045720091398
 10
34.011277622555326
 20
12.35034290068586
 10
36.26685293370588
 20
12.35034290068586
 10
36.26685293370588
 20
10.260045720091398
  0
LWPOLYLINE
  5
546
330
1F
100
AcDbEntity
  8
TopSilkLayer
100
AcDbPolyline
 90
3
 70
 0
 43
0.25400050800101603 
 10
39.011303022605944
 20
10.249809499619118
 10
39.011303022605944
 20
12.340233680467463
 10
41.266802133604415
 20
12.340233680467463
 10
41.266802133604415
 20
10.249809499619118
  0
LWPOLYLINE
  5
547
330
1F
100
AcDbEntity
  8
TopSilkLayer
100
AcDbPolyline
 90
3
 70
 0
 43
0.25400050800101603 
 10
39.379705359410764
 20
18.35110490220984
 10
39.379705359410764
 20
17.65260350520714
 10
40.89857759715528
 20
17.65260350520714
 10
40.89857759715528
 20
18.35110490220984
  0
LWPOLYLINE
  5
548
330
1F
100
AcDbEntity
  8
TopSilkLayer
100
AcDbPolyline
 90
3
 70
 0
 43
0.25400050800101603 
 10
34.379705359410764
 20
18.35110490220984
 10
34.379705359410764
 20
17.65260350520714
 10
35.89867919735843
 20
17.65260350520714
 10
35.89867919735843
 20
18.35110490220984
  0
LWPOLYLINE
  5
549
330
1F
100
AcDbEntity
  8
TopSilkLayer
100
AcDbPolyline
 90
3
 70
 0
 43
0.25400050800101603 
 10
29.011277622555326
 20
10.249809499619118
 10
29.011277622555326
 20
12.340233680467463
 10
31.266827533655032
 20
12.340233680467463
 10
31.266827533655032
 20
10.249809499619118
  0
LWPOLYLINE
  5
54a
330
1F
100
AcDbEntity
  8
TopSilkLayer
100
AcDbPolyline
 90
3
 70
 0
 43
0.25400050800101603 
 10
29.379806959613916
 20
18.35110490220984
 10
29.379806959613916
 20
17.65260350520714
 10
30.898729997459895
 20
17.65260350520714
 10
30.898729997459895
 20
18.35110490220984
  0
LWPOLYLINE
  5
54b
330
1F
100
AcDbEntity
  8
TopSilkLayer
100
AcDbPolyline
 90
3
 70
 0
 43
0.25400050800101603 
 10
24.379857759715605
 20
18.35110490220984
 10
24.379857759715605
 20
17.65260350520714
 10
25.898780797561585
 20
17.65260350520714
 10
25.898780797561585
 20
18.35110490220984
  0
LWPOLYLINE
  5
54c
330
1F
100
AcDbEntity
  8
TopSilkLayer
100
AcDbPolyline
 90
1
 70
 0
 43
0.25400050800101603 
 10
75.54587249174506
 20
52.49227838455681
 10
75.54587249174506
 20
51.692278384556744
  0
LWPOLYLINE
  5
54d
330
1F
100
AcDbEntity
  8
TopSilkLayer
100
AcDbPolyline
 90
1
 70
 0
 43
0.25400050800101603 
 10
75.14587249174497
 20
52.092278384556835
 10
75.94587249174492
 20
52.092278384556835
  0
LWPOLYLINE
  5
54e
330
1F
100
AcDbEntity
  8
TopSilkLayer
100
AcDbPolyline
 90
1
 70
 0
 43
0.25400050800101603 
 10
54.46383032766062
 20
25.06022352044704
 10
54.46383032766062
 20
24.26022352044697
  0
LWPOLYLINE
  5
54f
330
1F
100
AcDbEntity
  8
TopSilkLayer
100
AcDbPolyline
 90
1
 70
 0
 43
0.25400050800101603 
 10
54.06383032766075
 20
24.66022352044706
 10
54.86383032766048
 20
24.66022352044706
  0
ARC
  5
550
330
1F
100
AcDbEntity
  8
TopSilkLayer
100
AcDbCircle
 10
49.27660196630245
 20
40.513081026162126
 30
0.0
 40
2.4003048006096015
100
AcDbArc
 50
41.4048731204333
 51
318.5951268795667
  0
ARC
  5
551
330
1F
100
AcDbEntity
  8
TopSilkLayer
100
AcDbCircle
 10
41.5295864722716
 20
40.640081280162576
 30
0.0
 40
2.4003048006096015
100
AcDbArc
 50
41.4048731204333
 51
318.5951268795667
  0
ARC
  5
552
330
1F
100
AcDbEntity
  8
TopSilkLayer
100
AcDbCircle
 10
33.14756970823805
 20
40.640081280162576
 30
0.0
 40
2.4003048006096015
100
AcDbArc
 50
41.4048731204333
 51
318.5951268795667
  0
ARC
  5
553
330
1F
100
AcDbEntity
  8
TopSilkLayer
100
AcDbCircle
 10
23.749550912200448
 20
40.640081280162576
 30
0.0
 40
2.4003048006096015
100
AcDbArc
 50
41.4048731204333
 51
318.5951268795667
  0
ARC
  5
554
330
1F
100
AcDbEntity
  8
TopSilkLayer
100
AcDbCircle
 10
31.249072671035265
 20
29.718059436118892
 30
0.0
 40
1
100
AcDbArc
 50
270
 51
90
  0
ARC
  5
555
330
1F
100
AcDbEntity
  8
TopSilkLayer
100
AcDbCircle
 10
22.232054636999237
 20
29.972059944119906
 30
0.0
 40
1
100
AcDbArc
 50
270
 51
90
  0
ARC
  5
556
330
1F
100
AcDbEntity
  8
TopSilkLayer
100
AcDbCircle
 10
46.870103913097864
 20
29.46405892811788
 30
0.0
 40
1
100
AcDbArc
 50
270
 51
90
  0
ARC
  5
557
330
1F
100
AcDbEntity
  8
TopSilkLayer
100
AcDbCircle
 10
38.61508740306476
 20
29.591059182118443
 30
0.0
 40
1
100
AcDbArc
 50
270
 51
90
0
TEXT
5
b2f
100
AcDbEntity
8
TopSilkLayer
7

461
1
100
AcDbText
10
85.59817119634249
20
52.07010414020829
30
0
40
1
1
TEMP
50
0
71
1
100
AcDbText
0
TEXT
5
b30
100
AcDbEntity
8
TopSilkLayer
7

461
3.0000000000000004
100
AcDbText
10
0.5080010160020265
20
2.413004826009683
30
0
40
3.0000000000000004
1
AlbertoVE automatische voederbak V1.0
50
0
71
1
100
AcDbText
0
TEXT
5
b31
100
AcDbEntity
8
TopSilkLayer
7

461
1
100
AcDbText
10
13.335026670053367
20
8.255016510032988
30
0
40
1
1
Lin
50
0
71
1
100
AcDbText
0
TEXT
5
b32
100
AcDbEntity
8
TopSilkLayer
7

461
1
100
AcDbText
10
7.620015240030398
20
8.255016510032988
30
0
40
1
1
GND
50
0
71
1
100
AcDbText
0
TEXT
5
b33
100
AcDbEntity
8
TopSilkLayer
7

461
1
100
AcDbText
10
17.52603505207003
20
8.128016256032538
30
0
40
1
1
GND
50
0
71
1
100
AcDbText
0
TEXT
5
b34
100
AcDbEntity
8
TopSilkLayer
7

461
1
100
AcDbText
10
28.95605791211574
20
8.128016256032538
30
0
40
1
1
GND
50
0
71
1
100
AcDbText
0
TEXT
5
b35
100
AcDbEntity
8
TopSilkLayer
7

461
1
100
AcDbText
10
38.98907797815605
20
8.128016256032538
30
0
40
1
1
GND
50
0
71
1
100
AcDbText
0
TEXT
5
b36
100
AcDbEntity
8
TopSilkLayer
7

461
1
100
AcDbText
10
50.41910083820176
20
8.001016002031974
30
0
40
1
1
GND
50
0
71
1
100
AcDbText
0
TEXT
5
b37
100
AcDbEntity
8
TopSilkLayer
7

461
1
100
AcDbText
10
60.45212090424184
20
8.001016002031974
30
0
40
1
1
GND
50
0
71
1
100
AcDbText
0
TEXT
5
b38
100
AcDbEntity
8
TopSilkLayer
7

461
1
100
AcDbText
10
70.35814071628147
20
8.128016256032538
30
0
40
1
1
GND
50
0
71
1
100
AcDbText
0
TEXT
5
b39
100
AcDbEntity
8
TopSilkLayer
7

461
1
100
AcDbText
10
80.39116078232155
20
8.128016256032538
30
0
40
1
1
GND
50
0
71
1
100
AcDbText
0
TEXT
5
b3a
100
AcDbEntity
8
TopSilkLayer
7

461
1
100
AcDbText
10
97.15519431038865
20
7.493014986029948
30
0
40
1
1
GND
50
0
71
1
100
AcDbText
0
TEXT
5
b3b
100
AcDbEntity
8
TopSilkLayer
7

461
1
100
AcDbText
10
97.2821945643891
20
17.39903479806958
30
0
40
1
1
GND
50
0
71
1
100
AcDbText
0
TEXT
5
b3c
100
AcDbEntity
8
TopSilkLayer
7

461
1
100
AcDbText
10
79.3751587503175
20
64.89712979425963
30
0
40
1
1
GND
50
0
71
1
100
AcDbText
0
TEXT
5
b3d
100
AcDbEntity
8
TopSilkLayer
7

461
1
100
AcDbText
10
84.20116840233686
20
64.89712979425963
30
0
40
1
1
GND
50
0
71
1
100
AcDbText
0
TEXT
5
b3e
100
AcDbEntity
8
TopSilkLayer
7

461
1
100
AcDbText
10
2.413004826009683
20
8.255016510032988
30
0
40
1
1
Nood                  \nstop
50
0
71
1
100
AcDbText
0
TEXT
5
b3f
100
AcDbEntity
8
TopSilkLayer
7

461
1
100
AcDbText
10
23.495046990093897
20
8.001016002031974
30
0
40
1
1
Lout
50
0
71
1
100
AcDbText
0
TEXT
5
b40
100
AcDbEntity
8
TopSilkLayer
7

461
1
100
AcDbText
10
34.16306832613668
20
8.128016256032538
30
0
40
1
1
5V
50
0
71
1
100
AcDbText
0
TEXT
5
b41
100
AcDbEntity
8
TopSilkLayer
7

461
1
100
AcDbText
10
97.40919481838978
20
12.573025146050327
30
0
40
1
1
G21
50
0
71
1
100
AcDbText
0
TEXT
5
b42
100
AcDbEntity
8
TopSilkLayer
7

461
1
100
AcDbText
10
97.0281940563882
20
2.5400050800101326
30
0
40
1
1
G20
50
0
71
1
100
AcDbText
0
TEXT
5
b43
100
AcDbEntity
8
TopSilkLayer
7

461
1
100
AcDbText
10
45.33909067818149
20
8.128016256032538
30
0
40
1
1
S1.1
50
0
71
1
100
AcDbText
0
TEXT
5
b44
100
AcDbEntity
8
TopSilkLayer
7

461
1
100
AcDbText
10
55.49911099822202
20
8.001016002031974
30
0
40
1
1
S1.2
50
0
71
1
100
AcDbText
0
TEXT
5
b45
100
AcDbEntity
8
TopSilkLayer
7

461
1
100
AcDbText
10
65.5321310642621
20
8.001016002031974
30
0
40
1
1
S2.1
50
0
71
1
100
AcDbText
0
TEXT
5
b46
100
AcDbEntity
8
TopSilkLayer
7

461
1
100
AcDbText
10
75.43815087630173
20
8.001016002031974
30
0
40
1
1
S2.2
50
0
71
1
100
AcDbText
0
TEXT
5
b47
100
AcDbEntity
8
TopSilkLayer
7

461
1
100
AcDbText
10
69.21513843027697
20
64.64312928625861
30
0
40
1
1
M1.1
50
0
71
1
100
AcDbText
0
TEXT
5
b48
100
AcDbEntity
8
TopSilkLayer
7

461
1
100
AcDbText
10
74.29514859029723
20
64.77012954025906
30
0
40
1
1
M1.2
50
0
71
1
100
AcDbText
0
TEXT
5
b49
100
AcDbEntity
8
TopSilkLayer
7

461
1
100
AcDbText
10
89.40817881635758
20
64.3891287782576
30
0
40
1
1
M2.1
50
0
71
1
100
AcDbText
0
TEXT
5
b4a
100
AcDbEntity
8
TopSilkLayer
7

461
1
100
AcDbText
10
94.23418846837694
20
64.3891287782576
30
0
40
1
1
M2.2
50
0
71
1
100
AcDbText
0
TEXT
5
b4b
100
AcDbEntity
8
TopSilkLayer
7

461
1.143002286004572
100
AcDbText
10
53.08610617221234
20
46.99009398018802
30
0
40
1.143002286004572
1
D1
50
0
71
1
100
AcDbText
0
TEXT
5
b4c
100
AcDbEntity
8
TopSilkLayer
7

461
1.143002286004572
100
AcDbText
10
37.08407416814839
20
47.11709423418847
30
0
40
1.143002286004572
1
D2
50
0
71
1
100
AcDbText
0
TEXT
5
b4d
100
AcDbEntity
8
TopSilkLayer
7

461
1.143002286004572
100
AcDbText
10
22.352044704089394
20
47.11709423418847
30
0
40
1.143002286004572
1
D3
50
0
71
1
100
AcDbText
0
TEXT
5
b4e
100
AcDbEntity
8
TopSilkLayer
7

461
1.143002286004572
100
AcDbText
10
4.953009906019815
20
47.244094488189035
30
0
40
1.143002286004572
1
D4
50
0
71
1
100
AcDbText
0
TEXT
5
b4f
100
AcDbEntity
8
TopSilkLayer
7

461
1.143002286004572
100
AcDbText
10
49.530099060198154
20
43.18008636017271
30
0
40
1.143002286004572
1
Q1
50
0
71
1
100
AcDbText
0
TEXT
5
b50
100
AcDbEntity
8
TopSilkLayer
7

461
1.5011430022860048
100
AcDbText
10
51.89230378460775
20
41.02108204216415
30
0
40
1.5011430022860048
1
1
50
0
71
1
100
AcDbText
0
TEXT
5
b51
100
AcDbEntity
8
TopSilkLayer
7

461
1.5011430022860048
100
AcDbText
10
51.56210312420626
20
38.48107696215391
30
0
40
1.5011430022860048
1
3
50
0
71
1
100
AcDbText
0
TEXT
5
b52
100
AcDbEntity
8
TopSilkLayer
7

461
1.143002286004572
100
AcDbText
10
41.78308356616708
20
43.30708661417327
30
0
40
1.143002286004572
1
Q2
50
0
71
1
100
AcDbText
0
TEXT
5
b53
100
AcDbEntity
8
TopSilkLayer
7

461
1.5011430022860048
100
AcDbText
10
44.14528829057667
20
41.1480822961646
30
0
40
1.5011430022860048
1
1
50
0
71
1
100
AcDbText
0
TEXT
5
b54
100
AcDbEntity
8
TopSilkLayer
7

461
1.5011430022860048
100
AcDbText
10
43.815087630175185
20
38.60807721615447
30
0
40
1.5011430022860048
1
3
50
0
71
1
100
AcDbText
0
TEXT
5
b55
100
AcDbEntity
8
TopSilkLayer
7

461
1.143002286004572
100
AcDbText
10
33.40106680213353
20
43.30708661417327
30
0
40
1.143002286004572
1
Q3
50
0
71
1
100
AcDbText
0
TEXT
5
b56
100
AcDbEntity
8
TopSilkLayer
7

461
1.5011430022860048
100
AcDbText
10
35.76327152654312
20
41.1480822961646
30
0
40
1.5011430022860048
1
1
50
0
71
1
100
AcDbText
0
TEXT
5
b57
100
AcDbEntity
8
TopSilkLayer
7

461
1.5011430022860048
100
AcDbText
10
35.43307086614186
20
38.60807721615447
30
0
40
1.5011430022860048
1
3
50
0
71
1
100
AcDbText
0
TEXT
5
b58
100
AcDbEntity
8
TopSilkLayer
7

461
1.143002286004572
100
AcDbText
10
24.003048006095923
20
43.30708661417327
30
0
40
1.143002286004572
1
Q4
50
0
71
1
100
AcDbText
0
TEXT
5
b59
100
AcDbEntity
8
TopSilkLayer
7

461
1.5011430022860048
100
AcDbText
10
26.365252730505517
20
41.1480822961646
30
0
40
1.5011430022860048
1
1
50
0
71
1
100
AcDbText
0
TEXT
5
b5a
100
AcDbEntity
8
TopSilkLayer
7

461
1.5011430022860048
100
AcDbText
10
26.035052070104257
20
38.60807721615447
30
0
40
1.5011430022860048
1
3
50
0
71
1
100
AcDbText
0
TEXT
5
b5b
100
AcDbEntity
8
TopSilkLayer
7

461
1.143002286004572
100
AcDbText
10
72.13614427228867
20
27.813055626111236
30
0
40
1.143002286004572
1
R1
50
0
71
1
100
AcDbText
0
TEXT
5
b5c
100
AcDbEntity
8
TopSilkLayer
7

461
1.143002286004572
100
AcDbText
10
74.42214884429768
20
27.813055626111236
30
0
40
1.143002286004572
1
R2
50
0
71
1
100
AcDbText
0
TEXT
5
b5d
100
AcDbEntity
8
TopSilkLayer
7

461
1.143002286004572
100
AcDbText
10
77.08915417830849
20
27.813055626111236
30
0
40
1.143002286004572
1
R3
50
0
71
1
100
AcDbText
0
TEXT
5
b5e
100
AcDbEntity
8
TopSilkLayer
7

461
1.143002286004572
100
AcDbText
10
79.50215900431795
20
27.813055626111236
30
0
40
1.143002286004572
1
R4
50
0
71
1
100
AcDbText
0
TEXT
5
b5f
100
AcDbEntity
8
TopSilkLayer
7

461
1.143002286004572
100
AcDbText
10
49.27609855219703
20
23.241046482092997
30
0
40
1.143002286004572
1
R5
50
0
71
1
100
AcDbText
0
TEXT
5
b60
100
AcDbEntity
8
TopSilkLayer
7

461
1.143002286004572
100
AcDbText
10
41.02108204216415
20
23.368046736093447
30
0
40
1.143002286004572
1
R6
50
0
71
1
100
AcDbText
0
TEXT
5
b61
100
AcDbEntity
8
TopSilkLayer
7

461
1.143002286004572
100
AcDbText
10
47.49809499619005
20
36.06807213614434
30
0
40
1.143002286004572
1
R7
50
0
71
1
100
AcDbText
0
TEXT
5
b62
100
AcDbEntity
8
TopSilkLayer
7

461
1.143002286004572
100
AcDbText
10
38.98907797815605
20
36.4490728981458
30
0
40
1.143002286004572
1
R8
50
0
71
1
100
AcDbText
0
TEXT
5
b63
100
AcDbEntity
8
TopSilkLayer
7

461
1.143002286004572
100
AcDbText
10
33.655067310134655
20
23.368046736093447
30
0
40
1.143002286004572
1
R9
50
0
71
1
100
AcDbText
0
TEXT
5
b64
100
AcDbEntity
8
TopSilkLayer
7

461
1.143002286004572
100
AcDbText
10
31.4960629921261
20
36.32207264414535
30
0
40
1.143002286004572
1
R10
50
0
71
1
100
AcDbText
0
TEXT
5
b65
100
AcDbEntity
8
TopSilkLayer
7

461
1.143002286004572
100
AcDbText
10
24.638049276098627
20
23.241046482092997
30
0
40
1.143002286004572
1
R11
50
0
71
1
100
AcDbText
0
TEXT
5
b66
100
AcDbEntity
8
TopSilkLayer
7

461
1.143002286004572
100
AcDbText
10
22.73304546609097
20
36.4490728981458
30
0
40
1.143002286004572
1
R12
50
0
71
1
100
AcDbText
0
TEXT
5
b67
100
AcDbEntity
8
TopSilkLayer
7

461
1.143002286004572
100
AcDbText
10
4.826009652019366
20
21.717043434086918
30
0
40
1.143002286004572
1
R13
50
0
71
1
100
AcDbText
0
TEXT
5
b68
100
AcDbEntity
8
TopSilkLayer
7

461
1.143002286004572
100
AcDbText
10
49.530099060198154
20
68.45313690627381
30
0
40
1.143002286004572
1
RLY1
50
0
71
1
100
AcDbText
0
TEXT
5
b69
100
AcDbEntity
8
TopSilkLayer
7

461
1.143002286004572
100
AcDbText
10
33.782067564135104
20
68.45313690627381
30
0
40
1.143002286004572
1
RLY2
50
0
71
1
100
AcDbText
0
TEXT
5
b6a
100
AcDbEntity
8
TopSilkLayer
7

461
1.143002286004572
100
AcDbText
10
17.780035560071155
20
68.45313690627381
30
0
40
1.143002286004572
1
RLY3
50
0
71
1
100
AcDbText
0
TEXT
5
b6b
100
AcDbEntity
8
TopSilkLayer
7

461
1.143002286004572
100
AcDbText
10
1.7780035560070928
20
68.45313690627381
30
0
40
1.143002286004572
1
RLY4
50
0
71
1
100
AcDbText
0
TEXT
5
b6c
100
AcDbEntity
8
TopSilkLayer
7

461
1.143002286004572
100
AcDbText
10
65.65913131826255
20
62.23012446024893
30
0
40
1.143002286004572
1
U1
50
0
71
1
100
AcDbText
0
TEXT
5
b6d
100
AcDbEntity
8
TopSilkLayer
7

461
1.143002286004572
100
AcDbText
10
64.500127000254
20
18.776987553975232
30
0
40
1.143002286004572
1
U2
50
0
71
1
100
AcDbText
0
TEXT
5
b6e
100
AcDbEntity
8
TopSilkLayer
7

461
1.143002286004572
100
AcDbText
10
31.4960629921261
20
34.67106934213871
30
0
40
1.143002286004572
1
U3
50
0
71
1
100
AcDbText
0
TEXT
5
b6f
100
AcDbEntity
8
TopSilkLayer
7

461
1.143002286004572
100
AcDbText
10
22.60604521209052
20
34.79806959613927
30
0
40
1.143002286004572
1
U4
50
0
71
1
100
AcDbText
0
TEXT
5
b70
100
AcDbEntity
8
TopSilkLayer
7

461
1.143002286004572
100
AcDbText
10
11.684023368046837
20
18.712979425958792
30
0
40
1.143002286004572
1
U5
50
0
71
1
100
AcDbText
0
TEXT
5
b71
100
AcDbEntity
8
TopSilkLayer
7

461
1.143002286004572
100
AcDbText
10
7.366014732029498
20
43.43408686817372
30
0
40
1.143002286004572
1
U6
50
0
71
1
100
AcDbText
0
TEXT
5
b72
100
AcDbEntity
8
TopSilkLayer
7

461
1.143002286004572
100
AcDbText
10
47.3710947421896
20
34.54406908813826
30
0
40
1.143002286004572
1
U10
50
0
71
1
100
AcDbText
0
TEXT
5
b73
100
AcDbEntity
8
TopSilkLayer
7

461
1.143002286004572
100
AcDbText
10
38.86207772415537
20
34.67106934213871
30
0
40
1.143002286004572
1
U11
50
0
71
1
100
AcDbText
0
TEXT
5
b74
100
AcDbEntity
8
TopSilkLayer
7

461
1.143002286004572
100
AcDbText
10
81.78816357632718
20
52.07010414020829
30
0
40
1.143002286004572
1
H3
50
0
71
1
100
AcDbText
0
TEXT
5
b75
100
AcDbEntity
8
TopSilkLayer
7

461
1.143002286004572
100
AcDbText
10
77.08915417830849
20
41.275082550165166
30
0
40
1.143002286004572
1
R14
50
0
71
1
100
AcDbText
0
TEXT
5
b76
100
AcDbEntity
8
TopSilkLayer
7

461
1.143002286004572
100
AcDbText
10
83.94716789433573
20
41.275082550165166
30
0
40
1.143002286004572
1
R15
50
0
71
1
100
AcDbText
0
TEXT
5
b77
100
AcDbEntity
8
TopSilkLayer
7

461
1.143002286004572
100
AcDbText
10
86.10617221234452
20
19.304038608077235
30
0
40
1.143002286004572
1
U7
50
0
71
1
100
AcDbText
0
TEXT
5
b78
100
AcDbEntity
8
TopSilkLayer
7

461
1.143002286004572
100
AcDbText
10
58.54711709423418
20
47.244094488189035
30
0
40
1.143002286004572
1
U8
50
0
71
1
100
AcDbText
0
TEXT
5
b79
100
AcDbEntity
8
TopSilkLayer
7

461
1.143002286004572
100
AcDbText
10
32.8930657861315
20
18.712979425958792
30
0
40
1.143002286004572
1
U9
50
0
71
1
100
AcDbText
0
TEXT
5
b7a
100
AcDbEntity
8
TopSilkLayer
7

461
1.143002286004572
100
AcDbText
10
75.97790195580387
20
53.33985267970536
30
0
40
1.143002286004572
1
C1
50
0
71
1
100
AcDbText
0
TEXT
5
b7b
100
AcDbEntity
8
TopSilkLayer
7

461
1.143002286004572
100
AcDbText
10
54.89585979171966
20
25.907797815595586
30
0
40
1.143002286004572
1
C2
50
0
71
1
100
AcDbText
  0
CIRCLE
  5
558
330
1F
100
AcDbEntity
  8
Document
100
AcDbCircle
 10
64.07721615443234
 20
49.931165862331795
 30
0.0
 40
0.24993649987299976
  0
CIRCLE
  5
559
330
1F
100
AcDbEntity
  8
TopSilkLayer
100
AcDbCircle
 10
64.07721615443234
 20
49.931165862331795
 30
0.0
 40
0.5001270002540006
  0
CIRCLE
  5
55a
330
1F
100
AcDbEntity
  8
Document
100
AcDbCircle
 10
48.075184150368386
 20
49.931165862331795
 30
0.0
 40
0.24993649987299976
  0
CIRCLE
  5
55b
330
1F
100
AcDbEntity
  8
TopSilkLayer
100
AcDbCircle
 10
48.075184150368386
 20
49.931165862331795
 30
0.0
 40
0.5001270002540006
  0
CIRCLE
  5
55c
330
1F
100
AcDbEntity
  8
Document
100
AcDbCircle
 10
32.07315214630421
 20
49.931165862331795
 30
0.0
 40
0.24993649987299976
  0
CIRCLE
  5
55d
330
1F
100
AcDbEntity
  8
TopSilkLayer
100
AcDbCircle
 10
32.07315214630421
 20
49.931165862331795
 30
0.0
 40
0.5001270002540006
  0
CIRCLE
  5
55e
330
1F
100
AcDbEntity
  8
Document
100
AcDbCircle
 10
16.07112014224026
 20
49.931165862331795
 30
0.0
 40
0.24993649987299976
  0
CIRCLE
  5
55f
330
1F
100
AcDbEntity
  8
TopSilkLayer
100
AcDbCircle
 10
16.07112014224026
 20
49.931165862331795
 30
0.0
 40
0.5001270002540006
  0
CIRCLE
  5
560
330
1F
100
AcDbEntity
  8
TopSilkLayer
100
AcDbCircle
 10
76.20015240030489
 20
50.54610109220221
 30
0.0
 40
2.500127000254001
  0
CIRCLE
  5
561
330
1F
100
AcDbEntity
  8
TopSilkLayer
100
AcDbCircle
 10
55.118110236220446
 20
23.114046228092434
 30
0.0
 40
2.500127000254001
  0
CIRCLE
  5
562
330
1F
100
AcDbEntity
  8
TopSolderMaskLayer
100
AcDbCircle
 10
93.34521209042418
 20
50.927101854203784
 30
0.0
 40
1.5435429442287458
  0
CIRCLE
  5
563
330
1F
100
AcDbEntity
  8
TopSolderMaskLayer
100
AcDbCircle
 10
93.34518669037334
 20
50.927101854203784
 30
0.0
 40
1.8008001016002035
0
HATCH
5
564
100
AcDbEntity
8
TopSolderMaskLayer
100
AcDbHatch
10
0
20
0
30
0
210
0
220
0
230
1
2
SOLID
70
1
71
0
91
1
92
7
72
1
73
1
93
2
10
91.54438658877314
20
50.927101854203784
42
1
10
95.14598679197354
20
50.927101854203784
42
1
97
1
330

75
0
76
1
47
0.8681437583925616
98
1
10
3.629517071192367
20
33.92795499968543
450
0
451
0
460
0
461
0
452
1
462
1
453
2
463
0
63
5
421
255
463
1
63
7
421
16777215
470
LINEAR
1001
ACAD
1010
0
1020
0
1030
0
  0
CIRCLE
  5
565
330
1F
100
AcDbEntity
  8
BottomSolderMaskLayer
100
AcDbCircle
 10
93.34521209042418
 20
50.927101854203784
 30
0.0
 40
1.5435429442287458
  0
CIRCLE
  5
566
330
1F
100
AcDbEntity
  8
BottomSolderMaskLayer
100
AcDbCircle
 10
93.34518669037334
 20
50.927101854203784
 30
0.0
 40
1.8008001016002035
0
HATCH
5
567
100
AcDbEntity
8
BottomSolderMaskLayer
100
AcDbHatch
10
0
20
0
30
0
210
0
220
0
230
1
2
SOLID
70
1
71
0
91
1
92
7
72
1
73
1
93
2
10
91.54438658877314
20
50.927101854203784
42
1
10
95.14598679197354
20
50.927101854203784
42
1
97
1
330

75
0
76
1
47
0.8681437583925616
98
1
10
3.629517071192367
20
33.92795499968543
450
0
451
0
460
0
461
0
452
1
462
1
453
2
463
0
63
5
421
255
463
1
63
7
421
16777215
470
LINEAR
1001
ACAD
1010
0
1020
0
1030
0
  0
CIRCLE
  5
568
330
1F
100
AcDbEntity
  8
Multi-Layer
100
AcDbCircle
 10
93.34521209042418
 20
50.927101854203784
 30
0.0
 40
1.5000000000000002
  0
CIRCLE
  5
569
330
1F
100
AcDbEntity
  8
Multi-Layer
100
AcDbCircle
 10
93.34518669037334
 20
50.927101854203784
 30
0.0
 40
1.7500000000000002
  0
CIRCLE
  5
56a
330
1F
100
AcDbEntity
  8
TopSolderMaskLayer
100
AcDbCircle
 10
4.318034036068184
 20
35.941071882143774
 30
0.0
 40
1.5435429442287458
  0
CIRCLE
  5
56b
330
1F
100
AcDbEntity
  8
TopSolderMaskLayer
100
AcDbCircle
 10
4.318008636017339
 20
35.941071882143774
 30
0.0
 40
1.8008001016002035
0
HATCH
5
56c
100
AcDbEntity
8
TopSolderMaskLayer
100
AcDbHatch
10
0
20
0
30
0
210
0
220
0
230
1
2
SOLID
70
1
71
0
91
1
92
7
72
1
73
1
93
2
10
2.5172085344171355
20
35.941071882143774
42
1
10
6.118808737617543
20
35.941071882143774
42
1
97
1
330

75
0
76
1
47
0.8681437583925616
98
1
10
3.629517071192367
20
33.92795499968543
450
0
451
0
460
0
461
0
452
1
462
1
453
2
463
0
63
5
421
255
463
1
63
7
421
16777215
470
LINEAR
1001
ACAD
1010
0
1020
0
1030
0
  0
CIRCLE
  5
56d
330
1F
100
AcDbEntity
  8
BottomSolderMaskLayer
100
AcDbCircle
 10
4.318034036068184
 20
35.941071882143774
 30
0.0
 40
1.5435429442287458
  0
CIRCLE
  5
56e
330
1F
100
AcDbEntity
  8
BottomSolderMaskLayer
100
AcDbCircle
 10
4.318008636017339
 20
35.941071882143774
 30
0.0
 40
1.8008001016002035
0
HATCH
5
56f
100
AcDbEntity
8
BottomSolderMaskLayer
100
AcDbHatch
10
0
20
0
30
0
210
0
220
0
230
1
2
SOLID
70
1
71
0
91
1
92
7
72
1
73
1
93
2
10
2.5172085344171355
20
35.941071882143774
42
1
10
6.118808737617543
20
35.941071882143774
42
1
97
1
330

75
0
76
1
47
0.8681437583925616
98
1
10
3.629517071192367
20
33.92795499968543
450
0
451
0
460
0
461
0
452
1
462
1
453
2
463
0
63
5
421
255
463
1
63
7
421
16777215
470
LINEAR
1001
ACAD
1010
0
1020
0
1030
0
  0
CIRCLE
  5
570
330
1F
100
AcDbEntity
  8
Multi-Layer
100
AcDbCircle
 10
4.318034036068184
 20
35.941071882143774
 30
0.0
 40
1.5000000000000002
  0
CIRCLE
  5
571
330
1F
100
AcDbEntity
  8
Multi-Layer
100
AcDbCircle
 10
4.318008636017339
 20
35.941071882143774
 30
0.0
 40
1.7500000000000002
  0
CIRCLE
  5
572
330
1F
100
AcDbEntity
  8
TopSolderMaskLayer
100
AcDbCircle
 10
78.35918211836429
 20
2.413004826009683
 30
0.0
 40
1.5435429442287458
  0
CIRCLE
  5
573
330
1F
100
AcDbEntity
  8
TopSolderMaskLayer
100
AcDbCircle
 10
78.35915671831344
 20
2.413004826009683
 30
0.0
 40
1.8008001016002035
0
HATCH
5
574
100
AcDbEntity
8
TopSolderMaskLayer
100
AcDbHatch
10
0
20
0
30
0
210
0
220
0
230
1
2
SOLID
70
1
71
0
91
1
92
7
72
1
73
1
93
2
10
76.55835661671324
20
2.413004826009683
42
1
10
80.15995681991365
20
2.413004826009683
42
1
97
1
330

75
0
76
1
47
0.8681437583925616
98
1
10
3.629517071192367
20
33.92795499968543
450
0
451
0
460
0
461
0
452
1
462
1
453
2
463
0
63
5
421
255
463
1
63
7
421
16777215
470
LINEAR
1001
ACAD
1010
0
1020
0
1030
0
  0
CIRCLE
  5
575
330
1F
100
AcDbEntity
  8
BottomSolderMaskLayer
100
AcDbCircle
 10
78.35918211836429
 20
2.413004826009683
 30
0.0
 40
1.5435429442287458
  0
CIRCLE
  5
576
330
1F
100
AcDbEntity
  8
BottomSolderMaskLayer
100
AcDbCircle
 10
78.35915671831344
 20
2.413004826009683
 30
0.0
 40
1.8008001016002035
0
HATCH
5
577
100
AcDbEntity
8
BottomSolderMaskLayer
100
AcDbHatch
10
0
20
0
30
0
210
0
220
0
230
1
2
SOLID
70
1
71
0
91
1
92
7
72
1
73
1
93
2
10
76.55835661671324
20
2.413004826009683
42
1
10
80.15995681991365
20
2.413004826009683
42
1
97
1
330

75
0
76
1
47
0.8681437583925616
98
1
10
3.629517071192367
20
33.92795499968543
450
0
451
0
460
0
461
0
452
1
462
1
453
2
463
0
63
5
421
255
463
1
63
7
421
16777215
470
LINEAR
1001
ACAD
1010
0
1020
0
1030
0
  0
CIRCLE
  5
578
330
1F
100
AcDbEntity
  8
Multi-Layer
100
AcDbCircle
 10
78.35918211836429
 20
2.413004826009683
 30
0.0
 40
1.5000000000000002
  0
CIRCLE
  5
579
330
1F
100
AcDbEntity
  8
Multi-Layer
100
AcDbCircle
 10
78.35915671831344
 20
2.413004826009683
 30
0.0
 40
1.7500000000000002
  0
CIRCLE
  5
6ca
330
1F
100
AcDbEntity
  8
TopSolderMaskLayer
100
AcDbCircle
 10
63.276606553213014
 20
64.63106426212858
 30
0.0
 40
0.7758560971667398
  0
CIRCLE
  5
6cb
330
1F
100
AcDbEntity
  8
TopSolderMaskLayer
100
AcDbCircle
 10
63.276606553213014
 20
64.63119126238257
 30
0.0
 40
1.4224028448056898
0
HATCH
5
6cc
100
AcDbEntity
8
TopSolderMaskLayer
100
AcDbHatch
10
0
20
0
30
0
210
0
220
0
230
1
2
SOLID
70
1
71
0
91
1
92
7
72
1
73
1
93
2
10
61.854203708407326
20
64.63119126238257
42
1
10
64.6990093980187
20
64.63119126238257
42
1
97
1
330

75
0
76
1
47
0.8681437583925616
98
1
10
3.629517071192367
20
33.92795499968543
450
0
451
0
460
0
461
0
452
1
462
1
453
2
463
0
63
5
421
255
463
1
63
7
421
16777215
470
LINEAR
1001
ACAD
1010
0
1020
0
1030
0
  0
CIRCLE
  5
6cd
330
1F
100
AcDbEntity
  8
BottomSolderMaskLayer
100
AcDbCircle
 10
63.276606553213014
 20
64.63106426212858
 30
0.0
 40
0.7758560971667398
  0
CIRCLE
  5
6ce
330
1F
100
AcDbEntity
  8
BottomSolderMaskLayer
100
AcDbCircle
 10
63.276606553213014
 20
64.63119126238257
 30
0.0
 40
1.4224028448056898
0
HATCH
5
6cf
100
AcDbEntity
8
BottomSolderMaskLayer
100
AcDbHatch
10
0
20
0
30
0
210
0
220
0
230
1
2
SOLID
70
1
71
0
91
1
92
7
72
1
73
1
93
2
10
61.854203708407326
20
64.63119126238257
42
1
10
64.6990093980187
20
64.63119126238257
42
1
97
1
330

75
0
76
1
47
0.8681437583925616
98
1
10
3.629517071192367
20
33.92795499968543
450
0
451
0
460
0
461
0
452
1
462
1
453
2
463
0
63
5
421
255
463
1
63
7
421
16777215
470
LINEAR
1001
ACAD
1010
0
1020
0
1030
0
  0
CIRCLE
  5
6d0
330
1F
100
AcDbEntity
  8
Multi-Layer
100
AcDbCircle
 10
63.276606553213014
 20
64.63106426212858
 30
0.0
 40
0.7620015240030481
  0
CIRCLE
  5
6d1
330
1F
100
AcDbEntity
  8
Multi-Layer
100
AcDbCircle
 10
63.276606553213014
 20
64.63119126238257
 30
0.0
 40
1.3970027940055882
0
HATCH
5
6d2
100
AcDbEntity
8
Multi-Layer
100
AcDbHatch
10
0
20
0
30
0
210
0
220
0
230
1
2
SOLID
70
1
71
0
91
1
92
7
72
1
73
1
93
2
10
61.87960375920743
20
64.63119126238257
42
1
10
64.6736093472186
20
64.63119126238257
42
1
97
1
330

75
0
76
1
47
0.8681437583925616
98
1
10
3.629517071192367
20
33.92795499968543
450
0
451
0
460
0
461
0
452
1
462
1
453
2
463
0
63
5
421
255
463
1
63
7
421
16777215
470
LINEAR
1001
ACAD
1010
0
1020
0
1030
0
  0
CIRCLE
  5
6d3
330
1F
100
AcDbEntity
  8
TopSolderMaskLayer
100
AcDbCircle
 10
57.27711455422923
 20
50.431089662179374
 30
0.0
 40
0.7758560971667398
  0
CIRCLE
  5
6d4
330
1F
100
AcDbEntity
  8
TopSolderMaskLayer
100
AcDbCircle
 10
57.27711455422923
 20
50.4310388620778
 30
0.0
 40
1.4224028448056898
0
HATCH
5
6d5
100
AcDbEntity
8
TopSolderMaskLayer
100
AcDbHatch
10
0
20
0
30
0
210
0
220
0
230
1
2
SOLID
70
1
71
0
91
1
92
7
72
1
73
1
93
2
10
55.85471170942354
20
50.4310388620778
42
1
10
58.69951739903492
20
50.4310388620778
42
1
97
1
330

75
0
76
1
47
0.8681437583925616
98
1
10
3.629517071192367
20
33.92795499968543
450
0
451
0
460
0
461
0
452
1
462
1
453
2
463
0
63
5
421
255
463
1
63
7
421
16777215
470
LINEAR
1001
ACAD
1010
0
1020
0
1030
0
  0
CIRCLE
  5
6d6
330
1F
100
AcDbEntity
  8
BottomSolderMaskLayer
100
AcDbCircle
 10
57.27711455422923
 20
50.431089662179374
 30
0.0
 40
0.7758560971667398
  0
CIRCLE
  5
6d7
330
1F
100
AcDbEntity
  8
BottomSolderMaskLayer
100
AcDbCircle
 10
57.27711455422923
 20
50.4310388620778
 30
0.0
 40
1.4224028448056898
0
HATCH
5
6d8
100
AcDbEntity
8
BottomSolderMaskLayer
100
AcDbHatch
10
0
20
0
30
0
210
0
220
0
230
1
2
SOLID
70
1
71
0
91
1
92
7
72
1
73
1
93
2
10
55.85471170942354
20
50.4310388620778
42
1
10
58.69951739903492
20
50.4310388620778
42
1
97
1
330

75
0
76
1
47
0.8681437583925616
98
1
10
3.629517071192367
20
33.92795499968543
450
0
451
0
460
0
461
0
452
1
462
1
453
2
463
0
63
5
421
255
463
1
63
7
421
16777215
470
LINEAR
1001
ACAD
1010
0
1020
0
1030
0
  0
CIRCLE
  5
6d9
330
1F
100
AcDbEntity
  8
Multi-Layer
100
AcDbCircle
 10
57.27711455422923
 20
50.431089662179374
 30
0.0
 40
0.7620015240030481
  0
CIRCLE
  5
6da
330
1F
100
AcDbEntity
  8
Multi-Layer
100
AcDbCircle
 10
57.27711455422923
 20
50.4310388620778
 30
0.0
 40
1.3970027940055882
0
HATCH
5
6db
100
AcDbEntity
8
Multi-Layer
100
AcDbHatch
10
0
20
0
30
0
210
0
220
0
230
1
2
SOLID
70
1
71
0
91
1
92
7
72
1
73
1
93
2
10
55.88011176022364
20
50.4310388620778
42
1
10
58.674117348234816
20
50.4310388620778
42
1
97
1
330

75
0
76
1
47
0.8681437583925616
98
1
10
3.629517071192367
20
33.92795499968543
450
0
451
0
460
0
461
0
452
1
462
1
453
2
463
0
63
5
421
255
463
1
63
7
421
16777215
470
LINEAR
1001
ACAD
1010
0
1020
0
1030
0
  0
CIRCLE
  5
6dc
330
1F
100
AcDbEntity
  8
TopSolderMaskLayer
100
AcDbCircle
 10
51.277114554229
 20
52.431115062230106
 30
0.0
 40
0.7758560971667398
  0
CIRCLE
  5
6dd
330
1F
100
AcDbEntity
  8
TopSolderMaskLayer
100
AcDbCircle
 10
51.277114554229
 20
52.431038862077685
 30
0.0
 40
1.4224028448056898
0
HATCH
5
6de
100
AcDbEntity
8
TopSolderMaskLayer
100
AcDbHatch
10
0
20
0
30
0
210
0
220
0
230
1
2
SOLID
70
1
71
0
91
1
92
7
72
1
73
1
93
2
10
49.85471170942331
20
52.431038862077685
42
1
10
52.69951739903469
20
52.431038862077685
42
1
97
1
330

75
0
76
1
47
0.8681437583925616
98
1
10
3.629517071192367
20
33.92795499968543
450
0
451
0
460
0
461
0
452
1
462
1
453
2
463
0
63
5
421
255
463
1
63
7
421
16777215
470
LINEAR
1001
ACAD
1010
0
1020
0
1030
0
  0
CIRCLE
  5
6df
330
1F
100
AcDbEntity
  8
BottomSolderMaskLayer
100
AcDbCircle
 10
51.277114554229
 20
52.431115062230106
 30
0.0
 40
0.7758560971667398
  0
CIRCLE
  5
6e0
330
1F
100
AcDbEntity
  8
BottomSolderMaskLayer
100
AcDbCircle
 10
51.277114554229
 20
52.431038862077685
 30
0.0
 40
1.4224028448056898
0
HATCH
5
6e1
100
AcDbEntity
8
BottomSolderMaskLayer
100
AcDbHatch
10
0
20
0
30
0
210
0
220
0
230
1
2
SOLID
70
1
71
0
91
1
92
7
72
1
73
1
93
2
10
49.85471170942331
20
52.431038862077685
42
1
10
52.69951739903469
20
52.431038862077685
42
1
97
1
330

75
0
76
1
47
0.8681437583925616
98
1
10
3.629517071192367
20
33.92795499968543
450
0
451
0
460
0
461
0
452
1
462
1
453
2
463
0
63
5
421
255
463
1
63
7
421
16777215
470
LINEAR
1001
ACAD
1010
0
1020
0
1030
0
  0
CIRCLE
  5
6e2
330
1F
100
AcDbEntity
  8
Multi-Layer
100
AcDbCircle
 10
51.277114554229
 20
52.431115062230106
 30
0.0
 40
0.7620015240030481
  0
CIRCLE
  5
6e3
330
1F
100
AcDbEntity
  8
Multi-Layer
100
AcDbCircle
 10
51.277114554229
 20
52.431038862077685
 30
0.0
 40
1.3970027940055882
0
HATCH
5
6e4
100
AcDbEntity
8
Multi-Layer
100
AcDbHatch
10
0
20
0
30
0
210
0
220
0
230
1
2
SOLID
70
1
71
0
91
1
92
7
72
1
73
1
93
2
10
49.880111760223414
20
52.431038862077685
42
1
10
52.67411734823459
20
52.431038862077685
42
1
97
1
330

75
0
76
1
47
0.8681437583925616
98
1
10
3.629517071192367
20
33.92795499968543
450
0
451
0
460
0
461
0
452
1
462
1
453
2
463
0
63
5
421
255
463
1
63
7
421
16777215
470
LINEAR
1001
ACAD
1010
0
1020
0
1030
0
  0
CIRCLE
  5
6e5
330
1F
100
AcDbEntity
  8
TopSolderMaskLayer
100
AcDbCircle
 10
63.27711455422923
 20
52.431115062230106
 30
0.0
 40
0.7758560971667398
  0
CIRCLE
  5
6e6
330
1F
100
AcDbEntity
  8
TopSolderMaskLayer
100
AcDbCircle
 10
63.27711455422923
 20
52.431038862077685
 30
0.0
 40
1.4224028448056898
0
HATCH
5
6e7
100
AcDbEntity
8
TopSolderMaskLayer
100
AcDbHatch
10
0
20
0
30
0
210
0
220
0
230
1
2
SOLID
70
1
71
0
91
1
92
7
72
1
73
1
93
2
10
61.85471170942354
20
52.431038862077685
42
1
10
64.69951739903492
20
52.431038862077685
42
1
97
1
330

75
0
76
1
47
0.8681437583925616
98
1
10
3.629517071192367
20
33.92795499968543
450
0
451
0
460
0
461
0
452
1
462
1
453
2
463
0
63
5
421
255
463
1
63
7
421
16777215
470
LINEAR
1001
ACAD
1010
0
1020
0
1030
0
  0
CIRCLE
  5
6e8
330
1F
100
AcDbEntity
  8
BottomSolderMaskLayer
100
AcDbCircle
 10
63.27711455422923
 20
52.431115062230106
 30
0.0
 40
0.7758560971667398
  0
CIRCLE
  5
6e9
330
1F
100
AcDbEntity
  8
BottomSolderMaskLayer
100
AcDbCircle
 10
63.27711455422923
 20
52.431038862077685
 30
0.0
 40
1.4224028448056898
0
HATCH
5
6ea
100
AcDbEntity
8
BottomSolderMaskLayer
100
AcDbHatch
10
0
20
0
30
0
210
0
220
0
230
1
2
SOLID
70
1
71
0
91
1
92
7
72
1
73
1
93
2
10
61.85471170942354
20
52.431038862077685
42
1
10
64.69951739903492
20
52.431038862077685
42
1
97
1
330

75
0
76
1
47
0.8681437583925616
98
1
10
3.629517071192367
20
33.92795499968543
450
0
451
0
460
0
461
0
452
1
462
1
453
2
463
0
63
5
421
255
463
1
63
7
421
16777215
470
LINEAR
1001
ACAD
1010
0
1020
0
1030
0
  0
CIRCLE
  5
6eb
330
1F
100
AcDbEntity
  8
Multi-Layer
100
AcDbCircle
 10
63.27711455422923
 20
52.431115062230106
 30
0.0
 40
0.7620015240030481
  0
CIRCLE
  5
6ec
330
1F
100
AcDbEntity
  8
Multi-Layer
100
AcDbCircle
 10
63.27711455422923
 20
52.431038862077685
 30
0.0
 40
1.3970027940055882
0
HATCH
5
6ed
100
AcDbEntity
8
Multi-Layer
100
AcDbHatch
10
0
20
0
30
0
210
0
220
0
230
1
2
SOLID
70
1
71
0
91
1
92
7
72
1
73
1
93
2
10
61.88011176022364
20
52.431038862077685
42
1
10
64.67411734823482
20
52.431038862077685
42
1
97
1
330

75
0
76
1
47
0.8681437583925616
98
1
10
3.629517071192367
20
33.92795499968543
450
0
451
0
460
0
461
0
452
1
462
1
453
2
463
0
63
5
421
255
463
1
63
7
421
16777215
470
LINEAR
1001
ACAD
1010
0
1020
0
1030
0
  0
CIRCLE
  5
6ee
330
1F
100
AcDbEntity
  8
TopSolderMaskLayer
100
AcDbCircle
 10
51.277622555245216
 20
64.631140462281
 30
0.0
 40
0.7758560971667398
  0
CIRCLE
  5
6ef
330
1F
100
AcDbEntity
  8
TopSolderMaskLayer
100
AcDbCircle
 10
51.277622555245216
 20
64.63119126238257
 30
0.0
 40
1.4224028448056898
0
HATCH
5
6f0
100
AcDbEntity
8
TopSolderMaskLayer
100
AcDbHatch
10
0
20
0
30
0
210
0
220
0
230
1
2
SOLID
70
1
71
0
91
1
92
7
72
1
73
1
93
2
10
49.85521971043953
20
64.63119126238257
42
1
10
52.700025400050905
20
64.63119126238257
42
1
97
1
330

75
0
76
1
47
0.8681437583925616
98
1
10
3.629517071192367
20
33.92795499968543
450
0
451
0
460
0
461
0
452
1
462
1
453
2
463
0
63
5
421
255
463
1
63
7
421
16777215
470
LINEAR
1001
ACAD
1010
0
1020
0
1030
0
  0
CIRCLE
  5
6f1
330
1F
100
AcDbEntity
  8
BottomSolderMaskLayer
100
AcDbCircle
 10
51.277622555245216
 20
64.631140462281
 30
0.0
 40
0.7758560971667398
  0
CIRCLE
  5
6f2
330
1F
100
AcDbEntity
  8
BottomSolderMaskLayer
100
AcDbCircle
 10
51.277622555245216
 20
64.63119126238257
 30
0.0
 40
1.4224028448056898
0
HATCH
5
6f3
100
AcDbEntity
8
BottomSolderMaskLayer
100
AcDbHatch
10
0
20
0
30
0
210
0
220
0
230
1
2
SOLID
70
1
71
0
91
1
92
7
72
1
73
1
93
2
10
49.85521971043953
20
64.63119126238257
42
1
10
52.700025400050905
20
64.63119126238257
42
1
97
1
330

75
0
76
1
47
0.8681437583925616
98
1
10
3.629517071192367
20
33.92795499968543
450
0
451
0
460
0
461
0
452
1
462
1
453
2
463
0
63
5
421
255
463
1
63
7
421
16777215
470
LINEAR
1001
ACAD
1010
0
1020
0
1030
0
  0
CIRCLE
  5
6f4
330
1F
100
AcDbEntity
  8
Multi-Layer
100
AcDbCircle
 10
51.277622555245216
 20
64.631140462281
 30
0.0
 40
0.7620015240030481
  0
CIRCLE
  5
6f5
330
1F
100
AcDbEntity
  8
Multi-Layer
100
AcDbCircle
 10
51.277622555245216
 20
64.63119126238257
 30
0.0
 40
1.3970027940055882
0
HATCH
5
6f6
100
AcDbEntity
8
Multi-Layer
100
AcDbHatch
10
0
20
0
30
0
210
0
220
0
230
1
2
SOLID
70
1
71
0
91
1
92
7
72
1
73
1
93
2
10
49.88061976123963
20
64.63119126238257
42
1
10
52.6746253492508
20
64.63119126238257
42
1
97
1
330

75
0
76
1
47
0.8681437583925616
98
1
10
3.629517071192367
20
33.92795499968543
450
0
451
0
460
0
461
0
452
1
462
1
453
2
463
0
63
5
421
255
463
1
63
7
421
16777215
470
LINEAR
1001
ACAD
1010
0
1020
0
1030
0
  0
CIRCLE
  5
6f7
330
1F
100
AcDbEntity
  8
TopSolderMaskLayer
100
AcDbCircle
 10
47.274574549149065
 20
64.63106426212858
 30
0.0
 40
0.7758560971667398
  0
CIRCLE
  5
6f8
330
1F
100
AcDbEntity
  8
TopSolderMaskLayer
100
AcDbCircle
 10
47.274574549149065
 20
64.63119126238257
 30
0.0
 40
1.4224028448056898
0
HATCH
5
6f9
100
AcDbEntity
8
TopSolderMaskLayer
100
AcDbHatch
10
0
20
0
30
0
210
0
220
0
230
1
2
SOLID
70
1
71
0
91
1
92
7
72
1
73
1
93
2
10
45.85217170434338
20
64.63119126238257
42
1
10
48.696977393954754
20
64.63119126238257
42
1
97
1
330

75
0
76
1
47
0.8681437583925616
98
1
10
3.629517071192367
20
33.92795499968543
450
0
451
0
460
0
461
0
452
1
462
1
453
2
463
0
63
5
421
255
463
1
63
7
421
16777215
470
LINEAR
1001
ACAD
1010
0
1020
0
1030
0
  0
CIRCLE
  5
6fa
330
1F
100
AcDbEntity
  8
BottomSolderMaskLayer
100
AcDbCircle
 10
47.274574549149065
 20
64.63106426212858
 30
0.0
 40
0.7758560971667398
  0
CIRCLE
  5
6fb
330
1F
100
AcDbEntity
  8
BottomSolderMaskLayer
100
AcDbCircle
 10
47.274574549149065
 20
64.63119126238257
 30
0.0
 40
1.4224028448056898
0
HATCH
5
6fc
100
AcDbEntity
8
BottomSolderMaskLayer
100
AcDbHatch
10
0
20
0
30
0
210
0
220
0
230
1
2
SOLID
70
1
71
0
91
1
92
7
72
1
73
1
93
2
10
45.85217170434338
20
64.63119126238257
42
1
10
48.696977393954754
20
64.63119126238257
42
1
97
1
330

75
0
76
1
47
0.8681437583925616
98
1
10
3.629517071192367
20
33.92795499968543
450
0
451
0
460
0
461
0
452
1
462
1
453
2
463
0
63
5
421
255
463
1
63
7
421
16777215
470
LINEAR
1001
ACAD
1010
0
1020
0
1030
0
  0
CIRCLE
  5
6fd
330
1F
100
AcDbEntity
  8
Multi-Layer
100
AcDbCircle
 10
47.274574549149065
 20
64.63106426212858
 30
0.0
 40
0.7620015240030481
  0
CIRCLE
  5
6fe
330
1F
100
AcDbEntity
  8
Multi-Layer
100
AcDbCircle
 10
47.274574549149065
 20
64.63119126238257
 30
0.0
 40
1.3970027940055882
0
HATCH
5
6ff
100
AcDbEntity
8
Multi-Layer
100
AcDbHatch
10
0
20
0
30
0
210
0
220
0
230
1
2
SOLID
70
1
71
0
91
1
92
7
72
1
73
1
93
2
10
45.87757175514348
20
64.63119126238257
42
1
10
48.67157734315465
20
64.63119126238257
42
1
97
1
330

75
0
76
1
47
0.8681437583925616
98
1
10
3.629517071192367
20
33.92795499968543
450
0
451
0
460
0
461
0
452
1
462
1
453
2
463
0
63
5
421
255
463
1
63
7
421
16777215
470
LINEAR
1001
ACAD
1010
0
1020
0
1030
0
  0
CIRCLE
  5
700
330
1F
100
AcDbEntity
  8
TopSolderMaskLayer
100
AcDbCircle
 10
41.27508255016505
 20
50.431089662179374
 30
0.0
 40
0.7758560971667398
  0
CIRCLE
  5
701
330
1F
100
AcDbEntity
  8
TopSolderMaskLayer
100
AcDbCircle
 10
41.27508255016505
 20
50.4310388620778
 30
0.0
 40
1.4224028448056898
0
HATCH
5
702
100
AcDbEntity
8
TopSolderMaskLayer
100
AcDbHatch
10
0
20
0
30
0
210
0
220
0
230
1
2
SOLID
70
1
71
0
91
1
92
7
72
1
73
1
93
2
10
39.852679705359364
20
50.4310388620778
42
1
10
42.69748539497074
20
50.4310388620778
42
1
97
1
330

75
0
76
1
47
0.8681437583925616
98
1
10
3.629517071192367
20
33.92795499968543
450
0
451
0
460
0
461
0
452
1
462
1
453
2
463
0
63
5
421
255
463
1
63
7
421
16777215
470
LINEAR
1001
ACAD
1010
0
1020
0
1030
0
  0
CIRCLE
  5
703
330
1F
100
AcDbEntity
  8
BottomSolderMaskLayer
100
AcDbCircle
 10
41.27508255016505
 20
50.431089662179374
 30
0.0
 40
0.7758560971667398
  0
CIRCLE
  5
704
330
1F
100
AcDbEntity
  8
BottomSolderMaskLayer
100
AcDbCircle
 10
41.27508255016505
 20
50.4310388620778
 30
0.0
 40
1.4224028448056898
0
HATCH
5
705
100
AcDbEntity
8
BottomSolderMaskLayer
100
AcDbHatch
10
0
20
0
30
0
210
0
220
0
230
1
2
SOLID
70
1
71
0
91
1
92
7
72
1
73
1
93
2
10
39.852679705359364
20
50.4310388620778
42
1
10
42.69748539497074
20
50.4310388620778
42
1
97
1
330

75
0
76
1
47
0.8681437583925616
98
1
10
3.629517071192367
20
33.92795499968543
450
0
451
0
460
0
461
0
452
1
462
1
453
2
463
0
63
5
421
255
463
1
63
7
421
16777215
470
LINEAR
1001
ACAD
1010
0
1020
0
1030
0
  0
CIRCLE
  5
706
330
1F
100
AcDbEntity
  8
Multi-Layer
100
AcDbCircle
 10
41.27508255016505
 20
50.431089662179374
 30
0.0
 40
0.7620015240030481
  0
CIRCLE
  5
707
330
1F
100
AcDbEntity
  8
Multi-Layer
100
AcDbCircle
 10
41.27508255016505
 20
50.4310388620778
 30
0.0
 40
1.3970027940055882
0
HATCH
5
708
100
AcDbEntity
8
Multi-Layer
100
AcDbHatch
10
0
20
0
30
0
210
0
220
0
230
1
2
SOLID
70
1
71
0
91
1
92
7
72
1
73
1
93
2
10
39.878079756159465
20
50.4310388620778
42
1
10
42.67208534417064
20
50.4310388620778
42
1
97
1
330

75
0
76
1
47
0.8681437583925616
98
1
10
3.629517071192367
20
33.92795499968543
450
0
451
0
460
0
461
0
452
1
462
1
453
2
463
0
63
5
421
255
463
1
63
7
421
16777215
470
LINEAR
1001
ACAD
1010
0
1020
0
1030
0
  0
CIRCLE
  5
709
330
1F
100
AcDbEntity
  8
TopSolderMaskLayer
100
AcDbCircle
 10
35.27508255016505
 20
52.431115062230106
 30
0.0
 40
0.7758560971667398
  0
CIRCLE
  5
70a
330
1F
100
AcDbEntity
  8
TopSolderMaskLayer
100
AcDbCircle
 10
35.27508255016505
 20
52.431038862077685
 30
0.0
 40
1.4224028448056898
0
HATCH
5
70b
100
AcDbEntity
8
TopSolderMaskLayer
100
AcDbHatch
10
0
20
0
30
0
210
0
220
0
230
1
2
SOLID
70
1
71
0
91
1
92
7
72
1
73
1
93
2
10
33.852679705359364
20
52.431038862077685
42
1
10
36.69748539497074
20
52.431038862077685
42
1
97
1
330

75
0
76
1
47
0.8681437583925616
98
1
10
3.629517071192367
20
33.92795499968543
450
0
451
0
460
0
461
0
452
1
462
1
453
2
463
0
63
5
421
255
463
1
63
7
421
16777215
470
LINEAR
1001
ACAD
1010
0
1020
0
1030
0
  0
CIRCLE
  5
70c
330
1F
100
AcDbEntity
  8
BottomSolderMaskLayer
100
AcDbCircle
 10
35.27508255016505
 20
52.431115062230106
 30
0.0
 40
0.7758560971667398
  0
CIRCLE
  5
70d
330
1F
100
AcDbEntity
  8
BottomSolderMaskLayer
100
AcDbCircle
 10
35.27508255016505
 20
52.431038862077685
 30
0.0
 40
1.4224028448056898
0
HATCH
5
70e
100
AcDbEntity
8
BottomSolderMaskLayer
100
AcDbHatch
10
0
20
0
30
0
210
0
220
0
230
1
2
SOLID
70
1
71
0
91
1
92
7
72
1
73
1
93
2
10
33.852679705359364
20
52.431038862077685
42
1
10
36.69748539497074
20
52.431038862077685
42
1
97
1
330

75
0
76
1
47
0.8681437583925616
98
1
10
3.629517071192367
20
33.92795499968543
450
0
451
0
460
0
461
0
452
1
462
1
453
2
463
0
63
5
421
255
463
1
63
7
421
16777215
470
LINEAR
1001
ACAD
1010
0
1020
0
1030
0
  0
CIRCLE
  5
70f
330
1F
100
AcDbEntity
  8
Multi-Layer
100
AcDbCircle
 10
35.27508255016505
 20
52.431115062230106
 30
0.0
 40
0.7620015240030481
  0
CIRCLE
  5
710
330
1F
100
AcDbEntity
  8
Multi-Layer
100
AcDbCircle
 10
35.27508255016505
 20
52.431038862077685
 30
0.0
 40
1.3970027940055882
0
HATCH
5
711
100
AcDbEntity
8
Multi-Layer
100
AcDbHatch
10
0
20
0
30
0
210
0
220
0
230
1
2
SOLID
70
1
71
0
91
1
92
7
72
1
73
1
93
2
10
33.878079756159465
20
52.431038862077685
42
1
10
36.67208534417064
20
52.431038862077685
42
1
97
1
330

75
0
76
1
47
0.8681437583925616
98
1
10
3.629517071192367
20
33.92795499968543
450
0
451
0
460
0
461
0
452
1
462
1
453
2
463
0
63
5
421
255
463
1
63
7
421
16777215
470
LINEAR
1001
ACAD
1010
0
1020
0
1030
0
  0
CIRCLE
  5
712
330
1F
100
AcDbEntity
  8
TopSolderMaskLayer
100
AcDbCircle
 10
47.27508255016528
 20
52.431115062230106
 30
0.0
 40
0.7758560971667398
  0
CIRCLE
  5
713
330
1F
100
AcDbEntity
  8
TopSolderMaskLayer
100
AcDbCircle
 10
47.27508255016528
 20
52.431038862077685
 30
0.0
 40
1.4224028448056898
0
HATCH
5
714
100
AcDbEntity
8
TopSolderMaskLayer
100
AcDbHatch
10
0
20
0
30
0
210
0
220
0
230
1
2
SOLID
70
1
71
0
91
1
92
7
72
1
73
1
93
2
10
45.85267970535959
20
52.431038862077685
42
1
10
48.69748539497097
20
52.431038862077685
42
1
97
1
330

75
0
76
1
47
0.8681437583925616
98
1
10
3.629517071192367
20
33.92795499968543
450
0
451
0
460
0
461
0
452
1
462
1
453
2
463
0
63
5
421
255
463
1
63
7
421
16777215
470
LINEAR
1001
ACAD
1010
0
1020
0
1030
0
  0
CIRCLE
  5
715
330
1F
100
AcDbEntity
  8
BottomSolderMaskLayer
100
AcDbCircle
 10
47.27508255016528
 20
52.431115062230106
 30
0.0
 40
0.7758560971667398
  0
CIRCLE
  5
716
330
1F
100
AcDbEntity
  8
BottomSolderMaskLayer
100
AcDbCircle
 10
47.27508255016528
 20
52.431038862077685
 30
0.0
 40
1.4224028448056898
0
HATCH
5
717
100
AcDbEntity
8
BottomSolderMaskLayer
100
AcDbHatch
10
0
20
0
30
0
210
0
220
0
230
1
2
SOLID
70
1
71
0
91
1
92
7
72
1
73
1
93
2
10
45.85267970535959
20
52.431038862077685
42
1
10
48.69748539497097
20
52.431038862077685
42
1
97
1
330

75
0
76
1
47
0.8681437583925616
98
1
10
3.629517071192367
20
33.92795499968543
450
0
451
0
460
0
461
0
452
1
462
1
453
2
463
0
63
5
421
255
463
1
63
7
421
16777215
470
LINEAR
1001
ACAD
1010
0
1020
0
1030
0
  0
CIRCLE
  5
718
330
1F
100
AcDbEntity
  8
Multi-Layer
100
AcDbCircle
 10
47.27508255016528
 20
52.431115062230106
 30
0.0
 40
0.7620015240030481
  0
CIRCLE
  5
719
330
1F
100
AcDbEntity
  8
Multi-Layer
100
AcDbCircle
 10
47.27508255016528
 20
52.431038862077685
 30
0.0
 40
1.3970027940055882
0
HATCH
5
71a
100
AcDbEntity
8
Multi-Layer
100
AcDbHatch
10
0
20
0
30
0
210
0
220
0
230
1
2
SOLID
70
1
71
0
91
1
92
7
72
1
73
1
93
2
10
45.87807975615969
20
52.431038862077685
42
1
10
48.67208534417087
20
52.431038862077685
42
1
97
1
330

75
0
76
1
47
0.8681437583925616
98
1
10
3.629517071192367
20
33.92795499968543
450
0
451
0
460
0
461
0
452
1
462
1
453
2
463
0
63
5
421
255
463
1
63
7
421
16777215
470
LINEAR
1001
ACAD
1010
0
1020
0
1030
0
  0
CIRCLE
  5
71b
330
1F
100
AcDbEntity
  8
TopSolderMaskLayer
100
AcDbCircle
 10
35.27559055118104
 20
64.631140462281
 30
0.0
 40
0.7758560971667398
  0
CIRCLE
  5
71c
330
1F
100
AcDbEntity
  8
TopSolderMaskLayer
100
AcDbCircle
 10
35.27559055118104
 20
64.63119126238257
 30
0.0
 40
1.4224028448056898
0
HATCH
5
71d
100
AcDbEntity
8
TopSolderMaskLayer
100
AcDbHatch
10
0
20
0
30
0
210
0
220
0
230
1
2
SOLID
70
1
71
0
91
1
92
7
72
1
73
1
93
2
10
33.85318770637535
20
64.63119126238257
42
1
10
36.69799339598673
20
64.63119126238257
42
1
97
1
330

75
0
76
1
47
0.8681437583925616
98
1
10
3.629517071192367
20
33.92795499968543
450
0
451
0
460
0
461
0
452
1
462
1
453
2
463
0
63
5
421
255
463
1
63
7
421
16777215
470
LINEAR
1001
ACAD
1010
0
1020
0
1030
0
  0
CIRCLE
  5
71e
330
1F
100
AcDbEntity
  8
BottomSolderMaskLayer
100
AcDbCircle
 10
35.27559055118104
 20
64.631140462281
 30
0.0
 40
0.7758560971667398
  0
CIRCLE
  5
71f
330
1F
100
AcDbEntity
  8
BottomSolderMaskLayer
100
AcDbCircle
 10
35.27559055118104
 20
64.63119126238257
 30
0.0
 40
1.4224028448056898
0
HATCH
5
720
100
AcDbEntity
8
BottomSolderMaskLayer
100
AcDbHatch
10
0
20
0
30
0
210
0
220
0
230
1
2
SOLID
70
1
71
0
91
1
92
7
72
1
73
1
93
2
10
33.85318770637535
20
64.63119126238257
42
1
10
36.69799339598673
20
64.63119126238257
42
1
97
1
330

75
0
76
1
47
0.8681437583925616
98
1
10
3.629517071192367
20
33.92795499968543
450
0
451
0
460
0
461
0
452
1
462
1
453
2
463
0
63
5
421
255
463
1
63
7
421
16777215
470
LINEAR
1001
ACAD
1010
0
1020
0
1030
0
  0
CIRCLE
  5
721
330
1F
100
AcDbEntity
  8
Multi-Layer
100
AcDbCircle
 10
35.27559055118104
 20
64.631140462281
 30
0.0
 40
0.7620015240030481
  0
CIRCLE
  5
722
330
1F
100
AcDbEntity
  8
Multi-Layer
100
AcDbCircle
 10
35.27559055118104
 20
64.63119126238257
 30
0.0
 40
1.3970027940055882
0
HATCH
5
723
100
AcDbEntity
8
Multi-Layer
100
AcDbHatch
10
0
20
0
30
0
210
0
220
0
230
1
2
SOLID
70
1
71
0
91
1
92
7
72
1
73
1
93
2
10
33.87858775717545
20
64.63119126238257
42
1
10
36.67259334518663
20
64.63119126238257
42
1
97
1
330

75
0
76
1
47
0.8681437583925616
98
1
10
3.629517071192367
20
33.92795499968543
450
0
451
0
460
0
461
0
452
1
462
1
453
2
463
0
63
5
421
255
463
1
63
7
421
16777215
470
LINEAR
1001
ACAD
1010
0
1020
0
1030
0
  0
CIRCLE
  5
724
330
1F
100
AcDbEntity
  8
TopSolderMaskLayer
100
AcDbCircle
 10
31.272542545085116
 20
64.63106426212858
 30
0.0
 40
0.7758560971667398
  0
CIRCLE
  5
725
330
1F
100
AcDbEntity
  8
TopSolderMaskLayer
100
AcDbCircle
 10
31.272542545085116
 20
64.63119126238257
 30
0.0
 40
1.4224028448056898
0
HATCH
5
726
100
AcDbEntity
8
TopSolderMaskLayer
100
AcDbHatch
10
0
20
0
30
0
210
0
220
0
230
1
2
SOLID
70
1
71
0
91
1
92
7
72
1
73
1
93
2
10
29.850139700279428
20
64.63119126238257
42
1
10
32.694945389890805
20
64.63119126238257
42
1
97
1
330

75
0
76
1
47
0.8681437583925616
98
1
10
3.629517071192367
20
33.92795499968543
450
0
451
0
460
0
461
0
452
1
462
1
453
2
463
0
63
5
421
255
463
1
63
7
421
16777215
470
LINEAR
1001
ACAD
1010
0
1020
0
1030
0
  0
CIRCLE
  5
727
330
1F
100
AcDbEntity
  8
BottomSolderMaskLayer
100
AcDbCircle
 10
31.272542545085116
 20
64.63106426212858
 30
0.0
 40
0.7758560971667398
  0
CIRCLE
  5
728
330
1F
100
AcDbEntity
  8
BottomSolderMaskLayer
100
AcDbCircle
 10
31.272542545085116
 20
64.63119126238257
 30
0.0
 40
1.4224028448056898
0
HATCH
5
729
100
AcDbEntity
8
BottomSolderMaskLayer
100
AcDbHatch
10
0
20
0
30
0
210
0
220
0
230
1
2
SOLID
70
1
71
0
91
1
92
7
72
1
73
1
93
2
10
29.850139700279428
20
64.63119126238257
42
1
10
32.694945389890805
20
64.63119126238257
42
1
97
1
330

75
0
76
1
47
0.8681437583925616
98
1
10
3.629517071192367
20
33.92795499968543
450
0
451
0
460
0
461
0
452
1
462
1
453
2
463
0
63
5
421
255
463
1
63
7
421
16777215
470
LINEAR
1001
ACAD
1010
0
1020
0
1030
0
  0
CIRCLE
  5
72a
330
1F
100
AcDbEntity
  8
Multi-Layer
100
AcDbCircle
 10
31.272542545085116
 20
64.63106426212858
 30
0.0
 40
0.7620015240030481
  0
CIRCLE
  5
72b
330
1F
100
AcDbEntity
  8
Multi-Layer
100
AcDbCircle
 10
31.272542545085116
 20
64.63119126238257
 30
0.0
 40
1.3970027940055882
0
HATCH
5
72c
100
AcDbEntity
8
Multi-Layer
100
AcDbHatch
10
0
20
0
30
0
210
0
220
0
230
1
2
SOLID
70
1
71
0
91
1
92
7
72
1
73
1
93
2
10
29.87553975107953
20
64.63119126238257
42
1
10
32.6695453390907
20
64.63119126238257
42
1
97
1
330

75
0
76
1
47
0.8681437583925616
98
1
10
3.629517071192367
20
33.92795499968543
450
0
451
0
460
0
461
0
452
1
462
1
453
2
463
0
63
5
421
255
463
1
63
7
421
16777215
470
LINEAR
1001
ACAD
1010
0
1020
0
1030
0
  0
CIRCLE
  5
72d
330
1F
100
AcDbEntity
  8
TopSolderMaskLayer
100
AcDbCircle
 10
25.273050546101103
 20
50.431089662179374
 30
0.0
 40
0.7758560971667398
  0
CIRCLE
  5
72e
330
1F
100
AcDbEntity
  8
TopSolderMaskLayer
100
AcDbCircle
 10
25.273050546101103
 20
50.4310388620778
 30
0.0
 40
1.4224028448056898
0
HATCH
5
72f
100
AcDbEntity
8
TopSolderMaskLayer
100
AcDbHatch
10
0
20
0
30
0
210
0
220
0
230
1
2
SOLID
70
1
71
0
91
1
92
7
72
1
73
1
93
2
10
23.850647701295415
20
50.4310388620778
42
1
10
26.695453390906792
20
50.4310388620778
42
1
97
1
330

75
0
76
1
47
0.8681437583925616
98
1
10
3.629517071192367
20
33.92795499968543
450
0
451
0
460
0
461
0
452
1
462
1
453
2
463
0
63
5
421
255
463
1
63
7
421
16777215
470
LINEAR
1001
ACAD
1010
0
1020
0
1030
0
  0
CIRCLE
  5
730
330
1F
100
AcDbEntity
  8
BottomSolderMaskLayer
100
AcDbCircle
 10
25.273050546101103
 20
50.431089662179374
 30
0.0
 40
0.7758560971667398
  0
CIRCLE
  5
731
330
1F
100
AcDbEntity
  8
BottomSolderMaskLayer
100
AcDbCircle
 10
25.273050546101103
 20
50.4310388620778
 30
0.0
 40
1.4224028448056898
0
HATCH
5
732
100
AcDbEntity
8
BottomSolderMaskLayer
100
AcDbHatch
10
0
20
0
30
0
210
0
220
0
230
1
2
SOLID
70
1
71
0
91
1
92
7
72
1
73
1
93
2
10
23.850647701295415
20
50.4310388620778
42
1
10
26.695453390906792
20
50.4310388620778
42
1
97
1
330

75
0
76
1
47
0.8681437583925616
98
1
10
3.629517071192367
20
33.92795499968543
450
0
451
0
460
0
461
0
452
1
462
1
453
2
463
0
63
5
421
255
463
1
63
7
421
16777215
470
LINEAR
1001
ACAD
1010
0
1020
0
1030
0
  0
CIRCLE
  5
733
330
1F
100
AcDbEntity
  8
Multi-Layer
100
AcDbCircle
 10
25.273050546101103
 20
50.431089662179374
 30
0.0
 40
0.7620015240030481
  0
CIRCLE
  5
734
330
1F
100
AcDbEntity
  8
Multi-Layer
100
AcDbCircle
 10
25.273050546101103
 20
50.4310388620778
 30
0.0
 40
1.3970027940055882
0
HATCH
5
735
100
AcDbEntity
8
Multi-Layer
100
AcDbHatch
10
0
20
0
30
0
210
0
220
0
230
1
2
SOLID
70
1
71
0
91
1
92
7
72
1
73
1
93
2
10
23.876047752095516
20
50.4310388620778
42
1
10
26.67005334010669
20
50.4310388620778
42
1
97
1
330

75
0
76
1
47
0.8681437583925616
98
1
10
3.629517071192367
20
33.92795499968543
450
0
451
0
460
0
461
0
452
1
462
1
453
2
463
0
63
5
421
255
463
1
63
7
421
16777215
470
LINEAR
1001
ACAD
1010
0
1020
0
1030
0
  0
CIRCLE
  5
736
330
1F
100
AcDbEntity
  8
TopSolderMaskLayer
100
AcDbCircle
 10
19.273050546101103
 20
52.431115062230106
 30
0.0
 40
0.7758560971667398
  0
CIRCLE
  5
737
330
1F
100
AcDbEntity
  8
TopSolderMaskLayer
100
AcDbCircle
 10
19.273050546101103
 20
52.431038862077685
 30
0.0
 40
1.4224028448056898
0
HATCH
5
738
100
AcDbEntity
8
TopSolderMaskLayer
100
AcDbHatch
10
0
20
0
30
0
210
0
220
0
230
1
2
SOLID
70
1
71
0
91
1
92
7
72
1
73
1
93
2
10
17.850647701295415
20
52.431038862077685
42
1
10
20.695453390906792
20
52.431038862077685
42
1
97
1
330

75
0
76
1
47
0.8681437583925616
98
1
10
3.629517071192367
20
33.92795499968543
450
0
451
0
460
0
461
0
452
1
462
1
453
2
463
0
63
5
421
255
463
1
63
7
421
16777215
470
LINEAR
1001
ACAD
1010
0
1020
0
1030
0
  0
CIRCLE
  5
739
330
1F
100
AcDbEntity
  8
BottomSolderMaskLayer
100
AcDbCircle
 10
19.273050546101103
 20
52.431115062230106
 30
0.0
 40
0.7758560971667398
  0
CIRCLE
  5
73a
330
1F
100
AcDbEntity
  8
BottomSolderMaskLayer
100
AcDbCircle
 10
19.273050546101103
 20
52.431038862077685
 30
0.0
 40
1.4224028448056898
0
HATCH
5
73b
100
AcDbEntity
8
BottomSolderMaskLayer
100
AcDbHatch
10
0
20
0
30
0
210
0
220
0
230
1
2
SOLID
70
1
71
0
91
1
92
7
72
1
73
1
93
2
10
17.850647701295415
20
52.431038862077685
42
1
10
20.695453390906792
20
52.431038862077685
42
1
97
1
330

75
0
76
1
47
0.8681437583925616
98
1
10
3.629517071192367
20
33.92795499968543
450
0
451
0
460
0
461
0
452
1
462
1
453
2
463
0
63
5
421
255
463
1
63
7
421
16777215
470
LINEAR
1001
ACAD
1010
0
1020
0
1030
0
  0
CIRCLE
  5
73c
330
1F
100
AcDbEntity
  8
Multi-Layer
100
AcDbCircle
 10
19.273050546101103
 20
52.431115062230106
 30
0.0
 40
0.7620015240030481
  0
CIRCLE
  5
73d
330
1F
100
AcDbEntity
  8
Multi-Layer
100
AcDbCircle
 10
19.273050546101103
 20
52.431038862077685
 30
0.0
 40
1.3970027940055882
0
HATCH
5
73e
100
AcDbEntity
8
Multi-Layer
100
AcDbHatch
10
0
20
0
30
0
210
0
220
0
230
1
2
SOLID
70
1
71
0
91
1
92
7
72
1
73
1
93
2
10
17.876047752095516
20
52.431038862077685
42
1
10
20.67005334010669
20
52.431038862077685
42
1
97
1
330

75
0
76
1
47
0.8681437583925616
98
1
10
3.629517071192367
20
33.92795499968543
450
0
451
0
460
0
461
0
452
1
462
1
453
2
463
0
63
5
421
255
463
1
63
7
421
16777215
470
LINEAR
1001
ACAD
1010
0
1020
0
1030
0
  0
CIRCLE
  5
73f
330
1F
100
AcDbEntity
  8
TopSolderMaskLayer
100
AcDbCircle
 10
31.273050546101103
 20
52.431115062230106
 30
0.0
 40
0.7758560971667398
  0
CIRCLE
  5
740
330
1F
100
AcDbEntity
  8
TopSolderMaskLayer
100
AcDbCircle
 10
31.273050546101103
 20
52.431038862077685
 30
0.0
 40
1.4224028448056898
0
HATCH
5
741
100
AcDbEntity
8
TopSolderMaskLayer
100
AcDbHatch
10
0
20
0
30
0
210
0
220
0
230
1
2
SOLID
70
1
71
0
91
1
92
7
72
1
73
1
93
2
10
29.850647701295415
20
52.431038862077685
42
1
10
32.69545339090679
20
52.431038862077685
42
1
97
1
330

75
0
76
1
47
0.8681437583925616
98
1
10
3.629517071192367
20
33.92795499968543
450
0
451
0
460
0
461
0
452
1
462
1
453
2
463
0
63
5
421
255
463
1
63
7
421
16777215
470
LINEAR
1001
ACAD
1010
0
1020
0
1030
0
  0
CIRCLE
  5
742
330
1F
100
AcDbEntity
  8
BottomSolderMaskLayer
100
AcDbCircle
 10
31.273050546101103
 20
52.431115062230106
 30
0.0
 40
0.7758560971667398
  0
CIRCLE
  5
743
330
1F
100
AcDbEntity
  8
BottomSolderMaskLayer
100
AcDbCircle
 10
31.273050546101103
 20
52.431038862077685
 30
0.0
 40
1.4224028448056898
0
HATCH
5
744
100
AcDbEntity
8
BottomSolderMaskLayer
100
AcDbHatch
10
0
20
0
30
0
210
0
220
0
230
1
2
SOLID
70
1
71
0
91
1
92
7
72
1
73
1
93
2
10
29.850647701295415
20
52.431038862077685
42
1
10
32.69545339090679
20
52.431038862077685
42
1
97
1
330

75
0
76
1
47
0.8681437583925616
98
1
10
3.629517071192367
20
33.92795499968543
450
0
451
0
460
0
461
0
452
1
462
1
453
2
463
0
63
5
421
255
463
1
63
7
421
16777215
470
LINEAR
1001
ACAD
1010
0
1020
0
1030
0
  0
CIRCLE
  5
745
330
1F
100
AcDbEntity
  8
Multi-Layer
100
AcDbCircle
 10
31.273050546101103
 20
52.431115062230106
 30
0.0
 40
0.7620015240030481
  0
CIRCLE
  5
746
330
1F
100
AcDbEntity
  8
Multi-Layer
100
AcDbCircle
 10
31.273050546101103
 20
52.431038862077685
 30
0.0
 40
1.3970027940055882
0
HATCH
5
747
100
AcDbEntity
8
Multi-Layer
100
AcDbHatch
10
0
20
0
30
0
210
0
220
0
230
1
2
SOLID
70
1
71
0
91
1
92
7
72
1
73
1
93
2
10
29.876047752095516
20
52.431038862077685
42
1
10
32.67005334010669
20
52.431038862077685
42
1
97
1
330

75
0
76
1
47
0.8681437583925616
98
1
10
3.629517071192367
20
33.92795499968543
450
0
451
0
460
0
461
0
452
1
462
1
453
2
463
0
63
5
421
255
463
1
63
7
421
16777215
470
LINEAR
1001
ACAD
1010
0
1020
0
1030
0
  0
CIRCLE
  5
748
330
1F
100
AcDbEntity
  8
TopSolderMaskLayer
100
AcDbCircle
 10
19.27355854711709
 20
64.631140462281
 30
0.0
 40
0.7758560971667398
  0
CIRCLE
  5
749
330
1F
100
AcDbEntity
  8
TopSolderMaskLayer
100
AcDbCircle
 10
19.27355854711709
 20
64.63119126238257
 30
0.0
 40
1.4224028448056898
0
HATCH
5
74a
100
AcDbEntity
8
TopSolderMaskLayer
100
AcDbHatch
10
0
20
0
30
0
210
0
220
0
230
1
2
SOLID
70
1
71
0
91
1
92
7
72
1
73
1
93
2
10
17.851155702311402
20
64.63119126238257
42
1
10
20.69596139192278
20
64.63119126238257
42
1
97
1
330

75
0
76
1
47
0.8681437583925616
98
1
10
3.629517071192367
20
33.92795499968543
450
0
451
0
460
0
461
0
452
1
462
1
453
2
463
0
63
5
421
255
463
1
63
7
421
16777215
470
LINEAR
1001
ACAD
1010
0
1020
0
1030
0
  0
CIRCLE
  5
74b
330
1F
100
AcDbEntity
  8
BottomSolderMaskLayer
100
AcDbCircle
 10
19.27355854711709
 20
64.631140462281
 30
0.0
 40
0.7758560971667398
  0
CIRCLE
  5
74c
330
1F
100
AcDbEntity
  8
BottomSolderMaskLayer
100
AcDbCircle
 10
19.27355854711709
 20
64.63119126238257
 30
0.0
 40
1.4224028448056898
0
HATCH
5
74d
100
AcDbEntity
8
BottomSolderMaskLayer
100
AcDbHatch
10
0
20
0
30
0
210
0
220
0
230
1
2
SOLID
70
1
71
0
91
1
92
7
72
1
73
1
93
2
10
17.851155702311402
20
64.63119126238257
42
1
10
20.69596139192278
20
64.63119126238257
42
1
97
1
330

75
0
76
1
47
0.8681437583925616
98
1
10
3.629517071192367
20
33.92795499968543
450
0
451
0
460
0
461
0
452
1
462
1
453
2
463
0
63
5
421
255
463
1
63
7
421
16777215
470
LINEAR
1001
ACAD
1010
0
1020
0
1030
0
  0
CIRCLE
  5
74e
330
1F
100
AcDbEntity
  8
Multi-Layer
100
AcDbCircle
 10
19.27355854711709
 20
64.631140462281
 30
0.0
 40
0.7620015240030481
  0
CIRCLE
  5
74f
330
1F
100
AcDbEntity
  8
Multi-Layer
100
AcDbCircle
 10
19.27355854711709
 20
64.63119126238257
 30
0.0
 40
1.3970027940055882
0
HATCH
5
750
100
AcDbEntity
8
Multi-Layer
100
AcDbHatch
10
0
20
0
30
0
210
0
220
0
230
1
2
SOLID
70
1
71
0
91
1
92
7
72
1
73
1
93
2
10
17.876555753111504
20
64.63119126238257
42
1
10
20.670561341122678
20
64.63119126238257
42
1
97
1
330

75
0
76
1
47
0.8681437583925616
98
1
10
3.629517071192367
20
33.92795499968543
450
0
451
0
460
0
461
0
452
1
462
1
453
2
463
0
63
5
421
255
463
1
63
7
421
16777215
470
LINEAR
1001
ACAD
1010
0
1020
0
1030
0
  0
CIRCLE
  5
751
330
1F
100
AcDbEntity
  8
TopSolderMaskLayer
100
AcDbCircle
 10
15.270510541021167
 20
64.63106426212858
 30
0.0
 40
0.7758560971667398
  0
CIRCLE
  5
752
330
1F
100
AcDbEntity
  8
TopSolderMaskLayer
100
AcDbCircle
 10
15.270510541021167
 20
64.63119126238257
 30
0.0
 40
1.4224028448056898
0
HATCH
5
753
100
AcDbEntity
8
TopSolderMaskLayer
100
AcDbHatch
10
0
20
0
30
0
210
0
220
0
230
1
2
SOLID
70
1
71
0
91
1
92
7
72
1
73
1
93
2
10
13.848107696215477
20
64.63119126238257
42
1
10
16.692913385826856
20
64.63119126238257
42
1
97
1
330

75
0
76
1
47
0.8681437583925616
98
1
10
3.629517071192367
20
33.92795499968543
450
0
451
0
460
0
461
0
452
1
462
1
453
2
463
0
63
5
421
255
463
1
63
7
421
16777215
470
LINEAR
1001
ACAD
1010
0
1020
0
1030
0
  0
CIRCLE
  5
754
330
1F
100
AcDbEntity
  8
BottomSolderMaskLayer
100
AcDbCircle
 10
15.270510541021167
 20
64.63106426212858
 30
0.0
 40
0.7758560971667398
  0
CIRCLE
  5
755
330
1F
100
AcDbEntity
  8
BottomSolderMaskLayer
100
AcDbCircle
 10
15.270510541021167
 20
64.63119126238257
 30
0.0
 40
1.4224028448056898
0
HATCH
5
756
100
AcDbEntity
8
BottomSolderMaskLayer
100
AcDbHatch
10
0
20
0
30
0
210
0
220
0
230
1
2
SOLID
70
1
71
0
91
1
92
7
72
1
73
1
93
2
10
13.848107696215477
20
64.63119126238257
42
1
10
16.692913385826856
20
64.63119126238257
42
1
97
1
330

75
0
76
1
47
0.8681437583925616
98
1
10
3.629517071192367
20
33.92795499968543
450
0
451
0
460
0
461
0
452
1
462
1
453
2
463
0
63
5
421
255
463
1
63
7
421
16777215
470
LINEAR
1001
ACAD
1010
0
1020
0
1030
0
  0
CIRCLE
  5
757
330
1F
100
AcDbEntity
  8
Multi-Layer
100
AcDbCircle
 10
15.270510541021167
 20
64.63106426212858
 30
0.0
 40
0.7620015240030481
  0
CIRCLE
  5
758
330
1F
100
AcDbEntity
  8
Multi-Layer
100
AcDbCircle
 10
15.270510541021167
 20
64.63119126238257
 30
0.0
 40
1.3970027940055882
0
HATCH
5
759
100
AcDbEntity
8
Multi-Layer
100
AcDbHatch
10
0
20
0
30
0
210
0
220
0
230
1
2
SOLID
70
1
71
0
91
1
92
7
72
1
73
1
93
2
10
13.873507747015578
20
64.63119126238257
42
1
10
16.667513335026754
20
64.63119126238257
42
1
97
1
330

75
0
76
1
47
0.8681437583925616
98
1
10
3.629517071192367
20
33.92795499968543
450
0
451
0
460
0
461
0
452
1
462
1
453
2
463
0
63
5
421
255
463
1
63
7
421
16777215
470
LINEAR
1001
ACAD
1010
0
1020
0
1030
0
  0
CIRCLE
  5
75a
330
1F
100
AcDbEntity
  8
TopSolderMaskLayer
100
AcDbCircle
 10
9.271018542037154
 20
50.431089662179374
 30
0.0
 40
0.7758560971667398
  0
CIRCLE
  5
75b
330
1F
100
AcDbEntity
  8
TopSolderMaskLayer
100
AcDbCircle
 10
9.271018542037154
 20
50.4310388620778
 30
0.0
 40
1.4224028448056898
0
HATCH
5
75c
100
AcDbEntity
8
TopSolderMaskLayer
100
AcDbHatch
10
0
20
0
30
0
210
0
220
0
230
1
2
SOLID
70
1
71
0
91
1
92
7
72
1
73
1
93
2
10
7.848615697231464
20
50.4310388620778
42
1
10
10.693421386842845
20
50.4310388620778
42
1
97
1
330

75
0
76
1
47
0.8681437583925616
98
1
10
3.629517071192367
20
33.92795499968543
450
0
451
0
460
0
461
0
452
1
462
1
453
2
463
0
63
5
421
255
463
1
63
7
421
16777215
470
LINEAR
1001
ACAD
1010
0
1020
0
1030
0
  0
CIRCLE
  5
75d
330
1F
100
AcDbEntity
  8
BottomSolderMaskLayer
100
AcDbCircle
 10
9.271018542037154
 20
50.431089662179374
 30
0.0
 40
0.7758560971667398
  0
CIRCLE
  5
75e
330
1F
100
AcDbEntity
  8
BottomSolderMaskLayer
100
AcDbCircle
 10
9.271018542037154
 20
50.4310388620778
 30
0.0
 40
1.4224028448056898
0
HATCH
5
75f
100
AcDbEntity
8
BottomSolderMaskLayer
100
AcDbHatch
10
0
20
0
30
0
210
0
220
0
230
1
2
SOLID
70
1
71
0
91
1
92
7
72
1
73
1
93
2
10
7.848615697231464
20
50.4310388620778
42
1
10
10.693421386842845
20
50.4310388620778
42
1
97
1
330

75
0
76
1
47
0.8681437583925616
98
1
10
3.629517071192367
20
33.92795499968543
450
0
451
0
460
0
461
0
452
1
462
1
453
2
463
0
63
5
421
255
463
1
63
7
421
16777215
470
LINEAR
1001
ACAD
1010
0
1020
0
1030
0
  0
CIRCLE
  5
760
330
1F
100
AcDbEntity
  8
Multi-Layer
100
AcDbCircle
 10
9.271018542037154
 20
50.431089662179374
 30
0.0
 40
0.7620015240030481
  0
CIRCLE
  5
761
330
1F
100
AcDbEntity
  8
Multi-Layer
100
AcDbCircle
 10
9.271018542037154
 20
50.4310388620778
 30
0.0
 40
1.3970027940055882
0
HATCH
5
762
100
AcDbEntity
8
Multi-Layer
100
AcDbHatch
10
0
20
0
30
0
210
0
220
0
230
1
2
SOLID
70
1
71
0
91
1
92
7
72
1
73
1
93
2
10
7.8740157480315665
20
50.4310388620778
42
1
10
10.668021336042743
20
50.4310388620778
42
1
97
1
330

75
0
76
1
47
0.8681437583925616
98
1
10
3.629517071192367
20
33.92795499968543
450
0
451
0
460
0
461
0
452
1
462
1
453
2
463
0
63
5
421
255
463
1
63
7
421
16777215
470
LINEAR
1001
ACAD
1010
0
1020
0
1030
0
  0
CIRCLE
  5
763
330
1F
100
AcDbEntity
  8
TopSolderMaskLayer
100
AcDbCircle
 10
3.2710185420371545
 20
52.431115062230106
 30
0.0
 40
0.7758560971667398
  0
CIRCLE
  5
764
330
1F
100
AcDbEntity
  8
TopSolderMaskLayer
100
AcDbCircle
 10
3.2710185420371545
 20
52.431038862077685
 30
0.0
 40
1.4224028448056898
0
HATCH
5
765
100
AcDbEntity
8
TopSolderMaskLayer
100
AcDbHatch
10
0
20
0
30
0
210
0
220
0
230
1
2
SOLID
70
1
71
0
91
1
92
7
72
1
73
1
93
2
10
1.8486156972314647
20
52.431038862077685
42
1
10
4.693421386842845
20
52.431038862077685
42
1
97
1
330

75
0
76
1
47
0.8681437583925616
98
1
10
3.629517071192367
20
33.92795499968543
450
0
451
0
460
0
461
0
452
1
462
1
453
2
463
0
63
5
421
255
463
1
63
7
421
16777215
470
LINEAR
1001
ACAD
1010
0
1020
0
1030
0
  0
CIRCLE
  5
766
330
1F
100
AcDbEntity
  8
BottomSolderMaskLayer
100
AcDbCircle
 10
3.2710185420371545
 20
52.431115062230106
 30
0.0
 40
0.7758560971667398
  0
CIRCLE
  5
767
330
1F
100
AcDbEntity
  8
BottomSolderMaskLayer
100
AcDbCircle
 10
3.2710185420371545
 20
52.431038862077685
 30
0.0
 40
1.4224028448056898
0
HATCH
5
768
100
AcDbEntity
8
BottomSolderMaskLayer
100
AcDbHatch
10
0
20
0
30
0
210
0
220
0
230
1
2
SOLID
70
1
71
0
91
1
92
7
72
1
73
1
93
2
10
1.8486156972314647
20
52.431038862077685
42
1
10
4.693421386842845
20
52.431038862077685
42
1
97
1
330

75
0
76
1
47
0.8681437583925616
98
1
10
3.629517071192367
20
33.92795499968543
450
0
451
0
460
0
461
0
452
1
462
1
453
2
463
0
63
5
421
255
463
1
63
7
421
16777215
470
LINEAR
1001
ACAD
1010
0
1020
0
1030
0
  0
CIRCLE
  5
769
330
1F
100
AcDbEntity
  8
Multi-Layer
100
AcDbCircle
 10
3.2710185420371545
 20
52.431115062230106
 30
0.0
 40
0.7620015240030481
  0
CIRCLE
  5
76a
330
1F
100
AcDbEntity
  8
Multi-Layer
100
AcDbCircle
 10
3.2710185420371545
 20
52.431038862077685
 30
0.0
 40
1.3970027940055882
0
HATCH
5
76b
100
AcDbEntity
8
Multi-Layer
100
AcDbHatch
10
0
20
0
30
0
210
0
220
0
230
1
2
SOLID
70
1
71
0
91
1
92
7
72
1
73
1
93
2
10
1.8740157480315662
20
52.431038862077685
42
1
10
4.6680213360427425
20
52.431038862077685
42
1
97
1
330

75
0
76
1
47
0.8681437583925616
98
1
10
3.629517071192367
20
33.92795499968543
450
0
451
0
460
0
461
0
452
1
462
1
453
2
463
0
63
5
421
255
463
1
63
7
421
16777215
470
LINEAR
1001
ACAD
1010
0
1020
0
1030
0
  0
CIRCLE
  5
76c
330
1F
100
AcDbEntity
  8
TopSolderMaskLayer
100
AcDbCircle
 10
15.271018542037154
 20
52.431115062230106
 30
0.0
 40
0.7758560971667398
  0
CIRCLE
  5
76d
330
1F
100
AcDbEntity
  8
TopSolderMaskLayer
100
AcDbCircle
 10
15.271018542037154
 20
52.431038862077685
 30
0.0
 40
1.4224028448056898
0
HATCH
5
76e
100
AcDbEntity
8
TopSolderMaskLayer
100
AcDbHatch
10
0
20
0
30
0
210
0
220
0
230
1
2
SOLID
70
1
71
0
91
1
92
7
72
1
73
1
93
2
10
13.848615697231464
20
52.431038862077685
42
1
10
16.693421386842843
20
52.431038862077685
42
1
97
1
330

75
0
76
1
47
0.8681437583925616
98
1
10
3.629517071192367
20
33.92795499968543
450
0
451
0
460
0
461
0
452
1
462
1
453
2
463
0
63
5
421
255
463
1
63
7
421
16777215
470
LINEAR
1001
ACAD
1010
0
1020
0
1030
0
  0
CIRCLE
  5
76f
330
1F
100
AcDbEntity
  8
BottomSolderMaskLayer
100
AcDbCircle
 10
15.271018542037154
 20
52.431115062230106
 30
0.0
 40
0.7758560971667398
  0
CIRCLE
  5
770
330
1F
100
AcDbEntity
  8
BottomSolderMaskLayer
100
AcDbCircle
 10
15.271018542037154
 20
52.431038862077685
 30
0.0
 40
1.4224028448056898
0
HATCH
5
771
100
AcDbEntity
8
BottomSolderMaskLayer
100
AcDbHatch
10
0
20
0
30
0
210
0
220
0
230
1
2
SOLID
70
1
71
0
91
1
92
7
72
1
73
1
93
2
10
13.848615697231464
20
52.431038862077685
42
1
10
16.693421386842843
20
52.431038862077685
42
1
97
1
330

75
0
76
1
47
0.8681437583925616
98
1
10
3.629517071192367
20
33.92795499968543
450
0
451
0
460
0
461
0
452
1
462
1
453
2
463
0
63
5
421
255
463
1
63
7
421
16777215
470
LINEAR
1001
ACAD
1010
0
1020
0
1030
0
  0
CIRCLE
  5
772
330
1F
100
AcDbEntity
  8
Multi-Layer
100
AcDbCircle
 10
15.271018542037154
 20
52.431115062230106
 30
0.0
 40
0.7620015240030481
  0
CIRCLE
  5
773
330
1F
100
AcDbEntity
  8
Multi-Layer
100
AcDbCircle
 10
15.271018542037154
 20
52.431038862077685
 30
0.0
 40
1.3970027940055882
0
HATCH
5
774
100
AcDbEntity
8
Multi-Layer
100
AcDbHatch
10
0
20
0
30
0
210
0
220
0
230
1
2
SOLID
70
1
71
0
91
1
92
7
72
1
73
1
93
2
10
13.874015748031566
20
52.431038862077685
42
1
10
16.66802133604274
20
52.431038862077685
42
1
97
1
330

75
0
76
1
47
0.8681437583925616
98
1
10
3.629517071192367
20
33.92795499968543
450
0
451
0
460
0
461
0
452
1
462
1
453
2
463
0
63
5
421
255
463
1
63
7
421
16777215
470
LINEAR
1001
ACAD
1010
0
1020
0
1030
0
  0
CIRCLE
  5
775
330
1F
100
AcDbEntity
  8
TopSolderMaskLayer
100
AcDbCircle
 10
3.2715265430531417
 20
64.631140462281
 30
0.0
 40
0.7758560971667398
  0
CIRCLE
  5
776
330
1F
100
AcDbEntity
  8
TopSolderMaskLayer
100
AcDbCircle
 10
3.2715265430531417
 20
64.63119126238257
 30
0.0
 40
1.4224028448056898
0
HATCH
5
777
100
AcDbEntity
8
TopSolderMaskLayer
100
AcDbHatch
10
0
20
0
30
0
210
0
220
0
230
1
2
SOLID
70
1
71
0
91
1
92
7
72
1
73
1
93
2
10
1.849123698247452
20
64.63119126238257
42
1
10
4.693929387858832
20
64.63119126238257
42
1
97
1
330

75
0
76
1
47
0.8681437583925616
98
1
10
3.629517071192367
20
33.92795499968543
450
0
451
0
460
0
461
0
452
1
462
1
453
2
463
0
63
5
421
255
463
1
63
7
421
16777215
470
LINEAR
1001
ACAD
1010
0
1020
0
1030
0
  0
CIRCLE
  5
778
330
1F
100
AcDbEntity
  8
BottomSolderMaskLayer
100
AcDbCircle
 10
3.2715265430531417
 20
64.631140462281
 30
0.0
 40
0.7758560971667398
  0
CIRCLE
  5
779
330
1F
100
AcDbEntity
  8
BottomSolderMaskLayer
100
AcDbCircle
 10
3.2715265430531417
 20
64.63119126238257
 30
0.0
 40
1.4224028448056898
0
HATCH
5
77a
100
AcDbEntity
8
BottomSolderMaskLayer
100
AcDbHatch
10
0
20
0
30
0
210
0
220
0
230
1
2
SOLID
70
1
71
0
91
1
92
7
72
1
73
1
93
2
10
1.849123698247452
20
64.63119126238257
42
1
10
4.693929387858832
20
64.63119126238257
42
1
97
1
330

75
0
76
1
47
0.8681437583925616
98
1
10
3.629517071192367
20
33.92795499968543
450
0
451
0
460
0
461
0
452
1
462
1
453
2
463
0
63
5
421
255
463
1
63
7
421
16777215
470
LINEAR
1001
ACAD
1010
0
1020
0
1030
0
  0
CIRCLE
  5
77b
330
1F
100
AcDbEntity
  8
Multi-Layer
100
AcDbCircle
 10
3.2715265430531417
 20
64.631140462281
 30
0.0
 40
0.7620015240030481
  0
CIRCLE
  5
77c
330
1F
100
AcDbEntity
  8
Multi-Layer
100
AcDbCircle
 10
3.2715265430531417
 20
64.63119126238257
 30
0.0
 40
1.3970027940055882
0
HATCH
5
77d
100
AcDbEntity
8
Multi-Layer
100
AcDbHatch
10
0
20
0
30
0
210
0
220
0
230
1
2
SOLID
70
1
71
0
91
1
92
7
72
1
73
1
93
2
10
1.8745237490475535
20
64.63119126238257
42
1
10
4.66852933705873
20
64.63119126238257
42
1
97
1
330

75
0
76
1
47
0.8681437583925616
98
1
10
3.629517071192367
20
33.92795499968543
450
0
451
0
460
0
461
0
452
1
462
1
453
2
463
0
63
5
421
255
463
1
63
7
421
16777215
470
LINEAR
1001
ACAD
1010
0
1020
0
1030
0
  0
CIRCLE
  5
77e
330
1F
100
AcDbEntity
  8
TopSolderMaskLayer
100
AcDbCircle
 10
70.68529337058658
 20
59.43609347218694
 30
0.0
 40
0.7148166963000593
  0
CIRCLE
  5
77f
330
1F
100
AcDbEntity
  8
TopSolderMaskLayer
100
AcDbCircle
 10
70.68529337058658
 20
59.43586487172968
 30
0.0
 40
1.2254000508001017
0
HATCH
5
780
100
AcDbEntity
8
TopSolderMaskLayer
100
AcDbHatch
10
0
20
0
30
0
210
0
220
0
230
1
2
SOLID
70
1
71
0
91
1
92
7
72
1
73
1
93
2
10
69.45989331978647
20
59.43586487172968
42
1
10
71.91069342138668
20
59.43586487172968
42
1
97
1
330

75
0
76
1
47
0.8681437583925616
98
1
10
3.629517071192367
20
33.92795499968543
450
0
451
0
460
0
461
0
452
1
462
1
453
2
463
0
63
5
421
255
463
1
63
7
421
16777215
470
LINEAR
1001
ACAD
1010
0
1020
0
1030
0
  0
CIRCLE
  5
781
330
1F
100
AcDbEntity
  8
BottomSolderMaskLayer
100
AcDbCircle
 10
70.68529337058658
 20
59.43609347218694
 30
0.0
 40
0.7148166963000593
  0
CIRCLE
  5
782
330
1F
100
AcDbEntity
  8
BottomSolderMaskLayer
100
AcDbCircle
 10
70.68529337058658
 20
59.43586487172968
 30
0.0
 40
1.2254000508001017
0
HATCH
5
783
100
AcDbEntity
8
BottomSolderMaskLayer
100
AcDbHatch
10
0
20
0
30
0
210
0
220
0
230
1
2
SOLID
70
1
71
0
91
1
92
7
72
1
73
1
93
2
10
69.45989331978647
20
59.43586487172968
42
1
10
71.91069342138668
20
59.43586487172968
42
1
97
1
330

75
0
76
1
47
0.8681437583925616
98
1
10
3.629517071192367
20
33.92795499968543
450
0
451
0
460
0
461
0
452
1
462
1
453
2
463
0
63
5
421
255
463
1
63
7
421
16777215
470
LINEAR
1001
ACAD
1010
0
1020
0
1030
0
  0
CIRCLE
  5
784
330
1F
100
AcDbEntity
  8
Multi-Layer
100
AcDbCircle
 10
70.68529337058658
 20
59.43609347218694
 30
0.0
 40
0.7000000000000001
  0
CIRCLE
  5
785
330
1F
100
AcDbEntity
  8
Multi-Layer
100
AcDbCircle
 10
70.68529337058658
 20
59.43586487172968
 30
0.0
 40
1.2000000000000002
0
HATCH
5
786
100
AcDbEntity
8
Multi-Layer
100
AcDbHatch
10
0
20
0
30
0
210
0
220
0
230
1
2
SOLID
70
1
71
0
91
1
92
7
72
1
73
1
93
2
10
69.48529337058658
20
59.43586487172968
42
1
10
71.88529337058658
20
59.43586487172968
42
1
97
1
330

75
0
76
1
47
0.8681437583925616
98
1
10
3.629517071192367
20
33.92795499968543
450
0
451
0
460
0
461
0
452
1
462
1
453
2
463
0
63
5
421
255
463
1
63
7
421
16777215
470
LINEAR
1001
ACAD
1010
0
1020
0
1030
0
  0
CIRCLE
  5
787
330
1F
100
AcDbEntity
  8
TopSolderMaskLayer
100
AcDbCircle
 10
75.6852933705868
 20
59.436118872237785
 30
0.0
 40
0.7148166963000593
  0
CIRCLE
  5
788
330
1F
100
AcDbEntity
  8
TopSolderMaskLayer
100
AcDbCircle
 10
75.6852933705868
 20
59.436118872237785
 30
0.0
 40
1.2254000508001017
0
HATCH
5
789
100
AcDbEntity
8
TopSolderMaskLayer
100
AcDbHatch
10
0
20
0
30
0
210
0
220
0
230
1
2
SOLID
70
1
71
0
91
1
92
7
72
1
73
1
93
2
10
74.4598933197867
20
59.436118872237785
42
1
10
76.91069342138691
20
59.436118872237785
42
1
97
1
330

75
0
76
1
47
0.8681437583925616
98
1
10
3.629517071192367
20
33.92795499968543
450
0
451
0
460
0
461
0
452
1
462
1
453
2
463
0
63
5
421
255
463
1
63
7
421
16777215
470
LINEAR
1001
ACAD
1010
0
1020
0
1030
0
  0
CIRCLE
  5
78a
330
1F
100
AcDbEntity
  8
BottomSolderMaskLayer
100
AcDbCircle
 10
75.6852933705868
 20
59.436118872237785
 30
0.0
 40
0.7148166963000593
  0
CIRCLE
  5
78b
330
1F
100
AcDbEntity
  8
BottomSolderMaskLayer
100
AcDbCircle
 10
75.6852933705868
 20
59.436118872237785
 30
0.0
 40
1.2254000508001017
0
HATCH
5
78c
100
AcDbEntity
8
BottomSolderMaskLayer
100
AcDbHatch
10
0
20
0
30
0
210
0
220
0
230
1
2
SOLID
70
1
71
0
91
1
92
7
72
1
73
1
93
2
10
74.4598933197867
20
59.436118872237785
42
1
10
76.91069342138691
20
59.436118872237785
42
1
97
1
330

75
0
76
1
47
0.8681437583925616
98
1
10
3.629517071192367
20
33.92795499968543
450
0
451
0
460
0
461
0
452
1
462
1
453
2
463
0
63
5
421
255
463
1
63
7
421
16777215
470
LINEAR
1001
ACAD
1010
0
1020
0
1030
0
  0
CIRCLE
  5
78d
330
1F
100
AcDbEntity
  8
Multi-Layer
100
AcDbCircle
 10
75.6852933705868
 20
59.436118872237785
 30
0.0
 40
0.7000000000000001
  0
CIRCLE
  5
78e
330
1F
100
AcDbEntity
  8
Multi-Layer
100
AcDbCircle
 10
75.6852933705868
 20
59.436118872237785
 30
0.0
 40
1.2000000000000002
0
HATCH
5
78f
100
AcDbEntity
8
Multi-Layer
100
AcDbHatch
10
0
20
0
30
0
210
0
220
0
230
1
2
SOLID
70
1
71
0
91
1
92
7
72
1
73
1
93
2
10
74.4852933705868
20
59.436118872237785
42
1
10
76.88529337058681
20
59.436118872237785
42
1
97
1
330

75
0
76
1
47
0.8681437583925616
98
1
10
3.629517071192367
20
33.92795499968543
450
0
451
0
460
0
461
0
452
1
462
1
453
2
463
0
63
5
421
255
463
1
63
7
421
16777215
470
LINEAR
1001
ACAD
1010
0
1020
0
1030
0
  0
CIRCLE
  5
790
330
1F
100
AcDbEntity
  8
TopSolderMaskLayer
100
AcDbCircle
 10
80.6852933705868
 20
59.43609347218694
 30
0.0
 40
0.7148166963000593
  0
CIRCLE
  5
791
330
1F
100
AcDbEntity
  8
TopSolderMaskLayer
100
AcDbCircle
 10
80.6852933705868
 20
59.43586487172968
 30
0.0
 40
1.2254000508001017
0
HATCH
5
792
100
AcDbEntity
8
TopSolderMaskLayer
100
AcDbHatch
10
0
20
0
30
0
210
0
220
0
230
1
2
SOLID
70
1
71
0
91
1
92
7
72
1
73
1
93
2
10
79.4598933197867
20
59.43586487172968
42
1
10
81.91069342138691
20
59.43586487172968
42
1
97
1
330

75
0
76
1
47
0.8681437583925616
98
1
10
3.629517071192367
20
33.92795499968543
450
0
451
0
460
0
461
0
452
1
462
1
453
2
463
0
63
5
421
255
463
1
63
7
421
16777215
470
LINEAR
1001
ACAD
1010
0
1020
0
1030
0
  0
CIRCLE
  5
793
330
1F
100
AcDbEntity
  8
BottomSolderMaskLayer
100
AcDbCircle
 10
80.6852933705868
 20
59.43609347218694
 30
0.0
 40
0.7148166963000593
  0
CIRCLE
  5
794
330
1F
100
AcDbEntity
  8
BottomSolderMaskLayer
100
AcDbCircle
 10
80.6852933705868
 20
59.43586487172968
 30
0.0
 40
1.2254000508001017
0
HATCH
5
795
100
AcDbEntity
8
BottomSolderMaskLayer
100
AcDbHatch
10
0
20
0
30
0
210
0
220
0
230
1
2
SOLID
70
1
71
0
91
1
92
7
72
1
73
1
93
2
10
79.4598933197867
20
59.43586487172968
42
1
10
81.91069342138691
20
59.43586487172968
42
1
97
1
330

75
0
76
1
47
0.8681437583925616
98
1
10
3.629517071192367
20
33.92795499968543
450
0
451
0
460
0
461
0
452
1
462
1
453
2
463
0
63
5
421
255
463
1
63
7
421
16777215
470
LINEAR
1001
ACAD
1010
0
1020
0
1030
0
  0
CIRCLE
  5
796
330
1F
100
AcDbEntity
  8
Multi-Layer
100
AcDbCircle
 10
80.6852933705868
 20
59.43609347218694
 30
0.0
 40
0.7000000000000001
  0
CIRCLE
  5
797
330
1F
100
AcDbEntity
  8
Multi-Layer
100
AcDbCircle
 10
80.6852933705868
 20
59.43586487172968
 30
0.0
 40
1.2000000000000002
0
HATCH
5
798
100
AcDbEntity
8
Multi-Layer
100
AcDbHatch
10
0
20
0
30
0
210
0
220
0
230
1
2
SOLID
70
1
71
0
91
1
92
7
72
1
73
1
93
2
10
79.4852933705868
20
59.43586487172968
42
1
10
81.88529337058681
20
59.43586487172968
42
1
97
1
330

75
0
76
1
47
0.8681437583925616
98
1
10
3.629517071192367
20
33.92795499968543
450
0
451
0
460
0
461
0
452
1
462
1
453
2
463
0
63
5
421
255
463
1
63
7
421
16777215
470
LINEAR
1001
ACAD
1010
0
1020
0
1030
0
  0
CIRCLE
  5
799
330
1F
100
AcDbEntity
  8
TopSolderMaskLayer
100
AcDbCircle
 10
85.6852933705868
 20
59.43609347218694
 30
0.0
 40
0.7148166963000593
  0
CIRCLE
  5
79a
330
1F
100
AcDbEntity
  8
TopSolderMaskLayer
100
AcDbCircle
 10
85.6852933705868
 20
59.43586487172968
 30
0.0
 40
1.2254000508001017
0
HATCH
5
79b
100
AcDbEntity
8
TopSolderMaskLayer
100
AcDbHatch
10
0
20
0
30
0
210
0
220
0
230
1
2
SOLID
70
1
71
0
91
1
92
7
72
1
73
1
93
2
10
84.4598933197867
20
59.43586487172968
42
1
10
86.91069342138691
20
59.43586487172968
42
1
97
1
330

75
0
76
1
47
0.8681437583925616
98
1
10
3.629517071192367
20
33.92795499968543
450
0
451
0
460
0
461
0
452
1
462
1
453
2
463
0
63
5
421
255
463
1
63
7
421
16777215
470
LINEAR
1001
ACAD
1010
0
1020
0
1030
0
  0
CIRCLE
  5
79c
330
1F
100
AcDbEntity
  8
BottomSolderMaskLayer
100
AcDbCircle
 10
85.6852933705868
 20
59.43609347218694
 30
0.0
 40
0.7148166963000593
  0
CIRCLE
  5
79d
330
1F
100
AcDbEntity
  8
BottomSolderMaskLayer
100
AcDbCircle
 10
85.6852933705868
 20
59.43586487172968
 30
0.0
 40
1.2254000508001017
0
HATCH
5
79e
100
AcDbEntity
8
BottomSolderMaskLayer
100
AcDbHatch
10
0
20
0
30
0
210
0
220
0
230
1
2
SOLID
70
1
71
0
91
1
92
7
72
1
73
1
93
2
10
84.4598933197867
20
59.43586487172968
42
1
10
86.91069342138691
20
59.43586487172968
42
1
97
1
330

75
0
76
1
47
0.8681437583925616
98
1
10
3.629517071192367
20
33.92795499968543
450
0
451
0
460
0
461
0
452
1
462
1
453
2
463
0
63
5
421
255
463
1
63
7
421
16777215
470
LINEAR
1001
ACAD
1010
0
1020
0
1030
0
  0
CIRCLE
  5
79f
330
1F
100
AcDbEntity
  8
Multi-Layer
100
AcDbCircle
 10
85.6852933705868
 20
59.43609347218694
 30
0.0
 40
0.7000000000000001
  0
CIRCLE
  5
7a0
330
1F
100
AcDbEntity
  8
Multi-Layer
100
AcDbCircle
 10
85.6852933705868
 20
59.43586487172968
 30
0.0
 40
1.2000000000000002
0
HATCH
5
7a1
100
AcDbEntity
8
Multi-Layer
100
AcDbHatch
10
0
20
0
30
0
210
0
220
0
230
1
2
SOLID
70
1
71
0
91
1
92
7
72
1
73
1
93
2
10
84.4852933705868
20
59.43586487172968
42
1
10
86.88529337058681
20
59.43586487172968
42
1
97
1
330

75
0
76
1
47
0.8681437583925616
98
1
10
3.629517071192367
20
33.92795499968543
450
0
451
0
460
0
461
0
452
1
462
1
453
2
463
0
63
5
421
255
463
1
63
7
421
16777215
470
LINEAR
1001
ACAD
1010
0
1020
0
1030
0
  0
CIRCLE
  5
7a2
330
1F
100
AcDbEntity
  8
TopSolderMaskLayer
100
AcDbCircle
 10
90.6852933705868
 20
59.43609347218694
 30
0.0
 40
0.7148166963000593
  0
CIRCLE
  5
7a3
330
1F
100
AcDbEntity
  8
TopSolderMaskLayer
100
AcDbCircle
 10
90.6852933705868
 20
59.43586487172968
 30
0.0
 40
1.2254000508001017
0
HATCH
5
7a4
100
AcDbEntity
8
TopSolderMaskLayer
100
AcDbHatch
10
0
20
0
30
0
210
0
220
0
230
1
2
SOLID
70
1
71
0
91
1
92
7
72
1
73
1
93
2
10
89.4598933197867
20
59.43586487172968
42
1
10
91.91069342138691
20
59.43586487172968
42
1
97
1
330

75
0
76
1
47
0.8681437583925616
98
1
10
3.629517071192367
20
33.92795499968543
450
0
451
0
460
0
461
0
452
1
462
1
453
2
463
0
63
5
421
255
463
1
63
7
421
16777215
470
LINEAR
1001
ACAD
1010
0
1020
0
1030
0
  0
CIRCLE
  5
7a5
330
1F
100
AcDbEntity
  8
BottomSolderMaskLayer
100
AcDbCircle
 10
90.6852933705868
 20
59.43609347218694
 30
0.0
 40
0.7148166963000593
  0
CIRCLE
  5
7a6
330
1F
100
AcDbEntity
  8
BottomSolderMaskLayer
100
AcDbCircle
 10
90.6852933705868
 20
59.43586487172968
 30
0.0
 40
1.2254000508001017
0
HATCH
5
7a7
100
AcDbEntity
8
BottomSolderMaskLayer
100
AcDbHatch
10
0
20
0
30
0
210
0
220
0
230
1
2
SOLID
70
1
71
0
91
1
92
7
72
1
73
1
93
2
10
89.4598933197867
20
59.43586487172968
42
1
10
91.91069342138691
20
59.43586487172968
42
1
97
1
330

75
0
76
1
47
0.8681437583925616
98
1
10
3.629517071192367
20
33.92795499968543
450
0
451
0
460
0
461
0
452
1
462
1
453
2
463
0
63
5
421
255
463
1
63
7
421
16777215
470
LINEAR
1001
ACAD
1010
0
1020
0
1030
0
  0
CIRCLE
  5
7a8
330
1F
100
AcDbEntity
  8
Multi-Layer
100
AcDbCircle
 10
90.6852933705868
 20
59.43609347218694
 30
0.0
 40
0.7000000000000001
  0
CIRCLE
  5
7a9
330
1F
100
AcDbEntity
  8
Multi-Layer
100
AcDbCircle
 10
90.6852933705868
 20
59.43586487172968
 30
0.0
 40
1.2000000000000002
0
HATCH
5
7aa
100
AcDbEntity
8
Multi-Layer
100
AcDbHatch
10
0
20
0
30
0
210
0
220
0
230
1
2
SOLID
70
1
71
0
91
1
92
7
72
1
73
1
93
2
10
89.4852933705868
20
59.43586487172968
42
1
10
91.88529337058681
20
59.43586487172968
42
1
97
1
330

75
0
76
1
47
0.8681437583925616
98
1
10
3.629517071192367
20
33.92795499968543
450
0
451
0
460
0
461
0
452
1
462
1
453
2
463
0
63
5
421
255
463
1
63
7
421
16777215
470
LINEAR
1001
ACAD
1010
0
1020
0
1030
0
  0
CIRCLE
  5
7ab
330
1F
100
AcDbEntity
  8
TopSolderMaskLayer
100
AcDbCircle
 10
95.6852933705868
 20
59.43609347218694
 30
0.0
 40
0.7148166963000593
  0
CIRCLE
  5
7ac
330
1F
100
AcDbEntity
  8
TopSolderMaskLayer
100
AcDbCircle
 10
95.6852933705868
 20
59.43586487172968
 30
0.0
 40
1.2254000508001017
0
HATCH
5
7ad
100
AcDbEntity
8
TopSolderMaskLayer
100
AcDbHatch
10
0
20
0
30
0
210
0
220
0
230
1
2
SOLID
70
1
71
0
91
1
92
7
72
1
73
1
93
2
10
94.4598933197867
20
59.43586487172968
42
1
10
96.91069342138691
20
59.43586487172968
42
1
97
1
330

75
0
76
1
47
0.8681437583925616
98
1
10
3.629517071192367
20
33.92795499968543
450
0
451
0
460
0
461
0
452
1
462
1
453
2
463
0
63
5
421
255
463
1
63
7
421
16777215
470
LINEAR
1001
ACAD
1010
0
1020
0
1030
0
  0
CIRCLE
  5
7ae
330
1F
100
AcDbEntity
  8
BottomSolderMaskLayer
100
AcDbCircle
 10
95.6852933705868
 20
59.43609347218694
 30
0.0
 40
0.7148166963000593
  0
CIRCLE
  5
7af
330
1F
100
AcDbEntity
  8
BottomSolderMaskLayer
100
AcDbCircle
 10
95.6852933705868
 20
59.43586487172968
 30
0.0
 40
1.2254000508001017
0
HATCH
5
7b0
100
AcDbEntity
8
BottomSolderMaskLayer
100
AcDbHatch
10
0
20
0
30
0
210
0
220
0
230
1
2
SOLID
70
1
71
0
91
1
92
7
72
1
73
1
93
2
10
94.4598933197867
20
59.43586487172968
42
1
10
96.91069342138691
20
59.43586487172968
42
1
97
1
330

75
0
76
1
47
0.8681437583925616
98
1
10
3.629517071192367
20
33.92795499968543
450
0
451
0
460
0
461
0
452
1
462
1
453
2
463
0
63
5
421
255
463
1
63
7
421
16777215
470
LINEAR
1001
ACAD
1010
0
1020
0
1030
0
  0
CIRCLE
  5
7b1
330
1F
100
AcDbEntity
  8
Multi-Layer
100
AcDbCircle
 10
95.6852933705868
 20
59.43609347218694
 30
0.0
 40
0.7000000000000001
  0
CIRCLE
  5
7b2
330
1F
100
AcDbEntity
  8
Multi-Layer
100
AcDbCircle
 10
95.6852933705868
 20
59.43586487172968
 30
0.0
 40
1.2000000000000002
0
HATCH
5
7b3
100
AcDbEntity
8
Multi-Layer
100
AcDbHatch
10
0
20
0
30
0
210
0
220
0
230
1
2
SOLID
70
1
71
0
91
1
92
7
72
1
73
1
93
2
10
94.4852933705868
20
59.43586487172968
42
1
10
96.88529337058681
20
59.43586487172968
42
1
97
1
330

75
0
76
1
47
0.8681437583925616
98
1
10
3.629517071192367
20
33.92795499968543
450
0
451
0
460
0
461
0
452
1
462
1
453
2
463
0
63
5
421
255
463
1
63
7
421
16777215
470
LINEAR
1001
ACAD
1010
0
1020
0
1030
0
  0
CIRCLE
  5
7b4
330
1F
100
AcDbEntity
  8
TopSolderMaskLayer
100
AcDbCircle
 10
81.76200152400315
 20
14.35102870205742
 30
0.0
 40
0.7658880005932055
  0
CIRCLE
  5
7b5
330
1F
100
AcDbEntity
  8
TopSolderMaskLayer
100
AcDbCircle
 10
81.76225552451115
 20
14.35102870205742
 30
0.0
 40
1.2254000508001017
0
HATCH
5
7b6
100
AcDbEntity
8
TopSolderMaskLayer
100
AcDbHatch
10
0
20
0
30
0
210
0
220
0
230
1
2
SOLID
70
1
71
0
91
1
92
7
72
1
73
1
93
2
10
80.53685547371104
20
14.35102870205742
42
1
10
82.98765557531125
20
14.35102870205742
42
1
97
1
330

75
0
76
1
47
0.8681437583925616
98
1
10
3.629517071192367
20
33.92795499968543
450
0
451
0
460
0
461
0
452
1
462
1
453
2
463
0
63
5
421
255
463
1
63
7
421
16777215
470
LINEAR
1001
ACAD
1010
0
1020
0
1030
0
  0
CIRCLE
  5
7b7
330
1F
100
AcDbEntity
  8
BottomSolderMaskLayer
100
AcDbCircle
 10
81.76200152400315
 20
14.35102870205742
 30
0.0
 40
0.7658880005932055
  0
CIRCLE
  5
7b8
330
1F
100
AcDbEntity
  8
BottomSolderMaskLayer
100
AcDbCircle
 10
81.76225552451115
 20
14.35102870205742
 30
0.0
 40
1.2254000508001017
0
HATCH
5
7b9
100
AcDbEntity
8
BottomSolderMaskLayer
100
AcDbHatch
10
0
20
0
30
0
210
0
220
0
230
1
2
SOLID
70
1
71
0
91
1
92
7
72
1
73
1
93
2
10
80.53685547371104
20
14.35102870205742
42
1
10
82.98765557531125
20
14.35102870205742
42
1
97
1
330

75
0
76
1
47
0.8681437583925616
98
1
10
3.629517071192367
20
33.92795499968543
450
0
451
0
460
0
461
0
452
1
462
1
453
2
463
0
63
5
421
255
463
1
63
7
421
16777215
470
LINEAR
1001
ACAD
1010
0
1020
0
1030
0
  0
CIRCLE
  5
7ba
330
1F
100
AcDbEntity
  8
Multi-Layer
100
AcDbCircle
 10
81.76200152400315
 20
14.35102870205742
 30
0.0
 40
0.7500127000254001
  0
CIRCLE
  5
7bb
330
1F
100
AcDbEntity
  8
Multi-Layer
100
AcDbCircle
 10
81.76225552451115
 20
14.35102870205742
 30
0.0
 40
1.2000000000000002
0
HATCH
5
7bc
100
AcDbEntity
8
Multi-Layer
100
AcDbHatch
10
0
20
0
30
0
210
0
220
0
230
1
2
SOLID
70
1
71
0
91
1
92
7
72
1
73
1
93
2
10
80.56225552451114
20
14.35102870205742
42
1
10
82.96225552451115
20
14.35102870205742
42
1
97
1
330

75
0
76
1
47
0.8681437583925616
98
1
10
3.629517071192367
20
33.92795499968543
450
0
451
0
460
0
461
0
452
1
462
1
453
2
463
0
63
5
421
255
463
1
63
7
421
16777215
470
LINEAR
1001
ACAD
1010
0
1020
0
1030
0
  0
CIRCLE
  5
7bd
330
1F
100
AcDbEntity
  8
TopSolderMaskLayer
100
AcDbCircle
 10
76.76200152400315
 20
14.35102870205742
 30
0.0
 40
0.7658880005932055
  0
CIRCLE
  5
7be
330
1F
100
AcDbEntity
  8
TopSolderMaskLayer
100
AcDbCircle
 10
76.76225552451092
 20
14.35102870205742
 30
0.0
 40
1.2254000508001017
0
HATCH
5
7bf
100
AcDbEntity
8
TopSolderMaskLayer
100
AcDbHatch
10
0
20
0
30
0
210
0
220
0
230
1
2
SOLID
70
1
71
0
91
1
92
7
72
1
73
1
93
2
10
75.53685547371082
20
14.35102870205742
42
1
10
77.98765557531102
20
14.35102870205742
42
1
97
1
330

75
0
76
1
47
0.8681437583925616
98
1
10
3.629517071192367
20
33.92795499968543
450
0
451
0
460
0
461
0
452
1
462
1
453
2
463
0
63
5
421
255
463
1
63
7
421
16777215
470
LINEAR
1001
ACAD
1010
0
1020
0
1030
0
  0
CIRCLE
  5
7c0
330
1F
100
AcDbEntity
  8
BottomSolderMaskLayer
100
AcDbCircle
 10
76.76200152400315
 20
14.35102870205742
 30
0.0
 40
0.7658880005932055
  0
CIRCLE
  5
7c1
330
1F
100
AcDbEntity
  8
BottomSolderMaskLayer
100
AcDbCircle
 10
76.76225552451092
 20
14.35102870205742
 30
0.0
 40
1.2254000508001017
0
HATCH
5
7c2
100
AcDbEntity
8
BottomSolderMaskLayer
100
AcDbHatch
10
0
20
0
30
0
210
0
220
0
230
1
2
SOLID
70
1
71
0
91
1
92
7
72
1
73
1
93
2
10
75.53685547371082
20
14.35102870205742
42
1
10
77.98765557531102
20
14.35102870205742
42
1
97
1
330

75
0
76
1
47
0.8681437583925616
98
1
10
3.629517071192367
20
33.92795499968543
450
0
451
0
460
0
461
0
452
1
462
1
453
2
463
0
63
5
421
255
463
1
63
7
421
16777215
470
LINEAR
1001
ACAD
1010
0
1020
0
1030
0
  0
CIRCLE
  5
7c3
330
1F
100
AcDbEntity
  8
Multi-Layer
100
AcDbCircle
 10
76.76200152400315
 20
14.35102870205742
 30
0.0
 40
0.7500127000254001
  0
CIRCLE
  5
7c4
330
1F
100
AcDbEntity
  8
Multi-Layer
100
AcDbCircle
 10
76.76225552451092
 20
14.35102870205742
 30
0.0
 40
1.2000000000000002
0
HATCH
5
7c5
100
AcDbEntity
8
Multi-Layer
100
AcDbHatch
10
0
20
0
30
0
210
0
220
0
230
1
2
SOLID
70
1
71
0
91
1
92
7
72
1
73
1
93
2
10
75.56225552451092
20
14.35102870205742
42
1
10
77.96225552451092
20
14.35102870205742
42
1
97
1
330

75
0
76
1
47
0.8681437583925616
98
1
10
3.629517071192367
20
33.92795499968543
450
0
451
0
460
0
461
0
452
1
462
1
453
2
463
0
63
5
421
255
463
1
63
7
421
16777215
470
LINEAR
1001
ACAD
1010
0
1020
0
1030
0
  0
CIRCLE
  5
7c6
330
1F
100
AcDbEntity
  8
TopSolderMaskLayer
100
AcDbCircle
 10
71.76200152400315
 20
14.35102870205742
 30
0.0
 40
0.7658880005932055
  0
CIRCLE
  5
7c7
330
1F
100
AcDbEntity
  8
TopSolderMaskLayer
100
AcDbCircle
 10
71.76225552451115
 20
14.35102870205742
 30
0.0
 40
1.2254000508001017
0
HATCH
5
7c8
100
AcDbEntity
8
TopSolderMaskLayer
100
AcDbHatch
10
0
20
0
30
0
210
0
220
0
230
1
2
SOLID
70
1
71
0
91
1
92
7
72
1
73
1
93
2
10
70.53685547371104
20
14.35102870205742
42
1
10
72.98765557531125
20
14.35102870205742
42
1
97
1
330

75
0
76
1
47
0.8681437583925616
98
1
10
3.629517071192367
20
33.92795499968543
450
0
451
0
460
0
461
0
452
1
462
1
453
2
463
0
63
5
421
255
463
1
63
7
421
16777215
470
LINEAR
1001
ACAD
1010
0
1020
0
1030
0
  0
CIRCLE
  5
7c9
330
1F
100
AcDbEntity
  8
BottomSolderMaskLayer
100
AcDbCircle
 10
71.76200152400315
 20
14.35102870205742
 30
0.0
 40
0.7658880005932055
  0
CIRCLE
  5
7ca
330
1F
100
AcDbEntity
  8
BottomSolderMaskLayer
100
AcDbCircle
 10
71.76225552451115
 20
14.35102870205742
 30
0.0
 40
1.2254000508001017
0
HATCH
5
7cb
100
AcDbEntity
8
BottomSolderMaskLayer
100
AcDbHatch
10
0
20
0
30
0
210
0
220
0
230
1
2
SOLID
70
1
71
0
91
1
92
7
72
1
73
1
93
2
10
70.53685547371104
20
14.35102870205742
42
1
10
72.98765557531125
20
14.35102870205742
42
1
97
1
330

75
0
76
1
47
0.8681437583925616
98
1
10
3.629517071192367
20
33.92795499968543
450
0
451
0
460
0
461
0
452
1
462
1
453
2
463
0
63
5
421
255
463
1
63
7
421
16777215
470
LINEAR
1001
ACAD
1010
0
1020
0
1030
0
  0
CIRCLE
  5
7cc
330
1F
100
AcDbEntity
  8
Multi-Layer
100
AcDbCircle
 10
71.76200152400315
 20
14.35102870205742
 30
0.0
 40
0.7500127000254001
  0
CIRCLE
  5
7cd
330
1F
100
AcDbEntity
  8
Multi-Layer
100
AcDbCircle
 10
71.76225552451115
 20
14.35102870205742
 30
0.0
 40
1.2000000000000002
0
HATCH
5
7ce
100
AcDbEntity
8
Multi-Layer
100
AcDbHatch
10
0
20
0
30
0
210
0
220
0
230
1
2
SOLID
70
1
71
0
91
1
92
7
72
1
73
1
93
2
10
70.56225552451114
20
14.35102870205742
42
1
10
72.96225552451115
20
14.35102870205742
42
1
97
1
330

75
0
76
1
47
0.8681437583925616
98
1
10
3.629517071192367
20
33.92795499968543
450
0
451
0
460
0
461
0
452
1
462
1
453
2
463
0
63
5
421
255
463
1
63
7
421
16777215
470
LINEAR
1001
ACAD
1010
0
1020
0
1030
0
  0
CIRCLE
  5
7cf
330
1F
100
AcDbEntity
  8
TopSolderMaskLayer
100
AcDbCircle
 10
66.76200152400293
 20
14.351003302006575
 30
0.0
 40
0.7658880005932055
  0
CIRCLE
  5
7d0
330
1F
100
AcDbEntity
  8
TopSolderMaskLayer
100
AcDbCircle
 10
66.76225552451115
 20
14.350774701549426
 30
0.0
 40
1.2254000508001017
0
HATCH
5
7d1
100
AcDbEntity
8
TopSolderMaskLayer
100
AcDbHatch
10
0
20
0
30
0
210
0
220
0
230
1
2
SOLID
70
1
71
0
91
1
92
7
72
1
73
1
93
2
10
65.53685547371104
20
14.350774701549426
42
1
10
67.98765557531125
20
14.350774701549426
42
1
97
1
330

75
0
76
1
47
0.8681437583925616
98
1
10
3.629517071192367
20
33.92795499968543
450
0
451
0
460
0
461
0
452
1
462
1
453
2
463
0
63
5
421
255
463
1
63
7
421
16777215
470
LINEAR
1001
ACAD
1010
0
1020
0
1030
0
  0
CIRCLE
  5
7d2
330
1F
100
AcDbEntity
  8
BottomSolderMaskLayer
100
AcDbCircle
 10
66.76200152400293
 20
14.351003302006575
 30
0.0
 40
0.7658880005932055
  0
CIRCLE
  5
7d3
330
1F
100
AcDbEntity
  8
BottomSolderMaskLayer
100
AcDbCircle
 10
66.76225552451115
 20
14.350774701549426
 30
0.0
 40
1.2254000508001017
0
HATCH
5
7d4
100
AcDbEntity
8
BottomSolderMaskLayer
100
AcDbHatch
10
0
20
0
30
0
210
0
220
0
230
1
2
SOLID
70
1
71
0
91
1
92
7
72
1
73
1
93
2
10
65.53685547371104
20
14.350774701549426
42
1
10
67.98765557531125
20
14.350774701549426
42
1
97
1
330

75
0
76
1
47
0.8681437583925616
98
1
10
3.629517071192367
20
33.92795499968543
450
0
451
0
460
0
461
0
452
1
462
1
453
2
463
0
63
5
421
255
463
1
63
7
421
16777215
470
LINEAR
1001
ACAD
1010
0
1020
0
1030
0
  0
CIRCLE
  5
7d5
330
1F
100
AcDbEntity
  8
Multi-Layer
100
AcDbCircle
 10
66.76200152400293
 20
14.351003302006575
 30
0.0
 40
0.7500127000254001
  0
CIRCLE
  5
7d6
330
1F
100
AcDbEntity
  8
Multi-Layer
100
AcDbCircle
 10
66.76225552451115
 20
14.350774701549426
 30
0.0
 40
1.2000000000000002
0
HATCH
5
7d7
100
AcDbEntity
8
Multi-Layer
100
AcDbHatch
10
0
20
0
30
0
210
0
220
0
230
1
2
SOLID
70
1
71
0
91
1
92
7
72
1
73
1
93
2
10
65.56225552451114
20
14.350774701549426
42
1
10
67.96225552451115
20
14.350774701549426
42
1
97
1
330

75
0
76
1
47
0.8681437583925616
98
1
10
3.629517071192367
20
33.92795499968543
450
0
451
0
460
0
461
0
452
1
462
1
453
2
463
0
63
5
421
255
463
1
63
7
421
16777215
470
LINEAR
1001
ACAD
1010
0
1020
0
1030
0
  0
CIRCLE
  5
7d8
330
1F
100
AcDbEntity
  8
TopSolderMaskLayer
100
AcDbCircle
 10
61.76200152400315
 20
14.35102870205742
 30
0.0
 40
0.7658880005932055
  0
CIRCLE
  5
7d9
330
1F
100
AcDbEntity
  8
TopSolderMaskLayer
100
AcDbCircle
 10
61.76225552451115
 20
14.35102870205742
 30
0.0
 40
1.2254000508001017
0
HATCH
5
7da
100
AcDbEntity
8
TopSolderMaskLayer
100
AcDbHatch
10
0
20
0
30
0
210
0
220
0
230
1
2
SOLID
70
1
71
0
91
1
92
7
72
1
73
1
93
2
10
60.53685547371104
20
14.35102870205742
42
1
10
62.98765557531125
20
14.35102870205742
42
1
97
1
330

75
0
76
1
47
0.8681437583925616
98
1
10
3.629517071192367
20
33.92795499968543
450
0
451
0
460
0
461
0
452
1
462
1
453
2
463
0
63
5
421
255
463
1
63
7
421
16777215
470
LINEAR
1001
ACAD
1010
0
1020
0
1030
0
  0
CIRCLE
  5
7db
330
1F
100
AcDbEntity
  8
BottomSolderMaskLayer
100
AcDbCircle
 10
61.76200152400315
 20
14.35102870205742
 30
0.0
 40
0.7658880005932055
  0
CIRCLE
  5
7dc
330
1F
100
AcDbEntity
  8
BottomSolderMaskLayer
100
AcDbCircle
 10
61.76225552451115
 20
14.35102870205742
 30
0.0
 40
1.2254000508001017
0
HATCH
5
7dd
100
AcDbEntity
8
BottomSolderMaskLayer
100
AcDbHatch
10
0
20
0
30
0
210
0
220
0
230
1
2
SOLID
70
1
71
0
91
1
92
7
72
1
73
1
93
2
10
60.53685547371104
20
14.35102870205742
42
1
10
62.98765557531125
20
14.35102870205742
42
1
97
1
330

75
0
76
1
47
0.8681437583925616
98
1
10
3.629517071192367
20
33.92795499968543
450
0
451
0
460
0
461
0
452
1
462
1
453
2
463
0
63
5
421
255
463
1
63
7
421
16777215
470
LINEAR
1001
ACAD
1010
0
1020
0
1030
0
  0
CIRCLE
  5
7de
330
1F
100
AcDbEntity
  8
Multi-Layer
100
AcDbCircle
 10
61.76200152400315
 20
14.35102870205742
 30
0.0
 40
0.7500127000254001
  0
CIRCLE
  5
7df
330
1F
100
AcDbEntity
  8
Multi-Layer
100
AcDbCircle
 10
61.76225552451115
 20
14.35102870205742
 30
0.0
 40
1.2000000000000002
0
HATCH
5
7e0
100
AcDbEntity
8
Multi-Layer
100
AcDbHatch
10
0
20
0
30
0
210
0
220
0
230
1
2
SOLID
70
1
71
0
91
1
92
7
72
1
73
1
93
2
10
60.562255524511144
20
14.35102870205742
42
1
10
62.96225552451115
20
14.35102870205742
42
1
97
1
330

75
0
76
1
47
0.8681437583925616
98
1
10
3.629517071192367
20
33.92795499968543
450
0
451
0
460
0
461
0
452
1
462
1
453
2
463
0
63
5
421
255
463
1
63
7
421
16777215
470
LINEAR
1001
ACAD
1010
0
1020
0
1030
0
  0
CIRCLE
  5
7e1
330
1F
100
AcDbEntity
  8
TopSolderMaskLayer
100
AcDbCircle
 10
56.762001524002926
 20
14.35102870205742
 30
0.0
 40
0.7658880005932055
  0
CIRCLE
  5
7e2
330
1F
100
AcDbEntity
  8
TopSolderMaskLayer
100
AcDbCircle
 10
56.76225552451115
 20
14.35102870205742
 30
0.0
 40
1.2254000508001017
0
HATCH
5
7e3
100
AcDbEntity
8
TopSolderMaskLayer
100
AcDbHatch
10
0
20
0
30
0
210
0
220
0
230
1
2
SOLID
70
1
71
0
91
1
92
7
72
1
73
1
93
2
10
55.53685547371104
20
14.35102870205742
42
1
10
57.98765557531125
20
14.35102870205742
42
1
97
1
330

75
0
76
1
47
0.8681437583925616
98
1
10
3.629517071192367
20
33.92795499968543
450
0
451
0
460
0
461
0
452
1
462
1
453
2
463
0
63
5
421
255
463
1
63
7
421
16777215
470
LINEAR
1001
ACAD
1010
0
1020
0
1030
0
  0
CIRCLE
  5
7e4
330
1F
100
AcDbEntity
  8
BottomSolderMaskLayer
100
AcDbCircle
 10
56.762001524002926
 20
14.35102870205742
 30
0.0
 40
0.7658880005932055
  0
CIRCLE
  5
7e5
330
1F
100
AcDbEntity
  8
BottomSolderMaskLayer
100
AcDbCircle
 10
56.76225552451115
 20
14.35102870205742
 30
0.0
 40
1.2254000508001017
0
HATCH
5
7e6
100
AcDbEntity
8
BottomSolderMaskLayer
100
AcDbHatch
10
0
20
0
30
0
210
0
220
0
230
1
2
SOLID
70
1
71
0
91
1
92
7
72
1
73
1
93
2
10
55.53685547371104
20
14.35102870205742
42
1
10
57.98765557531125
20
14.35102870205742
42
1
97
1
330

75
0
76
1
47
0.8681437583925616
98
1
10
3.629517071192367
20
33.92795499968543
450
0
451
0
460
0
461
0
452
1
462
1
453
2
463
0
63
5
421
255
463
1
63
7
421
16777215
470
LINEAR
1001
ACAD
1010
0
1020
0
1030
0
  0
CIRCLE
  5
7e7
330
1F
100
AcDbEntity
  8
Multi-Layer
100
AcDbCircle
 10
56.762001524002926
 20
14.35102870205742
 30
0.0
 40
0.7500127000254001
  0
CIRCLE
  5
7e8
330
1F
100
AcDbEntity
  8
Multi-Layer
100
AcDbCircle
 10
56.76225552451115
 20
14.35102870205742
 30
0.0
 40
1.2000000000000002
0
HATCH
5
7e9
100
AcDbEntity
8
Multi-Layer
100
AcDbHatch
10
0
20
0
30
0
210
0
220
0
230
1
2
SOLID
70
1
71
0
91
1
92
7
72
1
73
1
93
2
10
55.562255524511144
20
14.35102870205742
42
1
10
57.96225552451115
20
14.35102870205742
42
1
97
1
330

75
0
76
1
47
0.8681437583925616
98
1
10
3.629517071192367
20
33.92795499968543
450
0
451
0
460
0
461
0
452
1
462
1
453
2
463
0
63
5
421
255
463
1
63
7
421
16777215
470
LINEAR
1001
ACAD
1010
0
1020
0
1030
0
  0
CIRCLE
  5
7ea
330
1F
100
AcDbEntity
  8
TopSolderMaskLayer
100
AcDbCircle
 10
51.76200152400315
 20
14.35102870205742
 30
0.0
 40
0.7658880005932055
  0
CIRCLE
  5
7eb
330
1F
100
AcDbEntity
  8
TopSolderMaskLayer
100
AcDbCircle
 10
51.76225552451092
 20
14.35102870205742
 30
0.0
 40
1.2254000508001017
0
HATCH
5
7ec
100
AcDbEntity
8
TopSolderMaskLayer
100
AcDbHatch
10
0
20
0
30
0
210
0
220
0
230
1
2
SOLID
70
1
71
0
91
1
92
7
72
1
73
1
93
2
10
50.536855473710816
20
14.35102870205742
42
1
10
52.987655575311024
20
14.35102870205742
42
1
97
1
330

75
0
76
1
47
0.8681437583925616
98
1
10
3.629517071192367
20
33.92795499968543
450
0
451
0
460
0
461
0
452
1
462
1
453
2
463
0
63
5
421
255
463
1
63
7
421
16777215
470
LINEAR
1001
ACAD
1010
0
1020
0
1030
0
  0
CIRCLE
  5
7ed
330
1F
100
AcDbEntity
  8
BottomSolderMaskLayer
100
AcDbCircle
 10
51.76200152400315
 20
14.35102870205742
 30
0.0
 40
0.7658880005932055
  0
CIRCLE
  5
7ee
330
1F
100
AcDbEntity
  8
BottomSolderMaskLayer
100
AcDbCircle
 10
51.76225552451092
 20
14.35102870205742
 30
0.0
 40
1.2254000508001017
0
HATCH
5
7ef
100
AcDbEntity
8
BottomSolderMaskLayer
100
AcDbHatch
10
0
20
0
30
0
210
0
220
0
230
1
2
SOLID
70
1
71
0
91
1
92
7
72
1
73
1
93
2
10
50.536855473710816
20
14.35102870205742
42
1
10
52.987655575311024
20
14.35102870205742
42
1
97
1
330

75
0
76
1
47
0.8681437583925616
98
1
10
3.629517071192367
20
33.92795499968543
450
0
451
0
460
0
461
0
452
1
462
1
453
2
463
0
63
5
421
255
463
1
63
7
421
16777215
470
LINEAR
1001
ACAD
1010
0
1020
0
1030
0
  0
CIRCLE
  5
7f0
330
1F
100
AcDbEntity
  8
Multi-Layer
100
AcDbCircle
 10
51.76200152400315
 20
14.35102870205742
 30
0.0
 40
0.7500127000254001
  0
CIRCLE
  5
7f1
330
1F
100
AcDbEntity
  8
Multi-Layer
100
AcDbCircle
 10
51.76225552451092
 20
14.35102870205742
 30
0.0
 40
1.2000000000000002
0
HATCH
5
7f2
100
AcDbEntity
8
Multi-Layer
100
AcDbHatch
10
0
20
0
30
0
210
0
220
0
230
1
2
SOLID
70
1
71
0
91
1
92
7
72
1
73
1
93
2
10
50.56225552451092
20
14.35102870205742
42
1
10
52.96225552451092
20
14.35102870205742
42
1
97
1
330

75
0
76
1
47
0.8681437583925616
98
1
10
3.629517071192367
20
33.92795499968543
450
0
451
0
460
0
461
0
452
1
462
1
453
2
463
0
63
5
421
255
463
1
63
7
421
16777215
470
LINEAR
1001
ACAD
1010
0
1020
0
1030
0
  0
CIRCLE
  5
7f3
330
1F
100
AcDbEntity
  8
TopSolderMaskLayer
100
AcDbCircle
 10
46.762001524002926
 20
14.35102870205742
 30
0.0
 40
0.7658880005932055
  0
CIRCLE
  5
7f4
330
1F
100
AcDbEntity
  8
TopSolderMaskLayer
100
AcDbCircle
 10
46.76225552451115
 20
14.35102870205742
 30
0.0
 40
1.2254000508001017
0
HATCH
5
7f5
100
AcDbEntity
8
TopSolderMaskLayer
100
AcDbHatch
10
0
20
0
30
0
210
0
220
0
230
1
2
SOLID
70
1
71
0
91
1
92
7
72
1
73
1
93
2
10
45.53685547371104
20
14.35102870205742
42
1
10
47.98765557531125
20
14.35102870205742
42
1
97
1
330

75
0
76
1
47
0.8681437583925616
98
1
10
3.629517071192367
20
33.92795499968543
450
0
451
0
460
0
461
0
452
1
462
1
453
2
463
0
63
5
421
255
463
1
63
7
421
16777215
470
LINEAR
1001
ACAD
1010
0
1020
0
1030
0
  0
CIRCLE
  5
7f6
330
1F
100
AcDbEntity
  8
BottomSolderMaskLayer
100
AcDbCircle
 10
46.762001524002926
 20
14.35102870205742
 30
0.0
 40
0.7658880005932055
  0
CIRCLE
  5
7f7
330
1F
100
AcDbEntity
  8
BottomSolderMaskLayer
100
AcDbCircle
 10
46.76225552451115
 20
14.35102870205742
 30
0.0
 40
1.2254000508001017
0
HATCH
5
7f8
100
AcDbEntity
8
BottomSolderMaskLayer
100
AcDbHatch
10
0
20
0
30
0
210
0
220
0
230
1
2
SOLID
70
1
71
0
91
1
92
7
72
1
73
1
93
2
10
45.53685547371104
20
14.35102870205742
42
1
10
47.98765557531125
20
14.35102870205742
42
1
97
1
330

75
0
76
1
47
0.8681437583925616
98
1
10
3.629517071192367
20
33.92795499968543
450
0
451
0
460
0
461
0
452
1
462
1
453
2
463
0
63
5
421
255
463
1
63
7
421
16777215
470
LINEAR
1001
ACAD
1010
0
1020
0
1030
0
  0
CIRCLE
  5
7f9
330
1F
100
AcDbEntity
  8
Multi-Layer
100
AcDbCircle
 10
46.762001524002926
 20
14.35102870205742
 30
0.0
 40
0.7500127000254001
  0
CIRCLE
  5
7fa
330
1F
100
AcDbEntity
  8
Multi-Layer
100
AcDbCircle
 10
46.76225552451115
 20
14.35102870205742
 30
0.0
 40
1.2000000000000002
0
HATCH
5
7fb
100
AcDbEntity
8
Multi-Layer
100
AcDbHatch
10
0
20
0
30
0
210
0
220
0
230
1
2
SOLID
70
1
71
0
91
1
92
7
72
1
73
1
93
2
10
45.562255524511144
20
14.35102870205742
42
1
10
47.96225552451115
20
14.35102870205742
42
1
97
1
330

75
0
76
1
47
0.8681437583925616
98
1
10
3.629517071192367
20
33.92795499968543
450
0
451
0
460
0
461
0
452
1
462
1
453
2
463
0
63
5
421
255
463
1
63
7
421
16777215
470
LINEAR
1001
ACAD
1010
0
1020
0
1030
0
 0
ARC
  5
813
330
1F
100
AcDbEntity
  8
TopSolderMaskLayer
100
AcDbCircle
 10
35.179070358140734
 20
33.52536576040893
 30
0.0
 40
0.4254000508001016
100
AcDbArc
 50
180
 51
360
 0
ARC
  5
814
330
1F
100
AcDbEntity
  8
TopSolderMaskLayer
100
AcDbCircle
 10
35.179070358140734
 20
33.530768351859365
 30
0.0
 40
0.4254000508001016
100
AcDbArc
 50
360
 51
180
 0
LWPOLYLINE
  5
815
330
1F
100
AcDbEntity
  8
TopSolderMaskLayer
100
AcDbPolyline
 90
1
 70
 1
 43
0
 10
34.753670307340634
 20
33.530768351859365
 10
34.753670307340634
 20
33.52536576040893
 0
LWPOLYLINE
  5
816
330
1F
100
AcDbEntity
  8
TopSolderMaskLayer
100
AcDbPolyline
 90
1
 70
 1
 43
0
 10
35.604470408940834
 20
33.530768351859365
 10
35.604470408940834
 20
33.52536576040893
  0
CIRCLE
  5
812
330
1F
100
AcDbEntity
  8
TopSolderMaskLayer
100
AcDbCircle
 10
35.179070358140734
 20
33.52806705613409
 30
0.0
 40
0.8508001016002033
0
HATCH
5
817
100
AcDbEntity
8
TopSolderMaskLayer
100
AcDbHatch
10
0
20
0
30
0
210
0
220
0
230
1
2
SOLID
70
1
71
0
91
1
92
7
72
1
73
1
93
2
10
34.328270256540534
20
33.52806705613409
42
1
10
36.029870459740934
20
33.52806705613409
42
1
97
1
330

75
0
76
1
47
0.8681437583925616
98
1
10
3.629517071192367
20
33.92795499968543
450
0
451
0
460
0
461
0
452
1
462
1
453
2
463
0
63
5
421
255
463
1
63
7
421
16777215
470
LINEAR
1001
ACAD
1010
0
1020
0
1030
0
 0
ARC
  5
81a
330
1F
100
AcDbEntity
  8
BottomSolderMaskLayer
100
AcDbCircle
 10
35.179070358140734
 20
33.52536576040893
 30
0.0
 40
0.4254000508001016
100
AcDbArc
 50
180
 51
360
 0
ARC
  5
81b
330
1F
100
AcDbEntity
  8
BottomSolderMaskLayer
100
AcDbCircle
 10
35.179070358140734
 20
33.530768351859365
 30
0.0
 40
0.4254000508001016
100
AcDbArc
 50
360
 51
180
 0
LWPOLYLINE
  5
81c
330
1F
100
AcDbEntity
  8
BottomSolderMaskLayer
100
AcDbPolyline
 90
1
 70
 1
 43
0
 10
34.753670307340634
 20
33.530768351859365
 10
34.753670307340634
 20
33.52536576040893
 0
LWPOLYLINE
  5
81d
330
1F
100
AcDbEntity
  8
BottomSolderMaskLayer
100
AcDbPolyline
 90
1
 70
 1
 43
0
 10
35.604470408940834
 20
33.530768351859365
 10
35.604470408940834
 20
33.52536576040893
  0
CIRCLE
  5
819
330
1F
100
AcDbEntity
  8
BottomSolderMaskLayer
100
AcDbCircle
 10
35.179070358140734
 20
33.52806705613409
 30
0.0
 40
0.8508001016002033
0
HATCH
5
81e
100
AcDbEntity
8
BottomSolderMaskLayer
100
AcDbHatch
10
0
20
0
30
0
210
0
220
0
230
1
2
SOLID
70
1
71
0
91
1
92
7
72
1
73
1
93
2
10
34.328270256540534
20
33.52806705613409
42
1
10
36.029870459740934
20
33.52806705613409
42
1
97
1
330

75
0
76
1
47
0.8681437583925616
98
1
10
3.629517071192367
20
33.92795499968543
450
0
451
0
460
0
461
0
452
1
462
1
453
2
463
0
63
5
421
255
463
1
63
7
421
16777215
470
LINEAR
1001
ACAD
1010
0
1020
0
1030
0
 0
ARC
  5
821
330
1F
100
AcDbEntity
  8
Multi-Layer
100
AcDbCircle
 10
35.179070358140734
 20
33.52552705105404
 30
0.0
 40
0.4
100
AcDbArc
 50
180
 51
360
 0
ARC
  5
822
330
1F
100
AcDbEntity
  8
Multi-Layer
100
AcDbCircle
 10
35.179070358140734
 20
33.530607061214255
 30
0.0
 40
0.4
100
AcDbArc
 50
360
 51
180
 0
LWPOLYLINE
  5
823
330
1F
100
AcDbEntity
  8
Multi-Layer
100
AcDbPolyline
 90
1
 70
 1
 43
0
 10
34.779070358140736
 20
33.530607061214255
 10
34.779070358140736
 20
33.52552705105404
 0
LWPOLYLINE
  5
824
330
1F
100
AcDbEntity
  8
Multi-Layer
100
AcDbPolyline
 90
1
 70
 1
 43
0
 10
35.57907035814073
 20
33.530607061214255
 10
35.57907035814073
 20
33.52552705105404
  0
CIRCLE
  5
820
330
1F
100
AcDbEntity
  8
Multi-Layer
100
AcDbCircle
 10
35.179070358140734
 20
33.52806705613409
 30
0.0
 40
0.8
0
HATCH
5
825
100
AcDbEntity
8
Multi-Layer
100
AcDbHatch
10
0
20
0
30
0
210
0
220
0
230
1
2
SOLID
70
1
71
0
91
1
92
7
72
1
73
1
93
2
10
34.37907035814074
20
33.52806705613409
42
1
10
35.97907035814073
20
33.52806705613409
42
1
97
1
330

75
0
76
1
47
0.8681437583925616
98
1
10
3.629517071192367
20
33.92795499968543
450
0
451
0
460
0
461
0
452
1
462
1
453
2
463
0
63
5
421
255
463
1
63
7
421
16777215
470
LINEAR
1001
ACAD
1010
0
1020
0
1030
0
 0
ARC
  5
828
330
1F
100
AcDbEntity
  8
TopSolderMaskLayer
100
AcDbCircle
 10
35.179070358140734
 20
25.90535052037842
 30
0.0
 40
0.4254000508001016
100
AcDbArc
 50
180
 51
360
 0
ARC
  5
829
330
1F
100
AcDbEntity
  8
TopSolderMaskLayer
100
AcDbCircle
 10
35.179070358140734
 20
25.910753111828853
 30
0.0
 40
0.4254000508001016
100
AcDbArc
 50
360
 51
180
 0
LWPOLYLINE
  5
82a
330
1F
100
AcDbEntity
  8
TopSolderMaskLayer
100
AcDbPolyline
 90
1
 70
 1
 43
0
 10
34.753670307340634
 20
25.910753111828853
 10
34.753670307340634
 20
25.90535052037842
 0
LWPOLYLINE
  5
82b
330
1F
100
AcDbEntity
  8
TopSolderMaskLayer
100
AcDbPolyline
 90
1
 70
 1
 43
0
 10
35.604470408940834
 20
25.910753111828853
 10
35.604470408940834
 20
25.90535052037842
  0
CIRCLE
  5
827
330
1F
100
AcDbEntity
  8
TopSolderMaskLayer
100
AcDbCircle
 10
35.179070358140734
 20
25.908051816103693
 30
0.0
 40
0.8508001016002033
0
HATCH
5
82c
100
AcDbEntity
8
TopSolderMaskLayer
100
AcDbHatch
10
0
20
0
30
0
210
0
220
0
230
1
2
SOLID
70
1
71
0
91
1
92
7
72
1
73
1
93
2
10
34.328270256540534
20
25.908051816103693
42
1
10
36.029870459740934
20
25.908051816103693
42
1
97
1
330

75
0
76
1
47
0.8681437583925616
98
1
10
3.629517071192367
20
33.92795499968543
450
0
451
0
460
0
461
0
452
1
462
1
453
2
463
0
63
5
421
255
463
1
63
7
421
16777215
470
LINEAR
1001
ACAD
1010
0
1020
0
1030
0
 0
ARC
  5
82f
330
1F
100
AcDbEntity
  8
BottomSolderMaskLayer
100
AcDbCircle
 10
35.179070358140734
 20
25.90535052037842
 30
0.0
 40
0.4254000508001016
100
AcDbArc
 50
180
 51
360
 0
ARC
  5
830
330
1F
100
AcDbEntity
  8
BottomSolderMaskLayer
100
AcDbCircle
 10
35.179070358140734
 20
25.910753111828853
 30
0.0
 40
0.4254000508001016
100
AcDbArc
 50
360
 51
180
 0
LWPOLYLINE
  5
831
330
1F
100
AcDbEntity
  8
BottomSolderMaskLayer
100
AcDbPolyline
 90
1
 70
 1
 43
0
 10
34.753670307340634
 20
25.910753111828853
 10
34.753670307340634
 20
25.90535052037842
 0
LWPOLYLINE
  5
832
330
1F
100
AcDbEntity
  8
BottomSolderMaskLayer
100
AcDbPolyline
 90
1
 70
 1
 43
0
 10
35.604470408940834
 20
25.910753111828853
 10
35.604470408940834
 20
25.90535052037842
  0
CIRCLE
  5
82e
330
1F
100
AcDbEntity
  8
BottomSolderMaskLayer
100
AcDbCircle
 10
35.179070358140734
 20
25.908051816103693
 30
0.0
 40
0.8508001016002033
0
HATCH
5
833
100
AcDbEntity
8
BottomSolderMaskLayer
100
AcDbHatch
10
0
20
0
30
0
210
0
220
0
230
1
2
SOLID
70
1
71
0
91
1
92
7
72
1
73
1
93
2
10
34.328270256540534
20
25.908051816103693
42
1
10
36.029870459740934
20
25.908051816103693
42
1
97
1
330

75
0
76
1
47
0.8681437583925616
98
1
10
3.629517071192367
20
33.92795499968543
450
0
451
0
460
0
461
0
452
1
462
1
453
2
463
0
63
5
421
255
463
1
63
7
421
16777215
470
LINEAR
1001
ACAD
1010
0
1020
0
1030
0
 0
ARC
  5
836
330
1F
100
AcDbEntity
  8
Multi-Layer
100
AcDbCircle
 10
35.179070358140734
 20
25.905511811023644
 30
0.0
 40
0.4
100
AcDbArc
 50
180
 51
360
 0
ARC
  5
837
330
1F
100
AcDbEntity
  8
Multi-Layer
100
AcDbCircle
 10
35.179070358140734
 20
25.910591821183743
 30
0.0
 40
0.4
100
AcDbArc
 50
360
 51
180
 0
LWPOLYLINE
  5
838
330
1F
100
AcDbEntity
  8
Multi-Layer
100
AcDbPolyline
 90
1
 70
 1
 43
0
 10
34.779070358140736
 20
25.910591821183743
 10
34.779070358140736
 20
25.905511811023644
 0
LWPOLYLINE
  5
839
330
1F
100
AcDbEntity
  8
Multi-Layer
100
AcDbPolyline
 90
1
 70
 1
 43
0
 10
35.57907035814073
 20
25.910591821183743
 10
35.57907035814073
 20
25.905511811023644
  0
CIRCLE
  5
835
330
1F
100
AcDbEntity
  8
Multi-Layer
100
AcDbCircle
 10
35.179070358140734
 20
25.908051816103693
 30
0.0
 40
0.8
0
HATCH
5
83a
100
AcDbEntity
8
Multi-Layer
100
AcDbHatch
10
0
20
0
30
0
210
0
220
0
230
1
2
SOLID
70
1
71
0
91
1
92
7
72
1
73
1
93
2
10
34.37907035814074
20
25.908051816103693
42
1
10
35.97907035814073
20
25.908051816103693
42
1
97
1
330

75
0
76
1
47
0.8681437583925616
98
1
10
3.629517071192367
20
33.92795499968543
450
0
451
0
460
0
461
0
452
1
462
1
453
2
463
0
63
5
421
255
463
1
63
7
421
16777215
470
LINEAR
1001
ACAD
1010
0
1020
0
1030
0
 0
ARC
  5
83d
330
1F
100
AcDbEntity
  8
TopSolderMaskLayer
100
AcDbCircle
 10
32.6390652781306
 20
33.52536576040893
 30
0.0
 40
0.4254000508001016
100
AcDbArc
 50
180
 51
360
 0
ARC
  5
83e
330
1F
100
AcDbEntity
  8
TopSolderMaskLayer
100
AcDbCircle
 10
32.6390652781306
 20
33.530768351859365
 30
0.0
 40
0.4254000508001016
100
AcDbArc
 50
360
 51
180
 0
LWPOLYLINE
  5
83f
330
1F
100
AcDbEntity
  8
TopSolderMaskLayer
100
AcDbPolyline
 90
1
 70
 1
 43
0
 10
32.2136652273305
 20
33.530768351859365
 10
32.2136652273305
 20
33.52536576040893
 0
LWPOLYLINE
  5
840
330
1F
100
AcDbEntity
  8
TopSolderMaskLayer
100
AcDbPolyline
 90
1
 70
 1
 43
0
 10
33.0644653289307
 20
33.530768351859365
 10
33.0644653289307
 20
33.52536576040893
  0
CIRCLE
  5
83c
330
1F
100
AcDbEntity
  8
TopSolderMaskLayer
100
AcDbCircle
 10
32.6390652781306
 20
33.52806705613409
 30
0.0
 40
0.8508001016002033
0
HATCH
5
841
100
AcDbEntity
8
TopSolderMaskLayer
100
AcDbHatch
10
0
20
0
30
0
210
0
220
0
230
1
2
SOLID
70
1
71
0
91
1
92
7
72
1
73
1
93
2
10
31.7882651765304
20
33.52806705613409
42
1
10
33.4898653797308
20
33.52806705613409
42
1
97
1
330

75
0
76
1
47
0.8681437583925616
98
1
10
3.629517071192367
20
33.92795499968543
450
0
451
0
460
0
461
0
452
1
462
1
453
2
463
0
63
5
421
255
463
1
63
7
421
16777215
470
LINEAR
1001
ACAD
1010
0
1020
0
1030
0
 0
ARC
  5
844
330
1F
100
AcDbEntity
  8
BottomSolderMaskLayer
100
AcDbCircle
 10
32.6390652781306
 20
33.52536576040893
 30
0.0
 40
0.4254000508001016
100
AcDbArc
 50
180
 51
360
 0
ARC
  5
845
330
1F
100
AcDbEntity
  8
BottomSolderMaskLayer
100
AcDbCircle
 10
32.6390652781306
 20
33.530768351859365
 30
0.0
 40
0.4254000508001016
100
AcDbArc
 50
360
 51
180
 0
LWPOLYLINE
  5
846
330
1F
100
AcDbEntity
  8
BottomSolderMaskLayer
100
AcDbPolyline
 90
1
 70
 1
 43
0
 10
32.2136652273305
 20
33.530768351859365
 10
32.2136652273305
 20
33.52536576040893
 0
LWPOLYLINE
  5
847
330
1F
100
AcDbEntity
  8
BottomSolderMaskLayer
100
AcDbPolyline
 90
1
 70
 1
 43
0
 10
33.0644653289307
 20
33.530768351859365
 10
33.0644653289307
 20
33.52536576040893
  0
CIRCLE
  5
843
330
1F
100
AcDbEntity
  8
BottomSolderMaskLayer
100
AcDbCircle
 10
32.6390652781306
 20
33.52806705613409
 30
0.0
 40
0.8508001016002033
0
HATCH
5
848
100
AcDbEntity
8
BottomSolderMaskLayer
100
AcDbHatch
10
0
20
0
30
0
210
0
220
0
230
1
2
SOLID
70
1
71
0
91
1
92
7
72
1
73
1
93
2
10
31.7882651765304
20
33.52806705613409
42
1
10
33.4898653797308
20
33.52806705613409
42
1
97
1
330

75
0
76
1
47
0.8681437583925616
98
1
10
3.629517071192367
20
33.92795499968543
450
0
451
0
460
0
461
0
452
1
462
1
453
2
463
0
63
5
421
255
463
1
63
7
421
16777215
470
LINEAR
1001
ACAD
1010
0
1020
0
1030
0
 0
ARC
  5
84b
330
1F
100
AcDbEntity
  8
Multi-Layer
100
AcDbCircle
 10
32.6390652781306
 20
33.52552705105404
 30
0.0
 40
0.4
100
AcDbArc
 50
180
 51
360
 0
ARC
  5
84c
330
1F
100
AcDbEntity
  8
Multi-Layer
100
AcDbCircle
 10
32.6390652781306
 20
33.530607061214255
 30
0.0
 40
0.4
100
AcDbArc
 50
360
 51
180
 0
LWPOLYLINE
  5
84d
330
1F
100
AcDbEntity
  8
Multi-Layer
100
AcDbPolyline
 90
1
 70
 1
 43
0
 10
32.2390652781306
 20
33.530607061214255
 10
32.2390652781306
 20
33.52552705105404
 0
LWPOLYLINE
  5
84e
330
1F
100
AcDbEntity
  8
Multi-Layer
100
AcDbPolyline
 90
1
 70
 1
 43
0
 10
33.0390652781306
 20
33.530607061214255
 10
33.0390652781306
 20
33.52552705105404
  0
CIRCLE
  5
84a
330
1F
100
AcDbEntity
  8
Multi-Layer
100
AcDbCircle
 10
32.6390652781306
 20
33.52806705613409
 30
0.0
 40
0.8
0
HATCH
5
84f
100
AcDbEntity
8
Multi-Layer
100
AcDbHatch
10
0
20
0
30
0
210
0
220
0
230
1
2
SOLID
70
1
71
0
91
1
92
7
72
1
73
1
93
2
10
31.8390652781306
20
33.52806705613409
42
1
10
33.4390652781306
20
33.52806705613409
42
1
97
1
330

75
0
76
1
47
0.8681437583925616
98
1
10
3.629517071192367
20
33.92795499968543
450
0
451
0
460
0
461
0
452
1
462
1
453
2
463
0
63
5
421
255
463
1
63
7
421
16777215
470
LINEAR
1001
ACAD
1010
0
1020
0
1030
0
 0
ARC
  5
867
330
1F
100
AcDbEntity
  8
TopSolderMaskLayer
100
AcDbCircle
 10
26.162052324104707
 20
33.779366268409944
 30
0.0
 40
0.4254000508001016
100
AcDbArc
 50
180
 51
360
 0
ARC
  5
868
330
1F
100
AcDbEntity
  8
TopSolderMaskLayer
100
AcDbCircle
 10
26.162052324104707
 20
33.78476885986038
 30
0.0
 40
0.4254000508001016
100
AcDbArc
 50
360
 51
180
 0
LWPOLYLINE
  5
869
330
1F
100
AcDbEntity
  8
TopSolderMaskLayer
100
AcDbPolyline
 90
1
 70
 1
 43
0
 10
25.736652273304607
 20
33.78476885986038
 10
25.736652273304607
 20
33.779366268409944
 0
LWPOLYLINE
  5
86a
330
1F
100
AcDbEntity
  8
TopSolderMaskLayer
100
AcDbPolyline
 90
1
 70
 1
 43
0
 10
26.587452374904807
 20
33.78476885986038
 10
26.587452374904807
 20
33.779366268409944
  0
CIRCLE
  5
866
330
1F
100
AcDbEntity
  8
TopSolderMaskLayer
100
AcDbCircle
 10
26.162052324104707
 20
33.782067564135104
 30
0.0
 40
0.8508001016002033
0
HATCH
5
86b
100
AcDbEntity
8
TopSolderMaskLayer
100
AcDbHatch
10
0
20
0
30
0
210
0
220
0
230
1
2
SOLID
70
1
71
0
91
1
92
7
72
1
73
1
93
2
10
25.311252222504503
20
33.782067564135104
42
1
10
27.01285242570491
20
33.782067564135104
42
1
97
1
330

75
0
76
1
47
0.8681437583925616
98
1
10
3.629517071192367
20
33.92795499968543
450
0
451
0
460
0
461
0
452
1
462
1
453
2
463
0
63
5
421
255
463
1
63
7
421
16777215
470
LINEAR
1001
ACAD
1010
0
1020
0
1030
0
 0
ARC
  5
86e
330
1F
100
AcDbEntity
  8
BottomSolderMaskLayer
100
AcDbCircle
 10
26.162052324104707
 20
33.779366268409944
 30
0.0
 40
0.4254000508001016
100
AcDbArc
 50
180
 51
360
 0
ARC
  5
86f
330
1F
100
AcDbEntity
  8
BottomSolderMaskLayer
100
AcDbCircle
 10
26.162052324104707
 20
33.78476885986038
 30
0.0
 40
0.4254000508001016
100
AcDbArc
 50
360
 51
180
 0
LWPOLYLINE
  5
870
330
1F
100
AcDbEntity
  8
BottomSolderMaskLayer
100
AcDbPolyline
 90
1
 70
 1
 43
0
 10
25.736652273304607
 20
33.78476885986038
 10
25.736652273304607
 20
33.779366268409944
 0
LWPOLYLINE
  5
871
330
1F
100
AcDbEntity
  8
BottomSolderMaskLayer
100
AcDbPolyline
 90
1
 70
 1
 43
0
 10
26.587452374904807
 20
33.78476885986038
 10
26.587452374904807
 20
33.779366268409944
  0
CIRCLE
  5
86d
330
1F
100
AcDbEntity
  8
BottomSolderMaskLayer
100
AcDbCircle
 10
26.162052324104707
 20
33.782067564135104
 30
0.0
 40
0.8508001016002033
0
HATCH
5
872
100
AcDbEntity
8
BottomSolderMaskLayer
100
AcDbHatch
10
0
20
0
30
0
210
0
220
0
230
1
2
SOLID
70
1
71
0
91
1
92
7
72
1
73
1
93
2
10
25.311252222504503
20
33.782067564135104
42
1
10
27.01285242570491
20
33.782067564135104
42
1
97
1
330

75
0
76
1
47
0.8681437583925616
98
1
10
3.629517071192367
20
33.92795499968543
450
0
451
0
460
0
461
0
452
1
462
1
453
2
463
0
63
5
421
255
463
1
63
7
421
16777215
470
LINEAR
1001
ACAD
1010
0
1020
0
1030
0
 0
ARC
  5
875
330
1F
100
AcDbEntity
  8
Multi-Layer
100
AcDbCircle
 10
26.162052324104707
 20
33.779527559055055
 30
0.0
 40
0.4
100
AcDbArc
 50
180
 51
360
 0
ARC
  5
876
330
1F
100
AcDbEntity
  8
Multi-Layer
100
AcDbCircle
 10
26.162052324104707
 20
33.78460756921527
 30
0.0
 40
0.4
100
AcDbArc
 50
360
 51
180
 0
LWPOLYLINE
  5
877
330
1F
100
AcDbEntity
  8
Multi-Layer
100
AcDbPolyline
 90
1
 70
 1
 43
0
 10
25.762052324104708
 20
33.78460756921527
 10
25.762052324104708
 20
33.779527559055055
 0
LWPOLYLINE
  5
878
330
1F
100
AcDbEntity
  8
Multi-Layer
100
AcDbPolyline
 90
1
 70
 1
 43
0
 10
26.562052324104705
 20
33.78460756921527
 10
26.562052324104705
 20
33.779527559055055
  0
CIRCLE
  5
874
330
1F
100
AcDbEntity
  8
Multi-Layer
100
AcDbCircle
 10
26.162052324104707
 20
33.782067564135104
 30
0.0
 40
0.8
0
HATCH
5
879
100
AcDbEntity
8
Multi-Layer
100
AcDbHatch
10
0
20
0
30
0
210
0
220
0
230
1
2
SOLID
70
1
71
0
91
1
92
7
72
1
73
1
93
2
10
25.362052324104706
20
33.782067564135104
42
1
10
26.962052324104707
20
33.782067564135104
42
1
97
1
330

75
0
76
1
47
0.8681437583925616
98
1
10
3.629517071192367
20
33.92795499968543
450
0
451
0
460
0
461
0
452
1
462
1
453
2
463
0
63
5
421
255
463
1
63
7
421
16777215
470
LINEAR
1001
ACAD
1010
0
1020
0
1030
0
 0
ARC
  5
87c
330
1F
100
AcDbEntity
  8
TopSolderMaskLayer
100
AcDbCircle
 10
26.162052324104707
 20
26.159351028379433
 30
0.0
 40
0.4254000508001016
100
AcDbArc
 50
180
 51
360
 0
ARC
  5
87d
330
1F
100
AcDbEntity
  8
TopSolderMaskLayer
100
AcDbCircle
 10
26.162052324104707
 20
26.164753619829867
 30
0.0
 40
0.4254000508001016
100
AcDbArc
 50
360
 51
180
 0
LWPOLYLINE
  5
87e
330
1F
100
AcDbEntity
  8
TopSolderMaskLayer
100
AcDbPolyline
 90
1
 70
 1
 43
0
 10
25.736652273304607
 20
26.164753619829867
 10
25.736652273304607
 20
26.159351028379433
 0
LWPOLYLINE
  5
87f
330
1F
100
AcDbEntity
  8
TopSolderMaskLayer
100
AcDbPolyline
 90
1
 70
 1
 43
0
 10
26.587452374904807
 20
26.164753619829867
 10
26.587452374904807
 20
26.159351028379433
  0
CIRCLE
  5
87b
330
1F
100
AcDbEntity
  8
TopSolderMaskLayer
100
AcDbCircle
 10
26.162052324104707
 20
26.162052324104707
 30
0.0
 40
0.8508001016002033
0
HATCH
5
880
100
AcDbEntity
8
TopSolderMaskLayer
100
AcDbHatch
10
0
20
0
30
0
210
0
220
0
230
1
2
SOLID
70
1
71
0
91
1
92
7
72
1
73
1
93
2
10
25.311252222504503
20
26.162052324104707
42
1
10
27.01285242570491
20
26.162052324104707
42
1
97
1
330

75
0
76
1
47
0.8681437583925616
98
1
10
3.629517071192367
20
33.92795499968543
450
0
451
0
460
0
461
0
452
1
462
1
453
2
463
0
63
5
421
255
463
1
63
7
421
16777215
470
LINEAR
1001
ACAD
1010
0
1020
0
1030
0
 0
ARC
  5
883
330
1F
100
AcDbEntity
  8
BottomSolderMaskLayer
100
AcDbCircle
 10
26.162052324104707
 20
26.159351028379433
 30
0.0
 40
0.4254000508001016
100
AcDbArc
 50
180
 51
360
 0
ARC
  5
884
330
1F
100
AcDbEntity
  8
BottomSolderMaskLayer
100
AcDbCircle
 10
26.162052324104707
 20
26.164753619829867
 30
0.0
 40
0.4254000508001016
100
AcDbArc
 50
360
 51
180
 0
LWPOLYLINE
  5
885
330
1F
100
AcDbEntity
  8
BottomSolderMaskLayer
100
AcDbPolyline
 90
1
 70
 1
 43
0
 10
25.736652273304607
 20
26.164753619829867
 10
25.736652273304607
 20
26.159351028379433
 0
LWPOLYLINE
  5
886
330
1F
100
AcDbEntity
  8
BottomSolderMaskLayer
100
AcDbPolyline
 90
1
 70
 1
 43
0
 10
26.587452374904807
 20
26.164753619829867
 10
26.587452374904807
 20
26.159351028379433
  0
CIRCLE
  5
882
330
1F
100
AcDbEntity
  8
BottomSolderMaskLayer
100
AcDbCircle
 10
26.162052324104707
 20
26.162052324104707
 30
0.0
 40
0.8508001016002033
0
HATCH
5
887
100
AcDbEntity
8
BottomSolderMaskLayer
100
AcDbHatch
10
0
20
0
30
0
210
0
220
0
230
1
2
SOLID
70
1
71
0
91
1
92
7
72
1
73
1
93
2
10
25.311252222504503
20
26.162052324104707
42
1
10
27.01285242570491
20
26.162052324104707
42
1
97
1
330

75
0
76
1
47
0.8681437583925616
98
1
10
3.629517071192367
20
33.92795499968543
450
0
451
0
460
0
461
0
452
1
462
1
453
2
463
0
63
5
421
255
463
1
63
7
421
16777215
470
LINEAR
1001
ACAD
1010
0
1020
0
1030
0
 0
ARC
  5
88a
330
1F
100
AcDbEntity
  8
Multi-Layer
100
AcDbCircle
 10
26.162052324104707
 20
26.159512319024657
 30
0.0
 40
0.4
100
AcDbArc
 50
180
 51
360
 0
ARC
  5
88b
330
1F
100
AcDbEntity
  8
Multi-Layer
100
AcDbCircle
 10
26.162052324104707
 20
26.164592329184757
 30
0.0
 40
0.4
100
AcDbArc
 50
360
 51
180
 0
LWPOLYLINE
  5
88c
330
1F
100
AcDbEntity
  8
Multi-Layer
100
AcDbPolyline
 90
1
 70
 1
 43
0
 10
25.762052324104708
 20
26.164592329184757
 10
25.762052324104708
 20
26.159512319024657
 0
LWPOLYLINE
  5
88d
330
1F
100
AcDbEntity
  8
Multi-Layer
100
AcDbPolyline
 90
1
 70
 1
 43
0
 10
26.562052324104705
 20
26.164592329184757
 10
26.562052324104705
 20
26.159512319024657
  0
CIRCLE
  5
889
330
1F
100
AcDbEntity
  8
Multi-Layer
100
AcDbCircle
 10
26.162052324104707
 20
26.162052324104707
 30
0.0
 40
0.8
0
HATCH
5
88e
100
AcDbEntity
8
Multi-Layer
100
AcDbHatch
10
0
20
0
30
0
210
0
220
0
230
1
2
SOLID
70
1
71
0
91
1
92
7
72
1
73
1
93
2
10
25.362052324104706
20
26.162052324104707
42
1
10
26.962052324104707
20
26.162052324104707
42
1
97
1
330

75
0
76
1
47
0.8681437583925616
98
1
10
3.629517071192367
20
33.92795499968543
450
0
451
0
460
0
461
0
452
1
462
1
453
2
463
0
63
5
421
255
463
1
63
7
421
16777215
470
LINEAR
1001
ACAD
1010
0
1020
0
1030
0
 0
ARC
  5
891
330
1F
100
AcDbEntity
  8
TopSolderMaskLayer
100
AcDbCircle
 10
23.622047244094574
 20
33.779366268409944
 30
0.0
 40
0.4254000508001016
100
AcDbArc
 50
180
 51
360
 0
ARC
  5
892
330
1F
100
AcDbEntity
  8
TopSolderMaskLayer
100
AcDbCircle
 10
23.622047244094574
 20
33.78476885986038
 30
0.0
 40
0.4254000508001016
100
AcDbArc
 50
360
 51
180
 0
LWPOLYLINE
  5
893
330
1F
100
AcDbEntity
  8
TopSolderMaskLayer
100
AcDbPolyline
 90
1
 70
 1
 43
0
 10
23.196647193294474
 20
33.78476885986038
 10
23.196647193294474
 20
33.779366268409944
 0
LWPOLYLINE
  5
894
330
1F
100
AcDbEntity
  8
TopSolderMaskLayer
100
AcDbPolyline
 90
1
 70
 1
 43
0
 10
24.047447294894674
 20
33.78476885986038
 10
24.047447294894674
 20
33.779366268409944
  0
CIRCLE
  5
890
330
1F
100
AcDbEntity
  8
TopSolderMaskLayer
100
AcDbCircle
 10
23.622047244094574
 20
33.782067564135104
 30
0.0
 40
0.8508001016002033
0
HATCH
5
895
100
AcDbEntity
8
TopSolderMaskLayer
100
AcDbHatch
10
0
20
0
30
0
210
0
220
0
230
1
2
SOLID
70
1
71
0
91
1
92
7
72
1
73
1
93
2
10
22.77124714249437
20
33.782067564135104
42
1
10
24.472847345694777
20
33.782067564135104
42
1
97
1
330

75
0
76
1
47
0.8681437583925616
98
1
10
3.629517071192367
20
33.92795499968543
450
0
451
0
460
0
461
0
452
1
462
1
453
2
463
0
63
5
421
255
463
1
63
7
421
16777215
470
LINEAR
1001
ACAD
1010
0
1020
0
1030
0
 0
ARC
  5
898
330
1F
100
AcDbEntity
  8
BottomSolderMaskLayer
100
AcDbCircle
 10
23.622047244094574
 20
33.779366268409944
 30
0.0
 40
0.4254000508001016
100
AcDbArc
 50
180
 51
360
 0
ARC
  5
899
330
1F
100
AcDbEntity
  8
BottomSolderMaskLayer
100
AcDbCircle
 10
23.622047244094574
 20
33.78476885986038
 30
0.0
 40
0.4254000508001016
100
AcDbArc
 50
360
 51
180
 0
LWPOLYLINE
  5
89a
330
1F
100
AcDbEntity
  8
BottomSolderMaskLayer
100
AcDbPolyline
 90
1
 70
 1
 43
0
 10
23.196647193294474
 20
33.78476885986038
 10
23.196647193294474
 20
33.779366268409944
 0
LWPOLYLINE
  5
89b
330
1F
100
AcDbEntity
  8
BottomSolderMaskLayer
100
AcDbPolyline
 90
1
 70
 1
 43
0
 10
24.047447294894674
 20
33.78476885986038
 10
24.047447294894674
 20
33.779366268409944
  0
CIRCLE
  5
897
330
1F
100
AcDbEntity
  8
BottomSolderMaskLayer
100
AcDbCircle
 10
23.622047244094574
 20
33.782067564135104
 30
0.0
 40
0.8508001016002033
0
HATCH
5
89c
100
AcDbEntity
8
BottomSolderMaskLayer
100
AcDbHatch
10
0
20
0
30
0
210
0
220
0
230
1
2
SOLID
70
1
71
0
91
1
92
7
72
1
73
1
93
2
10
22.77124714249437
20
33.782067564135104
42
1
10
24.472847345694777
20
33.782067564135104
42
1
97
1
330

75
0
76
1
47
0.8681437583925616
98
1
10
3.629517071192367
20
33.92795499968543
450
0
451
0
460
0
461
0
452
1
462
1
453
2
463
0
63
5
421
255
463
1
63
7
421
16777215
470
LINEAR
1001
ACAD
1010
0
1020
0
1030
0
 0
ARC
  5
89f
330
1F
100
AcDbEntity
  8
Multi-Layer
100
AcDbCircle
 10
23.622047244094574
 20
33.779527559055055
 30
0.0
 40
0.4
100
AcDbArc
 50
180
 51
360
 0
ARC
  5
8a0
330
1F
100
AcDbEntity
  8
Multi-Layer
100
AcDbCircle
 10
23.622047244094574
 20
33.78460756921527
 30
0.0
 40
0.4
100
AcDbArc
 50
360
 51
180
 0
LWPOLYLINE
  5
8a1
330
1F
100
AcDbEntity
  8
Multi-Layer
100
AcDbPolyline
 90
1
 70
 1
 43
0
 10
23.222047244094576
 20
33.78460756921527
 10
23.222047244094576
 20
33.779527559055055
 0
LWPOLYLINE
  5
8a2
330
1F
100
AcDbEntity
  8
Multi-Layer
100
AcDbPolyline
 90
1
 70
 1
 43
0
 10
24.022047244094573
 20
33.78460756921527
 10
24.022047244094573
 20
33.779527559055055
  0
CIRCLE
  5
89e
330
1F
100
AcDbEntity
  8
Multi-Layer
100
AcDbCircle
 10
23.622047244094574
 20
33.782067564135104
 30
0.0
 40
0.8
0
HATCH
5
8a3
100
AcDbEntity
8
Multi-Layer
100
AcDbHatch
10
0
20
0
30
0
210
0
220
0
230
1
2
SOLID
70
1
71
0
91
1
92
7
72
1
73
1
93
2
10
22.822047244094573
20
33.782067564135104
42
1
10
24.422047244094575
20
33.782067564135104
42
1
97
1
330

75
0
76
1
47
0.8681437583925616
98
1
10
3.629517071192367
20
33.92795499968543
450
0
451
0
460
0
461
0
452
1
462
1
453
2
463
0
63
5
421
255
463
1
63
7
421
16777215
470
LINEAR
1001
ACAD
1010
0
1020
0
1030
0
  0
CIRCLE
  5
8a4
330
1F
100
AcDbEntity
  8
TopSolderMaskLayer
100
AcDbCircle
 10
18.929895859791714
 20
14.35102870205742
 30
0.0
 40
0.7658880005932055
  0
CIRCLE
  5
8a5
330
1F
100
AcDbEntity
  8
TopSolderMaskLayer
100
AcDbCircle
 10
18.930149860299707
 20
14.35102870205742
 30
0.0
 40
1.2254000508001017
0
HATCH
5
8a6
100
AcDbEntity
8
TopSolderMaskLayer
100
AcDbHatch
10
0
20
0
30
0
210
0
220
0
230
1
2
SOLID
70
1
71
0
91
1
92
7
72
1
73
1
93
2
10
17.704749809499607
20
14.35102870205742
42
1
10
20.155549911099808
20
14.35102870205742
42
1
97
1
330

75
0
76
1
47
0.8681437583925616
98
1
10
3.629517071192367
20
33.92795499968543
450
0
451
0
460
0
461
0
452
1
462
1
453
2
463
0
63
5
421
255
463
1
63
7
421
16777215
470
LINEAR
1001
ACAD
1010
0
1020
0
1030
0
  0
CIRCLE
  5
8a7
330
1F
100
AcDbEntity
  8
BottomSolderMaskLayer
100
AcDbCircle
 10
18.929895859791714
 20
14.35102870205742
 30
0.0
 40
0.7658880005932055
  0
CIRCLE
  5
8a8
330
1F
100
AcDbEntity
  8
BottomSolderMaskLayer
100
AcDbCircle
 10
18.930149860299707
 20
14.35102870205742
 30
0.0
 40
1.2254000508001017
0
HATCH
5
8a9
100
AcDbEntity
8
BottomSolderMaskLayer
100
AcDbHatch
10
0
20
0
30
0
210
0
220
0
230
1
2
SOLID
70
1
71
0
91
1
92
7
72
1
73
1
93
2
10
17.704749809499607
20
14.35102870205742
42
1
10
20.155549911099808
20
14.35102870205742
42
1
97
1
330

75
0
76
1
47
0.8681437583925616
98
1
10
3.629517071192367
20
33.92795499968543
450
0
451
0
460
0
461
0
452
1
462
1
453
2
463
0
63
5
421
255
463
1
63
7
421
16777215
470
LINEAR
1001
ACAD
1010
0
1020
0
1030
0
  0
CIRCLE
  5
8aa
330
1F
100
AcDbEntity
  8
Multi-Layer
100
AcDbCircle
 10
18.929895859791714
 20
14.35102870205742
 30
0.0
 40
0.7500127000254001
  0
CIRCLE
  5
8ab
330
1F
100
AcDbEntity
  8
Multi-Layer
100
AcDbCircle
 10
18.930149860299707
 20
14.35102870205742
 30
0.0
 40
1.2000000000000002
0
HATCH
5
8ac
100
AcDbEntity
8
Multi-Layer
100
AcDbHatch
10
0
20
0
30
0
210
0
220
0
230
1
2
SOLID
70
1
71
0
91
1
92
7
72
1
73
1
93
2
10
17.730149860299708
20
14.35102870205742
42
1
10
20.130149860299706
20
14.35102870205742
42
1
97
1
330

75
0
76
1
47
0.8681437583925616
98
1
10
3.629517071192367
20
33.92795499968543
450
0
451
0
460
0
461
0
452
1
462
1
453
2
463
0
63
5
421
255
463
1
63
7
421
16777215
470
LINEAR
1001
ACAD
1010
0
1020
0
1030
0
  0
CIRCLE
  5
8ad
330
1F
100
AcDbEntity
  8
TopSolderMaskLayer
100
AcDbCircle
 10
13.929895859791714
 20
14.35102870205742
 30
0.0
 40
0.7658880005932055
  0
CIRCLE
  5
8ae
330
1F
100
AcDbEntity
  8
TopSolderMaskLayer
100
AcDbCircle
 10
13.930149860299707
 20
14.35102870205742
 30
0.0
 40
1.2254000508001017
0
HATCH
5
8af
100
AcDbEntity
8
TopSolderMaskLayer
100
AcDbHatch
10
0
20
0
30
0
210
0
220
0
230
1
2
SOLID
70
1
71
0
91
1
92
7
72
1
73
1
93
2
10
12.704749809499605
20
14.35102870205742
42
1
10
15.15554991109981
20
14.35102870205742
42
1
97
1
330

75
0
76
1
47
0.8681437583925616
98
1
10
3.629517071192367
20
33.92795499968543
450
0
451
0
460
0
461
0
452
1
462
1
453
2
463
0
63
5
421
255
463
1
63
7
421
16777215
470
LINEAR
1001
ACAD
1010
0
1020
0
1030
0
  0
CIRCLE
  5
8b0
330
1F
100
AcDbEntity
  8
BottomSolderMaskLayer
100
AcDbCircle
 10
13.929895859791714
 20
14.35102870205742
 30
0.0
 40
0.7658880005932055
  0
CIRCLE
  5
8b1
330
1F
100
AcDbEntity
  8
BottomSolderMaskLayer
100
AcDbCircle
 10
13.930149860299707
 20
14.35102870205742
 30
0.0
 40
1.2254000508001017
0
HATCH
5
8b2
100
AcDbEntity
8
BottomSolderMaskLayer
100
AcDbHatch
10
0
20
0
30
0
210
0
220
0
230
1
2
SOLID
70
1
71
0
91
1
92
7
72
1
73
1
93
2
10
12.704749809499605
20
14.35102870205742
42
1
10
15.15554991109981
20
14.35102870205742
42
1
97
1
330

75
0
76
1
47
0.8681437583925616
98
1
10
3.629517071192367
20
33.92795499968543
450
0
451
0
460
0
461
0
452
1
462
1
453
2
463
0
63
5
421
255
463
1
63
7
421
16777215
470
LINEAR
1001
ACAD
1010
0
1020
0
1030
0
  0
CIRCLE
  5
8b3
330
1F
100
AcDbEntity
  8
Multi-Layer
100
AcDbCircle
 10
13.929895859791714
 20
14.35102870205742
 30
0.0
 40
0.7500127000254001
  0
CIRCLE
  5
8b4
330
1F
100
AcDbEntity
  8
Multi-Layer
100
AcDbCircle
 10
13.930149860299707
 20
14.35102870205742
 30
0.0
 40
1.2000000000000002
0
HATCH
5
8b5
100
AcDbEntity
8
Multi-Layer
100
AcDbHatch
10
0
20
0
30
0
210
0
220
0
230
1
2
SOLID
70
1
71
0
91
1
92
7
72
1
73
1
93
2
10
12.730149860299708
20
14.35102870205742
42
1
10
15.130149860299706
20
14.35102870205742
42
1
97
1
330

75
0
76
1
47
0.8681437583925616
98
1
10
3.629517071192367
20
33.92795499968543
450
0
451
0
460
0
461
0
452
1
462
1
453
2
463
0
63
5
421
255
463
1
63
7
421
16777215
470
LINEAR
1001
ACAD
1010
0
1020
0
1030
0
  0
CIRCLE
  5
8b6
330
1F
100
AcDbEntity
  8
TopSolderMaskLayer
100
AcDbCircle
 10
8.929895859791714
 20
14.35102870205742
 30
0.0
 40
0.7658880005932055
  0
CIRCLE
  5
8b7
330
1F
100
AcDbEntity
  8
TopSolderMaskLayer
100
AcDbCircle
 10
8.930149860299707
 20
14.35102870205742
 30
0.0
 40
1.2254000508001017
0
HATCH
5
8b8
100
AcDbEntity
8
TopSolderMaskLayer
100
AcDbHatch
10
0
20
0
30
0
210
0
220
0
230
1
2
SOLID
70
1
71
0
91
1
92
7
72
1
73
1
93
2
10
7.704749809499606
20
14.35102870205742
42
1
10
10.15554991109981
20
14.35102870205742
42
1
97
1
330

75
0
76
1
47
0.8681437583925616
98
1
10
3.629517071192367
20
33.92795499968543
450
0
451
0
460
0
461
0
452
1
462
1
453
2
463
0
63
5
421
255
463
1
63
7
421
16777215
470
LINEAR
1001
ACAD
1010
0
1020
0
1030
0
  0
CIRCLE
  5
8b9
330
1F
100
AcDbEntity
  8
BottomSolderMaskLayer
100
AcDbCircle
 10
8.929895859791714
 20
14.35102870205742
 30
0.0
 40
0.7658880005932055
  0
CIRCLE
  5
8ba
330
1F
100
AcDbEntity
  8
BottomSolderMaskLayer
100
AcDbCircle
 10
8.930149860299707
 20
14.35102870205742
 30
0.0
 40
1.2254000508001017
0
HATCH
5
8bb
100
AcDbEntity
8
BottomSolderMaskLayer
100
AcDbHatch
10
0
20
0
30
0
210
0
220
0
230
1
2
SOLID
70
1
71
0
91
1
92
7
72
1
73
1
93
2
10
7.704749809499606
20
14.35102870205742
42
1
10
10.15554991109981
20
14.35102870205742
42
1
97
1
330

75
0
76
1
47
0.8681437583925616
98
1
10
3.629517071192367
20
33.92795499968543
450
0
451
0
460
0
461
0
452
1
462
1
453
2
463
0
63
5
421
255
463
1
63
7
421
16777215
470
LINEAR
1001
ACAD
1010
0
1020
0
1030
0
  0
CIRCLE
  5
8bc
330
1F
100
AcDbEntity
  8
Multi-Layer
100
AcDbCircle
 10
8.929895859791714
 20
14.35102870205742
 30
0.0
 40
0.7500127000254001
  0
CIRCLE
  5
8bd
330
1F
100
AcDbEntity
  8
Multi-Layer
100
AcDbCircle
 10
8.930149860299707
 20
14.35102870205742
 30
0.0
 40
1.2000000000000002
0
HATCH
5
8be
100
AcDbEntity
8
Multi-Layer
100
AcDbHatch
10
0
20
0
30
0
210
0
220
0
230
1
2
SOLID
70
1
71
0
91
1
92
7
72
1
73
1
93
2
10
7.730149860299707
20
14.35102870205742
42
1
10
10.130149860299706
20
14.35102870205742
42
1
97
1
330

75
0
76
1
47
0.8681437583925616
98
1
10
3.629517071192367
20
33.92795499968543
450
0
451
0
460
0
461
0
452
1
462
1
453
2
463
0
63
5
421
255
463
1
63
7
421
16777215
470
LINEAR
1001
ACAD
1010
0
1020
0
1030
0
  0
CIRCLE
  5
8bf
330
1F
100
AcDbEntity
  8
TopSolderMaskLayer
100
AcDbCircle
 10
3.9298958597917135
 20
14.35102870205742
 30
0.0
 40
0.7658880005932055
  0
CIRCLE
  5
8c0
330
1F
100
AcDbEntity
  8
TopSolderMaskLayer
100
AcDbCircle
 10
3.930149860299707
 20
14.35102870205742
 30
0.0
 40
1.2254000508001017
0
HATCH
5
8c1
100
AcDbEntity
8
TopSolderMaskLayer
100
AcDbHatch
10
0
20
0
30
0
210
0
220
0
230
1
2
SOLID
70
1
71
0
91
1
92
7
72
1
73
1
93
2
10
2.7047498094996056
20
14.35102870205742
42
1
10
5.155549911099809
20
14.35102870205742
42
1
97
1
330

75
0
76
1
47
0.8681437583925616
98
1
10
3.629517071192367
20
33.92795499968543
450
0
451
0
460
0
461
0
452
1
462
1
453
2
463
0
63
5
421
255
463
1
63
7
421
16777215
470
LINEAR
1001
ACAD
1010
0
1020
0
1030
0
  0
CIRCLE
  5
8c2
330
1F
100
AcDbEntity
  8
BottomSolderMaskLayer
100
AcDbCircle
 10
3.9298958597917135
 20
14.35102870205742
 30
0.0
 40
0.7658880005932055
  0
CIRCLE
  5
8c3
330
1F
100
AcDbEntity
  8
BottomSolderMaskLayer
100
AcDbCircle
 10
3.930149860299707
 20
14.35102870205742
 30
0.0
 40
1.2254000508001017
0
HATCH
5
8c4
100
AcDbEntity
8
BottomSolderMaskLayer
100
AcDbHatch
10
0
20
0
30
0
210
0
220
0
230
1
2
SOLID
70
1
71
0
91
1
92
7
72
1
73
1
93
2
10
2.7047498094996056
20
14.35102870205742
42
1
10
5.155549911099809
20
14.35102870205742
42
1
97
1
330

75
0
76
1
47
0.8681437583925616
98
1
10
3.629517071192367
20
33.92795499968543
450
0
451
0
460
0
461
0
452
1
462
1
453
2
463
0
63
5
421
255
463
1
63
7
421
16777215
470
LINEAR
1001
ACAD
1010
0
1020
0
1030
0
  0
CIRCLE
  5
8c5
330
1F
100
AcDbEntity
  8
Multi-Layer
100
AcDbCircle
 10
3.9298958597917135
 20
14.35102870205742
 30
0.0
 40
0.7500127000254001
  0
CIRCLE
  5
8c6
330
1F
100
AcDbEntity
  8
Multi-Layer
100
AcDbCircle
 10
3.930149860299707
 20
14.35102870205742
 30
0.0
 40
1.2000000000000002
0
HATCH
5
8c7
100
AcDbEntity
8
Multi-Layer
100
AcDbHatch
10
0
20
0
30
0
210
0
220
0
230
1
2
SOLID
70
1
71
0
91
1
92
7
72
1
73
1
93
2
10
2.730149860299707
20
14.35102870205742
42
1
10
5.130149860299707
20
14.35102870205742
42
1
97
1
330

75
0
76
1
47
0.8681437583925616
98
1
10
3.629517071192367
20
33.92795499968543
450
0
451
0
460
0
461
0
452
1
462
1
453
2
463
0
63
5
421
255
463
1
63
7
421
16777215
470
LINEAR
1001
ACAD
1010
0
1020
0
1030
0
  0
CIRCLE
  5
8c8
330
1F
100
AcDbEntity
  8
TopSolderMaskLayer
100
AcDbCircle
 10
14.097028194056293
 20
44.14305308610619
 30
0.0
 40
0.816256032512065
  0
CIRCLE
  5
8c9
330
1F
100
AcDbEntity
  8
TopSolderMaskLayer
100
AcDbCircle
 10
14.097028194056293
 20
44.14300228600462
 30
0.0
 40
1.2754000508001015
0
HATCH
5
8ca
100
AcDbEntity
8
TopSolderMaskLayer
100
AcDbHatch
10
0
20
0
30
0
210
0
220
0
230
1
2
SOLID
70
1
71
0
91
1
92
7
72
1
73
1
93
2
10
12.821628143256191
20
44.14300228600462
42
1
10
15.372428244856394
20
44.14300228600462
42
1
97
1
330

75
0
76
1
47
0.8681437583925616
98
1
10
3.629517071192367
20
33.92795499968543
450
0
451
0
460
0
461
0
452
1
462
1
453
2
463
0
63
5
421
255
463
1
63
7
421
16777215
470
LINEAR
1001
ACAD
1010
0
1020
0
1030
0
  0
CIRCLE
  5
8cb
330
1F
100
AcDbEntity
  8
BottomSolderMaskLayer
100
AcDbCircle
 10
14.097028194056293
 20
44.14305308610619
 30
0.0
 40
0.816256032512065
  0
CIRCLE
  5
8cc
330
1F
100
AcDbEntity
  8
BottomSolderMaskLayer
100
AcDbCircle
 10
14.097028194056293
 20
44.14300228600462
 30
0.0
 40
1.2754000508001015
0
HATCH
5
8cd
100
AcDbEntity
8
BottomSolderMaskLayer
100
AcDbHatch
10
0
20
0
30
0
210
0
220
0
230
1
2
SOLID
70
1
71
0
91
1
92
7
72
1
73
1
93
2
10
12.821628143256191
20
44.14300228600462
42
1
10
15.372428244856394
20
44.14300228600462
42
1
97
1
330

75
0
76
1
47
0.8681437583925616
98
1
10
3.629517071192367
20
33.92795499968543
450
0
451
0
460
0
461
0
452
1
462
1
453
2
463
0
63
5
421
255
463
1
63
7
421
16777215
470
LINEAR
1001
ACAD
1010
0
1020
0
1030
0
  0
CIRCLE
  5
8ce
330
1F
100
AcDbEntity
  8
Multi-Layer
100
AcDbCircle
 10
14.097028194056293
 20
44.14305308610619
 30
0.0
 40
0.8
  0
CIRCLE
  5
8cf
330
1F
100
AcDbEntity
  8
Multi-Layer
100
AcDbCircle
 10
14.097028194056293
 20
44.14300228600462
 30
0.0
 40
1.25
0
HATCH
5
8d0
100
AcDbEntity
8
Multi-Layer
100
AcDbHatch
10
0
20
0
30
0
210
0
220
0
230
1
2
SOLID
70
1
71
0
91
1
92
7
72
1
73
1
93
2
10
12.847028194056293
20
44.14300228600462
42
1
10
15.347028194056293
20
44.14300228600462
42
1
97
1
330

75
0
76
1
47
0.8681437583925616
98
1
10
3.629517071192367
20
33.92795499968543
450
0
451
0
460
0
461
0
452
1
462
1
453
2
463
0
63
5
421
255
463
1
63
7
421
16777215
470
LINEAR
1001
ACAD
1010
0
1020
0
1030
0
  0
CIRCLE
  5
8d1
330
1F
100
AcDbEntity
  8
TopSolderMaskLayer
100
AcDbCircle
 10
14.097028194056293
 20
21.643002286004617
 30
0.0
 40
0.816256032512065
  0
CIRCLE
  5
8d2
330
1F
100
AcDbEntity
  8
TopSolderMaskLayer
100
AcDbCircle
 10
14.097028194056293
 20
21.64287528575062
 30
0.0
 40
1.2754000508001015
0
HATCH
5
8d3
100
AcDbEntity
8
TopSolderMaskLayer
100
AcDbHatch
10
0
20
0
30
0
210
0
220
0
230
1
2
SOLID
70
1
71
0
91
1
92
7
72
1
73
1
93
2
10
12.821628143256191
20
21.64287528575062
42
1
10
15.372428244856394
20
21.64287528575062
42
1
97
1
330

75
0
76
1
47
0.8681437583925616
98
1
10
3.629517071192367
20
33.92795499968543
450
0
451
0
460
0
461
0
452
1
462
1
453
2
463
0
63
5
421
255
463
1
63
7
421
16777215
470
LINEAR
1001
ACAD
1010
0
1020
0
1030
0
  0
CIRCLE
  5
8d4
330
1F
100
AcDbEntity
  8
BottomSolderMaskLayer
100
AcDbCircle
 10
14.097028194056293
 20
21.643002286004617
 30
0.0
 40
0.816256032512065
  0
CIRCLE
  5
8d5
330
1F
100
AcDbEntity
  8
BottomSolderMaskLayer
100
AcDbCircle
 10
14.097028194056293
 20
21.64287528575062
 30
0.0
 40
1.2754000508001015
0
HATCH
5
8d6
100
AcDbEntity
8
BottomSolderMaskLayer
100
AcDbHatch
10
0
20
0
30
0
210
0
220
0
230
1
2
SOLID
70
1
71
0
91
1
92
7
72
1
73
1
93
2
10
12.821628143256191
20
21.64287528575062
42
1
10
15.372428244856394
20
21.64287528575062
42
1
97
1
330

75
0
76
1
47
0.8681437583925616
98
1
10
3.629517071192367
20
33.92795499968543
450
0
451
0
460
0
461
0
452
1
462
1
453
2
463
0
63
5
421
255
463
1
63
7
421
16777215
470
LINEAR
1001
ACAD
1010
0
1020
0
1030
0
  0
CIRCLE
  5
8d7
330
1F
100
AcDbEntity
  8
Multi-Layer
100
AcDbCircle
 10
14.097028194056293
 20
21.643002286004617
 30
0.0
 40
0.8
  0
CIRCLE
  5
8d8
330
1F
100
AcDbEntity
  8
Multi-Layer
100
AcDbCircle
 10
14.097028194056293
 20
21.64287528575062
 30
0.0
 40
1.25
0
HATCH
5
8d9
100
AcDbEntity
8
Multi-Layer
100
AcDbHatch
10
0
20
0
30
0
210
0
220
0
230
1
2
SOLID
70
1
71
0
91
1
92
7
72
1
73
1
93
2
10
12.847028194056293
20
21.64287528575062
42
1
10
15.347028194056293
20
21.64287528575062
42
1
97
1
330

75
0
76
1
47
0.8681437583925616
98
1
10
3.629517071192367
20
33.92795499968543
450
0
451
0
460
0
461
0
452
1
462
1
453
2
463
0
63
5
421
255
463
1
63
7
421
16777215
470
LINEAR
1001
ACAD
1010
0
1020
0
1030
0
 0
ARC
  5
8f1
330
1F
100
AcDbEntity
  8
TopSolderMaskLayer
100
AcDbCircle
 10
50.800101600203334
 20
33.27136525240792
 30
0.0
 40
0.4254000508001016
100
AcDbArc
 50
180
 51
360
 0
ARC
  5
8f2
330
1F
100
AcDbEntity
  8
TopSolderMaskLayer
100
AcDbCircle
 10
50.800101600203334
 20
33.27676784385835
 30
0.0
 40
0.4254000508001016
100
AcDbArc
 50
360
 51
180
 0
LWPOLYLINE
  5
8f3
330
1F
100
AcDbEntity
  8
TopSolderMaskLayer
100
AcDbPolyline
 90
1
 70
 1
 43
0
 10
50.374701549403234
 20
33.27676784385835
 10
50.374701549403234
 20
33.27136525240792
 0
LWPOLYLINE
  5
8f4
330
1F
100
AcDbEntity
  8
TopSolderMaskLayer
100
AcDbPolyline
 90
1
 70
 1
 43
0
 10
51.225501651003434
 20
33.27676784385835
 10
51.225501651003434
 20
33.27136525240792
  0
CIRCLE
  5
8f0
330
1F
100
AcDbEntity
  8
TopSolderMaskLayer
100
AcDbCircle
 10
50.800101600203334
 20
33.27406654813308
 30
0.0
 40
0.8508001016002033
0
HATCH
5
8f5
100
AcDbEntity
8
TopSolderMaskLayer
100
AcDbHatch
10
0
20
0
30
0
210
0
220
0
230
1
2
SOLID
70
1
71
0
91
1
92
7
72
1
73
1
93
2
10
49.949301498603134
20
33.27406654813308
42
1
10
51.650901701803534
20
33.27406654813308
42
1
97
1
330

75
0
76
1
47
0.8681437583925616
98
1
10
3.629517071192367
20
33.92795499968543
450
0
451
0
460
0
461
0
452
1
462
1
453
2
463
0
63
5
421
255
463
1
63
7
421
16777215
470
LINEAR
1001
ACAD
1010
0
1020
0
1030
0
 0
ARC
  5
8f8
330
1F
100
AcDbEntity
  8
BottomSolderMaskLayer
100
AcDbCircle
 10
50.800101600203334
 20
33.27136525240792
 30
0.0
 40
0.4254000508001016
100
AcDbArc
 50
180
 51
360
 0
ARC
  5
8f9
330
1F
100
AcDbEntity
  8
BottomSolderMaskLayer
100
AcDbCircle
 10
50.800101600203334
 20
33.27676784385835
 30
0.0
 40
0.4254000508001016
100
AcDbArc
 50
360
 51
180
 0
LWPOLYLINE
  5
8fa
330
1F
100
AcDbEntity
  8
BottomSolderMaskLayer
100
AcDbPolyline
 90
1
 70
 1
 43
0
 10
50.374701549403234
 20
33.27676784385835
 10
50.374701549403234
 20
33.27136525240792
 0
LWPOLYLINE
  5
8fb
330
1F
100
AcDbEntity
  8
BottomSolderMaskLayer
100
AcDbPolyline
 90
1
 70
 1
 43
0
 10
51.225501651003434
 20
33.27676784385835
 10
51.225501651003434
 20
33.27136525240792
  0
CIRCLE
  5
8f7
330
1F
100
AcDbEntity
  8
BottomSolderMaskLayer
100
AcDbCircle
 10
50.800101600203334
 20
33.27406654813308
 30
0.0
 40
0.8508001016002033
0
HATCH
5
8fc
100
AcDbEntity
8
BottomSolderMaskLayer
100
AcDbHatch
10
0
20
0
30
0
210
0
220
0
230
1
2
SOLID
70
1
71
0
91
1
92
7
72
1
73
1
93
2
10
49.949301498603134
20
33.27406654813308
42
1
10
51.650901701803534
20
33.27406654813308
42
1
97
1
330

75
0
76
1
47
0.8681437583925616
98
1
10
3.629517071192367
20
33.92795499968543
450
0
451
0
460
0
461
0
452
1
462
1
453
2
463
0
63
5
421
255
463
1
63
7
421
16777215
470
LINEAR
1001
ACAD
1010
0
1020
0
1030
0
 0
ARC
  5
8ff
330
1F
100
AcDbEntity
  8
Multi-Layer
100
AcDbCircle
 10
50.800101600203334
 20
33.27152654305303
 30
0.0
 40
0.4
100
AcDbArc
 50
180
 51
360
 0
ARC
  5
900
330
1F
100
AcDbEntity
  8
Multi-Layer
100
AcDbCircle
 10
50.800101600203334
 20
33.27660655321324
 30
0.0
 40
0.4
100
AcDbArc
 50
360
 51
180
 0
LWPOLYLINE
  5
901
330
1F
100
AcDbEntity
  8
Multi-Layer
100
AcDbPolyline
 90
1
 70
 1
 43
0
 10
50.400101600203335
 20
33.27660655321324
 10
50.400101600203335
 20
33.27152654305303
 0
LWPOLYLINE
  5
902
330
1F
100
AcDbEntity
  8
Multi-Layer
100
AcDbPolyline
 90
1
 70
 1
 43
0
 10
51.20010160020333
 20
33.27660655321324
 10
51.20010160020333
 20
33.27152654305303
  0
CIRCLE
  5
8fe
330
1F
100
AcDbEntity
  8
Multi-Layer
100
AcDbCircle
 10
50.800101600203334
 20
33.27406654813308
 30
0.0
 40
0.8
0
HATCH
5
903
100
AcDbEntity
8
Multi-Layer
100
AcDbHatch
10
0
20
0
30
0
210
0
220
0
230
1
2
SOLID
70
1
71
0
91
1
92
7
72
1
73
1
93
2
10
50.00010160020334
20
33.27406654813308
42
1
10
51.60010160020333
20
33.27406654813308
42
1
97
1
330

75
0
76
1
47
0.8681437583925616
98
1
10
3.629517071192367
20
33.92795499968543
450
0
451
0
460
0
461
0
452
1
462
1
453
2
463
0
63
5
421
255
463
1
63
7
421
16777215
470
LINEAR
1001
ACAD
1010
0
1020
0
1030
0
 0
ARC
  5
906
330
1F
100
AcDbEntity
  8
TopSolderMaskLayer
100
AcDbCircle
 10
50.800101600203334
 20
25.651350012377407
 30
0.0
 40
0.4254000508001016
100
AcDbArc
 50
180
 51
360
 0
ARC
  5
907
330
1F
100
AcDbEntity
  8
TopSolderMaskLayer
100
AcDbCircle
 10
50.800101600203334
 20
25.65675260382784
 30
0.0
 40
0.4254000508001016
100
AcDbArc
 50
360
 51
180
 0
LWPOLYLINE
  5
908
330
1F
100
AcDbEntity
  8
TopSolderMaskLayer
100
AcDbPolyline
 90
1
 70
 1
 43
0
 10
50.374701549403234
 20
25.65675260382784
 10
50.374701549403234
 20
25.651350012377407
 0
LWPOLYLINE
  5
909
330
1F
100
AcDbEntity
  8
TopSolderMaskLayer
100
AcDbPolyline
 90
1
 70
 1
 43
0
 10
51.225501651003434
 20
25.65675260382784
 10
51.225501651003434
 20
25.651350012377407
  0
CIRCLE
  5
905
330
1F
100
AcDbEntity
  8
TopSolderMaskLayer
100
AcDbCircle
 10
50.800101600203334
 20
25.65405130810268
 30
0.0
 40
0.8508001016002033
0
HATCH
5
90a
100
AcDbEntity
8
TopSolderMaskLayer
100
AcDbHatch
10
0
20
0
30
0
210
0
220
0
230
1
2
SOLID
70
1
71
0
91
1
92
7
72
1
73
1
93
2
10
49.949301498603134
20
25.65405130810268
42
1
10
51.650901701803534
20
25.65405130810268
42
1
97
1
330

75
0
76
1
47
0.8681437583925616
98
1
10
3.629517071192367
20
33.92795499968543
450
0
451
0
460
0
461
0
452
1
462
1
453
2
463
0
63
5
421
255
463
1
63
7
421
16777215
470
LINEAR
1001
ACAD
1010
0
1020
0
1030
0
 0
ARC
  5
90d
330
1F
100
AcDbEntity
  8
BottomSolderMaskLayer
100
AcDbCircle
 10
50.800101600203334
 20
25.651350012377407
 30
0.0
 40
0.4254000508001016
100
AcDbArc
 50
180
 51
360
 0
ARC
  5
90e
330
1F
100
AcDbEntity
  8
BottomSolderMaskLayer
100
AcDbCircle
 10
50.800101600203334
 20
25.65675260382784
 30
0.0
 40
0.4254000508001016
100
AcDbArc
 50
360
 51
180
 0
LWPOLYLINE
  5
90f
330
1F
100
AcDbEntity
  8
BottomSolderMaskLayer
100
AcDbPolyline
 90
1
 70
 1
 43
0
 10
50.374701549403234
 20
25.65675260382784
 10
50.374701549403234
 20
25.651350012377407
 0
LWPOLYLINE
  5
910
330
1F
100
AcDbEntity
  8
BottomSolderMaskLayer
100
AcDbPolyline
 90
1
 70
 1
 43
0
 10
51.225501651003434
 20
25.65675260382784
 10
51.225501651003434
 20
25.651350012377407
  0
CIRCLE
  5
90c
330
1F
100
AcDbEntity
  8
BottomSolderMaskLayer
100
AcDbCircle
 10
50.800101600203334
 20
25.65405130810268
 30
0.0
 40
0.8508001016002033
0
HATCH
5
911
100
AcDbEntity
8
BottomSolderMaskLayer
100
AcDbHatch
10
0
20
0
30
0
210
0
220
0
230
1
2
SOLID
70
1
71
0
91
1
92
7
72
1
73
1
93
2
10
49.949301498603134
20
25.65405130810268
42
1
10
51.650901701803534
20
25.65405130810268
42
1
97
1
330

75
0
76
1
47
0.8681437583925616
98
1
10
3.629517071192367
20
33.92795499968543
450
0
451
0
460
0
461
0
452
1
462
1
453
2
463
0
63
5
421
255
463
1
63
7
421
16777215
470
LINEAR
1001
ACAD
1010
0
1020
0
1030
0
 0
ARC
  5
914
330
1F
100
AcDbEntity
  8
Multi-Layer
100
AcDbCircle
 10
50.800101600203334
 20
25.65151130302263
 30
0.0
 40
0.4
100
AcDbArc
 50
180
 51
360
 0
ARC
  5
915
330
1F
100
AcDbEntity
  8
Multi-Layer
100
AcDbCircle
 10
50.800101600203334
 20
25.65659131318273
 30
0.0
 40
0.4
100
AcDbArc
 50
360
 51
180
 0
LWPOLYLINE
  5
916
330
1F
100
AcDbEntity
  8
Multi-Layer
100
AcDbPolyline
 90
1
 70
 1
 43
0
 10
50.400101600203335
 20
25.65659131318273
 10
50.400101600203335
 20
25.65151130302263
 0
LWPOLYLINE
  5
917
330
1F
100
AcDbEntity
  8
Multi-Layer
100
AcDbPolyline
 90
1
 70
 1
 43
0
 10
51.20010160020333
 20
25.65659131318273
 10
51.20010160020333
 20
25.65151130302263
  0
CIRCLE
  5
913
330
1F
100
AcDbEntity
  8
Multi-Layer
100
AcDbCircle
 10
50.800101600203334
 20
25.65405130810268
 30
0.0
 40
0.8
0
HATCH
5
918
100
AcDbEntity
8
Multi-Layer
100
AcDbHatch
10
0
20
0
30
0
210
0
220
0
230
1
2
SOLID
70
1
71
0
91
1
92
7
72
1
73
1
93
2
10
50.00010160020334
20
25.65405130810268
42
1
10
51.60010160020333
20
25.65405130810268
42
1
97
1
330

75
0
76
1
47
0.8681437583925616
98
1
10
3.629517071192367
20
33.92795499968543
450
0
451
0
460
0
461
0
452
1
462
1
453
2
463
0
63
5
421
255
463
1
63
7
421
16777215
470
LINEAR
1001
ACAD
1010
0
1020
0
1030
0
 0
ARC
  5
91b
330
1F
100
AcDbEntity
  8
TopSolderMaskLayer
100
AcDbCircle
 10
48.260096520192974
 20
33.27136525240792
 30
0.0
 40
0.4254000508001016
100
AcDbArc
 50
180
 51
360
 0
ARC
  5
91c
330
1F
100
AcDbEntity
  8
TopSolderMaskLayer
100
AcDbCircle
 10
48.260096520192974
 20
33.27676784385835
 30
0.0
 40
0.4254000508001016
100
AcDbArc
 50
360
 51
180
 0
LWPOLYLINE
  5
91d
330
1F
100
AcDbEntity
  8
TopSolderMaskLayer
100
AcDbPolyline
 90
1
 70
 1
 43
0
 10
47.834696469392874
 20
33.27676784385835
 10
47.834696469392874
 20
33.27136525240792
 0
LWPOLYLINE
  5
91e
330
1F
100
AcDbEntity
  8
TopSolderMaskLayer
100
AcDbPolyline
 90
1
 70
 1
 43
0
 10
48.685496570993074
 20
33.27676784385835
 10
48.685496570993074
 20
33.27136525240792
  0
CIRCLE
  5
91a
330
1F
100
AcDbEntity
  8
TopSolderMaskLayer
100
AcDbCircle
 10
48.260096520192974
 20
33.27406654813308
 30
0.0
 40
0.8508001016002033
0
HATCH
5
91f
100
AcDbEntity
8
TopSolderMaskLayer
100
AcDbHatch
10
0
20
0
30
0
210
0
220
0
230
1
2
SOLID
70
1
71
0
91
1
92
7
72
1
73
1
93
2
10
47.409296418592774
20
33.27406654813308
42
1
10
49.110896621793174
20
33.27406654813308
42
1
97
1
330

75
0
76
1
47
0.8681437583925616
98
1
10
3.629517071192367
20
33.92795499968543
450
0
451
0
460
0
461
0
452
1
462
1
453
2
463
0
63
5
421
255
463
1
63
7
421
16777215
470
LINEAR
1001
ACAD
1010
0
1020
0
1030
0
 0
ARC
  5
922
330
1F
100
AcDbEntity
  8
BottomSolderMaskLayer
100
AcDbCircle
 10
48.260096520192974
 20
33.27136525240792
 30
0.0
 40
0.4254000508001016
100
AcDbArc
 50
180
 51
360
 0
ARC
  5
923
330
1F
100
AcDbEntity
  8
BottomSolderMaskLayer
100
AcDbCircle
 10
48.260096520192974
 20
33.27676784385835
 30
0.0
 40
0.4254000508001016
100
AcDbArc
 50
360
 51
180
 0
LWPOLYLINE
  5
924
330
1F
100
AcDbEntity
  8
BottomSolderMaskLayer
100
AcDbPolyline
 90
1
 70
 1
 43
0
 10
47.834696469392874
 20
33.27676784385835
 10
47.834696469392874
 20
33.27136525240792
 0
LWPOLYLINE
  5
925
330
1F
100
AcDbEntity
  8
BottomSolderMaskLayer
100
AcDbPolyline
 90
1
 70
 1
 43
0
 10
48.685496570993074
 20
33.27676784385835
 10
48.685496570993074
 20
33.27136525240792
  0
CIRCLE
  5
921
330
1F
100
AcDbEntity
  8
BottomSolderMaskLayer
100
AcDbCircle
 10
48.260096520192974
 20
33.27406654813308
 30
0.0
 40
0.8508001016002033
0
HATCH
5
926
100
AcDbEntity
8
BottomSolderMaskLayer
100
AcDbHatch
10
0
20
0
30
0
210
0
220
0
230
1
2
SOLID
70
1
71
0
91
1
92
7
72
1
73
1
93
2
10
47.409296418592774
20
33.27406654813308
42
1
10
49.110896621793174
20
33.27406654813308
42
1
97
1
330

75
0
76
1
47
0.8681437583925616
98
1
10
3.629517071192367
20
33.92795499968543
450
0
451
0
460
0
461
0
452
1
462
1
453
2
463
0
63
5
421
255
463
1
63
7
421
16777215
470
LINEAR
1001
ACAD
1010
0
1020
0
1030
0
 0
ARC
  5
929
330
1F
100
AcDbEntity
  8
Multi-Layer
100
AcDbCircle
 10
48.260096520192974
 20
33.27152654305303
 30
0.0
 40
0.4
100
AcDbArc
 50
180
 51
360
 0
ARC
  5
92a
330
1F
100
AcDbEntity
  8
Multi-Layer
100
AcDbCircle
 10
48.260096520192974
 20
33.27660655321324
 30
0.0
 40
0.4
100
AcDbArc
 50
360
 51
180
 0
LWPOLYLINE
  5
92b
330
1F
100
AcDbEntity
  8
Multi-Layer
100
AcDbPolyline
 90
1
 70
 1
 43
0
 10
47.860096520192975
 20
33.27660655321324
 10
47.860096520192975
 20
33.27152654305303
 0
LWPOLYLINE
  5
92c
330
1F
100
AcDbEntity
  8
Multi-Layer
100
AcDbPolyline
 90
1
 70
 1
 43
0
 10
48.66009652019297
 20
33.27660655321324
 10
48.66009652019297
 20
33.27152654305303
  0
CIRCLE
  5
928
330
1F
100
AcDbEntity
  8
Multi-Layer
100
AcDbCircle
 10
48.260096520192974
 20
33.27406654813308
 30
0.0
 40
0.8
0
HATCH
5
92d
100
AcDbEntity
8
Multi-Layer
100
AcDbHatch
10
0
20
0
30
0
210
0
220
0
230
1
2
SOLID
70
1
71
0
91
1
92
7
72
1
73
1
93
2
10
47.46009652019298
20
33.27406654813308
42
1
10
49.06009652019297
20
33.27406654813308
42
1
97
1
330

75
0
76
1
47
0.8681437583925616
98
1
10
3.629517071192367
20
33.92795499968543
450
0
451
0
460
0
461
0
452
1
462
1
453
2
463
0
63
5
421
255
463
1
63
7
421
16777215
470
LINEAR
1001
ACAD
1010
0
1020
0
1030
0
 0
ARC
  5
945
330
1F
100
AcDbEntity
  8
TopSolderMaskLayer
100
AcDbCircle
 10
42.54508509017023
 20
33.39836550640837
 30
0.0
 40
0.4254000508001016
100
AcDbArc
 50
180
 51
360
 0
ARC
  5
946
330
1F
100
AcDbEntity
  8
TopSolderMaskLayer
100
AcDbCircle
 10
42.54508509017023
 20
33.4037680978588
 30
0.0
 40
0.4254000508001016
100
AcDbArc
 50
360
 51
180
 0
LWPOLYLINE
  5
947
330
1F
100
AcDbEntity
  8
TopSolderMaskLayer
100
AcDbPolyline
 90
1
 70
 1
 43
0
 10
42.11968503937013
 20
33.4037680978588
 10
42.11968503937013
 20
33.39836550640837
 0
LWPOLYLINE
  5
948
330
1F
100
AcDbEntity
  8
TopSolderMaskLayer
100
AcDbPolyline
 90
1
 70
 1
 43
0
 10
42.97048514097033
 20
33.4037680978588
 10
42.97048514097033
 20
33.39836550640837
  0
CIRCLE
  5
944
330
1F
100
AcDbEntity
  8
TopSolderMaskLayer
100
AcDbCircle
 10
42.54508509017023
 20
33.40106680213364
 30
0.0
 40
0.8508001016002033
0
HATCH
5
949
100
AcDbEntity
8
TopSolderMaskLayer
100
AcDbHatch
10
0
20
0
30
0
210
0
220
0
230
1
2
SOLID
70
1
71
0
91
1
92
7
72
1
73
1
93
2
10
41.69428498857003
20
33.40106680213364
42
1
10
43.39588519177043
20
33.40106680213364
42
1
97
1
330

75
0
76
1
47
0.8681437583925616
98
1
10
3.629517071192367
20
33.92795499968543
450
0
451
0
460
0
461
0
452
1
462
1
453
2
463
0
63
5
421
255
463
1
63
7
421
16777215
470
LINEAR
1001
ACAD
1010
0
1020
0
1030
0
 0
ARC
  5
94c
330
1F
100
AcDbEntity
  8
BottomSolderMaskLayer
100
AcDbCircle
 10
42.54508509017023
 20
33.39836550640837
 30
0.0
 40
0.4254000508001016
100
AcDbArc
 50
180
 51
360
 0
ARC
  5
94d
330
1F
100
AcDbEntity
  8
BottomSolderMaskLayer
100
AcDbCircle
 10
42.54508509017023
 20
33.4037680978588
 30
0.0
 40
0.4254000508001016
100
AcDbArc
 50
360
 51
180
 0
LWPOLYLINE
  5
94e
330
1F
100
AcDbEntity
  8
BottomSolderMaskLayer
100
AcDbPolyline
 90
1
 70
 1
 43
0
 10
42.11968503937013
 20
33.4037680978588
 10
42.11968503937013
 20
33.39836550640837
 0
LWPOLYLINE
  5
94f
330
1F
100
AcDbEntity
  8
BottomSolderMaskLayer
100
AcDbPolyline
 90
1
 70
 1
 43
0
 10
42.97048514097033
 20
33.4037680978588
 10
42.97048514097033
 20
33.39836550640837
  0
CIRCLE
  5
94b
330
1F
100
AcDbEntity
  8
BottomSolderMaskLayer
100
AcDbCircle
 10
42.54508509017023
 20
33.40106680213364
 30
0.0
 40
0.8508001016002033
0
HATCH
5
950
100
AcDbEntity
8
BottomSolderMaskLayer
100
AcDbHatch
10
0
20
0
30
0
210
0
220
0
230
1
2
SOLID
70
1
71
0
91
1
92
7
72
1
73
1
93
2
10
41.69428498857003
20
33.40106680213364
42
1
10
43.39588519177043
20
33.40106680213364
42
1
97
1
330

75
0
76
1
47
0.8681437583925616
98
1
10
3.629517071192367
20
33.92795499968543
450
0
451
0
460
0
461
0
452
1
462
1
453
2
463
0
63
5
421
255
463
1
63
7
421
16777215
470
LINEAR
1001
ACAD
1010
0
1020
0
1030
0
 0
ARC
  5
953
330
1F
100
AcDbEntity
  8
Multi-Layer
100
AcDbCircle
 10
42.54508509017023
 20
33.39852679705359
 30
0.0
 40
0.4
100
AcDbArc
 50
180
 51
360
 0
ARC
  5
954
330
1F
100
AcDbEntity
  8
Multi-Layer
100
AcDbCircle
 10
42.54508509017023
 20
33.40360680721369
 30
0.0
 40
0.4
100
AcDbArc
 50
360
 51
180
 0
LWPOLYLINE
  5
955
330
1F
100
AcDbEntity
  8
Multi-Layer
100
AcDbPolyline
 90
1
 70
 1
 43
0
 10
42.145085090170234
 20
33.40360680721369
 10
42.145085090170234
 20
33.39852679705359
 0
LWPOLYLINE
  5
956
330
1F
100
AcDbEntity
  8
Multi-Layer
100
AcDbPolyline
 90
1
 70
 1
 43
0
 10
42.94508509017023
 20
33.40360680721369
 10
42.94508509017023
 20
33.39852679705359
  0
CIRCLE
  5
952
330
1F
100
AcDbEntity
  8
Multi-Layer
100
AcDbCircle
 10
42.54508509017023
 20
33.40106680213364
 30
0.0
 40
0.8
0
HATCH
5
957
100
AcDbEntity
8
Multi-Layer
100
AcDbHatch
10
0
20
0
30
0
210
0
220
0
230
1
2
SOLID
70
1
71
0
91
1
92
7
72
1
73
1
93
2
10
41.745085090170235
20
33.40106680213364
42
1
10
43.34508509017023
20
33.40106680213364
42
1
97
1
330

75
0
76
1
47
0.8681437583925616
98
1
10
3.629517071192367
20
33.92795499968543
450
0
451
0
460
0
461
0
452
1
462
1
453
2
463
0
63
5
421
255
463
1
63
7
421
16777215
470
LINEAR
1001
ACAD
1010
0
1020
0
1030
0
 0
ARC
  5
95a
330
1F
100
AcDbEntity
  8
TopSolderMaskLayer
100
AcDbCircle
 10
42.54508509017023
 20
25.77835026637797
 30
0.0
 40
0.4254000508001016
100
AcDbArc
 50
180
 51
360
 0
ARC
  5
95b
330
1F
100
AcDbEntity
  8
TopSolderMaskLayer
100
AcDbCircle
 10
42.54508509017023
 20
25.783752857828404
 30
0.0
 40
0.4254000508001016
100
AcDbArc
 50
360
 51
180
 0
LWPOLYLINE
  5
95c
330
1F
100
AcDbEntity
  8
TopSolderMaskLayer
100
AcDbPolyline
 90
1
 70
 1
 43
0
 10
42.11968503937013
 20
25.783752857828404
 10
42.11968503937013
 20
25.77835026637797
 0
LWPOLYLINE
  5
95d
330
1F
100
AcDbEntity
  8
TopSolderMaskLayer
100
AcDbPolyline
 90
1
 70
 1
 43
0
 10
42.97048514097033
 20
25.783752857828404
 10
42.97048514097033
 20
25.77835026637797
  0
CIRCLE
  5
959
330
1F
100
AcDbEntity
  8
TopSolderMaskLayer
100
AcDbCircle
 10
42.54508509017023
 20
25.78105156210313
 30
0.0
 40
0.8508001016002033
0
HATCH
5
95e
100
AcDbEntity
8
TopSolderMaskLayer
100
AcDbHatch
10
0
20
0
30
0
210
0
220
0
230
1
2
SOLID
70
1
71
0
91
1
92
7
72
1
73
1
93
2
10
41.69428498857003
20
25.78105156210313
42
1
10
43.39588519177043
20
25.78105156210313
42
1
97
1
330

75
0
76
1
47
0.8681437583925616
98
1
10
3.629517071192367
20
33.92795499968543
450
0
451
0
460
0
461
0
452
1
462
1
453
2
463
0
63
5
421
255
463
1
63
7
421
16777215
470
LINEAR
1001
ACAD
1010
0
1020
0
1030
0
 0
ARC
  5
961
330
1F
100
AcDbEntity
  8
BottomSolderMaskLayer
100
AcDbCircle
 10
42.54508509017023
 20
25.77835026637797
 30
0.0
 40
0.4254000508001016
100
AcDbArc
 50
180
 51
360
 0
ARC
  5
962
330
1F
100
AcDbEntity
  8
BottomSolderMaskLayer
100
AcDbCircle
 10
42.54508509017023
 20
25.783752857828404
 30
0.0
 40
0.4254000508001016
100
AcDbArc
 50
360
 51
180
 0
LWPOLYLINE
  5
963
330
1F
100
AcDbEntity
  8
BottomSolderMaskLayer
100
AcDbPolyline
 90
1
 70
 1
 43
0
 10
42.11968503937013
 20
25.783752857828404
 10
42.11968503937013
 20
25.77835026637797
 0
LWPOLYLINE
  5
964
330
1F
100
AcDbEntity
  8
BottomSolderMaskLayer
100
AcDbPolyline
 90
1
 70
 1
 43
0
 10
42.97048514097033
 20
25.783752857828404
 10
42.97048514097033
 20
25.77835026637797
  0
CIRCLE
  5
960
330
1F
100
AcDbEntity
  8
BottomSolderMaskLayer
100
AcDbCircle
 10
42.54508509017023
 20
25.78105156210313
 30
0.0
 40
0.8508001016002033
0
HATCH
5
965
100
AcDbEntity
8
BottomSolderMaskLayer
100
AcDbHatch
10
0
20
0
30
0
210
0
220
0
230
1
2
SOLID
70
1
71
0
91
1
92
7
72
1
73
1
93
2
10
41.69428498857003
20
25.78105156210313
42
1
10
43.39588519177043
20
25.78105156210313
42
1
97
1
330

75
0
76
1
47
0.8681437583925616
98
1
10
3.629517071192367
20
33.92795499968543
450
0
451
0
460
0
461
0
452
1
462
1
453
2
463
0
63
5
421
255
463
1
63
7
421
16777215
470
LINEAR
1001
ACAD
1010
0
1020
0
1030
0
 0
ARC
  5
968
330
1F
100
AcDbEntity
  8
Multi-Layer
100
AcDbCircle
 10
42.54508509017023
 20
25.77851155702308
 30
0.0
 40
0.4
100
AcDbArc
 50
180
 51
360
 0
ARC
  5
969
330
1F
100
AcDbEntity
  8
Multi-Layer
100
AcDbCircle
 10
42.54508509017023
 20
25.78359156718318
 30
0.0
 40
0.4
100
AcDbArc
 50
360
 51
180
 0
LWPOLYLINE
  5
96a
330
1F
100
AcDbEntity
  8
Multi-Layer
100
AcDbPolyline
 90
1
 70
 1
 43
0
 10
42.145085090170234
 20
25.78359156718318
 10
42.145085090170234
 20
25.77851155702308
 0
LWPOLYLINE
  5
96b
330
1F
100
AcDbEntity
  8
Multi-Layer
100
AcDbPolyline
 90
1
 70
 1
 43
0
 10
42.94508509017023
 20
25.78359156718318
 10
42.94508509017023
 20
25.77851155702308
  0
CIRCLE
  5
967
330
1F
100
AcDbEntity
  8
Multi-Layer
100
AcDbCircle
 10
42.54508509017023
 20
25.78105156210313
 30
0.0
 40
0.8
0
HATCH
5
96c
100
AcDbEntity
8
Multi-Layer
100
AcDbHatch
10
0
20
0
30
0
210
0
220
0
230
1
2
SOLID
70
1
71
0
91
1
92
7
72
1
73
1
93
2
10
41.745085090170235
20
25.78105156210313
42
1
10
43.34508509017023
20
25.78105156210313
42
1
97
1
330

75
0
76
1
47
0.8681437583925616
98
1
10
3.629517071192367
20
33.92795499968543
450
0
451
0
460
0
461
0
452
1
462
1
453
2
463
0
63
5
421
255
463
1
63
7
421
16777215
470
LINEAR
1001
ACAD
1010
0
1020
0
1030
0
 0
ARC
  5
96f
330
1F
100
AcDbEntity
  8
TopSolderMaskLayer
100
AcDbCircle
 10
40.0050800101601
 20
33.39836550640837
 30
0.0
 40
0.4254000508001016
100
AcDbArc
 50
180
 51
360
 0
ARC
  5
970
330
1F
100
AcDbEntity
  8
TopSolderMaskLayer
100
AcDbCircle
 10
40.0050800101601
 20
33.4037680978588
 30
0.0
 40
0.4254000508001016
100
AcDbArc
 50
360
 51
180
 0
LWPOLYLINE
  5
971
330
1F
100
AcDbEntity
  8
TopSolderMaskLayer
100
AcDbPolyline
 90
1
 70
 1
 43
0
 10
39.57967995936
 20
33.4037680978588
 10
39.57967995936
 20
33.39836550640837
 0
LWPOLYLINE
  5
972
330
1F
100
AcDbEntity
  8
TopSolderMaskLayer
100
AcDbPolyline
 90
1
 70
 1
 43
0
 10
40.4304800609602
 20
33.4037680978588
 10
40.4304800609602
 20
33.39836550640837
  0
CIRCLE
  5
96e
330
1F
100
AcDbEntity
  8
TopSolderMaskLayer
100
AcDbCircle
 10
40.0050800101601
 20
33.40106680213364
 30
0.0
 40
0.8508001016002033
0
HATCH
5
973
100
AcDbEntity
8
TopSolderMaskLayer
100
AcDbHatch
10
0
20
0
30
0
210
0
220
0
230
1
2
SOLID
70
1
71
0
91
1
92
7
72
1
73
1
93
2
10
39.1542799085599
20
33.40106680213364
42
1
10
40.8558801117603
20
33.40106680213364
42
1
97
1
330

75
0
76
1
47
0.8681437583925616
98
1
10
3.629517071192367
20
33.92795499968543
450
0
451
0
460
0
461
0
452
1
462
1
453
2
463
0
63
5
421
255
463
1
63
7
421
16777215
470
LINEAR
1001
ACAD
1010
0
1020
0
1030
0
 0
ARC
  5
976
330
1F
100
AcDbEntity
  8
BottomSolderMaskLayer
100
AcDbCircle
 10
40.0050800101601
 20
33.39836550640837
 30
0.0
 40
0.4254000508001016
100
AcDbArc
 50
180
 51
360
 0
ARC
  5
977
330
1F
100
AcDbEntity
  8
BottomSolderMaskLayer
100
AcDbCircle
 10
40.0050800101601
 20
33.4037680978588
 30
0.0
 40
0.4254000508001016
100
AcDbArc
 50
360
 51
180
 0
LWPOLYLINE
  5
978
330
1F
100
AcDbEntity
  8
BottomSolderMaskLayer
100
AcDbPolyline
 90
1
 70
 1
 43
0
 10
39.57967995936
 20
33.4037680978588
 10
39.57967995936
 20
33.39836550640837
 0
LWPOLYLINE
  5
979
330
1F
100
AcDbEntity
  8
BottomSolderMaskLayer
100
AcDbPolyline
 90
1
 70
 1
 43
0
 10
40.4304800609602
 20
33.4037680978588
 10
40.4304800609602
 20
33.39836550640837
  0
CIRCLE
  5
975
330
1F
100
AcDbEntity
  8
BottomSolderMaskLayer
100
AcDbCircle
 10
40.0050800101601
 20
33.40106680213364
 30
0.0
 40
0.8508001016002033
0
HATCH
5
97a
100
AcDbEntity
8
BottomSolderMaskLayer
100
AcDbHatch
10
0
20
0
30
0
210
0
220
0
230
1
2
SOLID
70
1
71
0
91
1
92
7
72
1
73
1
93
2
10
39.1542799085599
20
33.40106680213364
42
1
10
40.8558801117603
20
33.40106680213364
42
1
97
1
330

75
0
76
1
47
0.8681437583925616
98
1
10
3.629517071192367
20
33.92795499968543
450
0
451
0
460
0
461
0
452
1
462
1
453
2
463
0
63
5
421
255
463
1
63
7
421
16777215
470
LINEAR
1001
ACAD
1010
0
1020
0
1030
0
 0
ARC
  5
97d
330
1F
100
AcDbEntity
  8
Multi-Layer
100
AcDbCircle
 10
40.0050800101601
 20
33.39852679705359
 30
0.0
 40
0.4
100
AcDbArc
 50
180
 51
360
 0
ARC
  5
97e
330
1F
100
AcDbEntity
  8
Multi-Layer
100
AcDbCircle
 10
40.0050800101601
 20
33.40360680721369
 30
0.0
 40
0.4
100
AcDbArc
 50
360
 51
180
 0
LWPOLYLINE
  5
97f
330
1F
100
AcDbEntity
  8
Multi-Layer
100
AcDbPolyline
 90
1
 70
 1
 43
0
 10
39.6050800101601
 20
33.40360680721369
 10
39.6050800101601
 20
33.39852679705359
 0
LWPOLYLINE
  5
980
330
1F
100
AcDbEntity
  8
Multi-Layer
100
AcDbPolyline
 90
1
 70
 1
 43
0
 10
40.4050800101601
 20
33.40360680721369
 10
40.4050800101601
 20
33.39852679705359
  0
CIRCLE
  5
97c
330
1F
100
AcDbEntity
  8
Multi-Layer
100
AcDbCircle
 10
40.0050800101601
 20
33.40106680213364
 30
0.0
 40
0.8
0
HATCH
5
981
100
AcDbEntity
8
Multi-Layer
100
AcDbHatch
10
0
20
0
30
0
210
0
220
0
230
1
2
SOLID
70
1
71
0
91
1
92
7
72
1
73
1
93
2
10
39.2050800101601
20
33.40106680213364
42
1
10
40.8050800101601
20
33.40106680213364
42
1
97
1
330

75
0
76
1
47
0.8681437583925616
98
1
10
3.629517071192367
20
33.92795499968543
450
0
451
0
460
0
461
0
452
1
462
1
453
2
463
0
63
5
421
255
463
1
63
7
421
16777215
470
LINEAR
1001
ACAD
1010
0
1020
0
1030
0
  0
CIRCLE
  5
98b
330
1F
100
AcDbEntity
  8
TopSolderMaskLayer
100
AcDbCircle
 10
85.47117094234181
 20
50.41910083820176
 30
0.0
 40
0.5169333672000678
  0
CIRCLE
  5
98c
330
1F
100
AcDbEntity
  8
TopSolderMaskLayer
100
AcDbCircle
 10
85.47117094234181
 20
50.41910083820176
 30
0.0
 40
0.7754000508001018
0
HATCH
5
98d
100
AcDbEntity
8
TopSolderMaskLayer
100
AcDbHatch
10
0
20
0
30
0
210
0
220
0
230
1
2
SOLID
70
1
71
0
91
1
92
7
72
1
73
1
93
2
10
84.69577089154171
20
50.41910083820176
42
1
10
86.24657099314192
20
50.41910083820176
42
1
97
1
330

75
0
76
1
47
0.8681437583925616
98
1
10
3.629517071192367
20
33.92795499968543
450
0
451
0
460
0
461
0
452
1
462
1
453
2
463
0
63
5
421
255
463
1
63
7
421
16777215
470
LINEAR
1001
ACAD
1010
0
1020
0
1030
0
  0
CIRCLE
  5
98e
330
1F
100
AcDbEntity
  8
BottomSolderMaskLayer
100
AcDbCircle
 10
85.47117094234181
 20
50.41910083820176
 30
0.0
 40
0.5169333672000678
  0
CIRCLE
  5
98f
330
1F
100
AcDbEntity
  8
BottomSolderMaskLayer
100
AcDbCircle
 10
85.47117094234181
 20
50.41910083820176
 30
0.0
 40
0.7754000508001018
0
HATCH
5
990
100
AcDbEntity
8
BottomSolderMaskLayer
100
AcDbHatch
10
0
20
0
30
0
210
0
220
0
230
1
2
SOLID
70
1
71
0
91
1
92
7
72
1
73
1
93
2
10
84.69577089154171
20
50.41910083820176
42
1
10
86.24657099314192
20
50.41910083820176
42
1
97
1
330

75
0
76
1
47
0.8681437583925616
98
1
10
3.629517071192367
20
33.92795499968543
450
0
451
0
460
0
461
0
452
1
462
1
453
2
463
0
63
5
421
255
463
1
63
7
421
16777215
470
LINEAR
1001
ACAD
1010
0
1020
0
1030
0
  0
CIRCLE
  5
991
330
1F
100
AcDbEntity
  8
Multi-Layer
100
AcDbCircle
 10
85.47117094234181
 20
50.41910083820176
 30
0.0
 40
0.5
  0
CIRCLE
  5
992
330
1F
100
AcDbEntity
  8
Multi-Layer
100
AcDbCircle
 10
85.47117094234181
 20
50.41910083820176
 30
0.0
 40
0.7500000000000001
0
HATCH
5
993
100
AcDbEntity
8
Multi-Layer
100
AcDbHatch
10
0
20
0
30
0
210
0
220
0
230
1
2
SOLID
70
1
71
0
91
1
92
7
72
1
73
1
93
2
10
84.72117094234181
20
50.41910083820176
42
1
10
86.22117094234181
20
50.41910083820176
42
1
97
1
330

75
0
76
1
47
0.8681437583925616
98
1
10
3.629517071192367
20
33.92795499968543
450
0
451
0
460
0
461
0
452
1
462
1
453
2
463
0
63
5
421
255
463
1
63
7
421
16777215
470
LINEAR
1001
ACAD
1010
0
1020
0
1030
0
  0
CIRCLE
  5
994
330
1F
100
AcDbEntity
  8
TopSolderMaskLayer
100
AcDbCircle
 10
88.01117602235217
 20
50.41910083820176
 30
0.0
 40
0.5169333672000678
  0
CIRCLE
  5
995
330
1F
100
AcDbEntity
  8
TopSolderMaskLayer
100
AcDbCircle
 10
88.01117602235217
 20
50.41910083820176
 30
0.0
 40
0.7754000508001018
0
HATCH
5
996
100
AcDbEntity
8
TopSolderMaskLayer
100
AcDbHatch
10
0
20
0
30
0
210
0
220
0
230
1
2
SOLID
70
1
71
0
91
1
92
7
72
1
73
1
93
2
10
87.23577597155207
20
50.41910083820176
42
1
10
88.78657607315228
20
50.41910083820176
42
1
97
1
330

75
0
76
1
47
0.8681437583925616
98
1
10
3.629517071192367
20
33.92795499968543
450
0
451
0
460
0
461
0
452
1
462
1
453
2
463
0
63
5
421
255
463
1
63
7
421
16777215
470
LINEAR
1001
ACAD
1010
0
1020
0
1030
0
  0
CIRCLE
  5
997
330
1F
100
AcDbEntity
  8
BottomSolderMaskLayer
100
AcDbCircle
 10
88.01117602235217
 20
50.41910083820176
 30
0.0
 40
0.5169333672000678
  0
CIRCLE
  5
998
330
1F
100
AcDbEntity
  8
BottomSolderMaskLayer
100
AcDbCircle
 10
88.01117602235217
 20
50.41910083820176
 30
0.0
 40
0.7754000508001018
0
HATCH
5
999
100
AcDbEntity
8
BottomSolderMaskLayer
100
AcDbHatch
10
0
20
0
30
0
210
0
220
0
230
1
2
SOLID
70
1
71
0
91
1
92
7
72
1
73
1
93
2
10
87.23577597155207
20
50.41910083820176
42
1
10
88.78657607315228
20
50.41910083820176
42
1
97
1
330

75
0
76
1
47
0.8681437583925616
98
1
10
3.629517071192367
20
33.92795499968543
450
0
451
0
460
0
461
0
452
1
462
1
453
2
463
0
63
5
421
255
463
1
63
7
421
16777215
470
LINEAR
1001
ACAD
1010
0
1020
0
1030
0
  0
CIRCLE
  5
99a
330
1F
100
AcDbEntity
  8
Multi-Layer
100
AcDbCircle
 10
88.01117602235217
 20
50.41910083820176
 30
0.0
 40
0.5
  0
CIRCLE
  5
99b
330
1F
100
AcDbEntity
  8
Multi-Layer
100
AcDbCircle
 10
88.01117602235217
 20
50.41910083820176
 30
0.0
 40
0.7500000000000001
0
HATCH
5
99c
100
AcDbEntity
8
Multi-Layer
100
AcDbHatch
10
0
20
0
30
0
210
0
220
0
230
1
2
SOLID
70
1
71
0
91
1
92
7
72
1
73
1
93
2
10
87.26117602235217
20
50.41910083820176
42
1
10
88.76117602235217
20
50.41910083820176
42
1
97
1
330

75
0
76
1
47
0.8681437583925616
98
1
10
3.629517071192367
20
33.92795499968543
450
0
451
0
460
0
461
0
452
1
462
1
453
2
463
0
63
5
421
255
463
1
63
7
421
16777215
470
LINEAR
1001
ACAD
1010
0
1020
0
1030
0
  0
CIRCLE
  5
9b5
330
1F
100
AcDbEntity
  8
TopSolderMaskLayer
100
AcDbCircle
 10
92.45618491236996
 20
18.040894081788224
 30
0.0
 40
0.7658880005932055
  0
CIRCLE
  5
9b6
330
1F
100
AcDbEntity
  8
TopSolderMaskLayer
100
AcDbCircle
 10
92.45618491236996
 20
18.040894081788224
 30
0.0
 40
1.2254000508001017
0
HATCH
5
9b7
100
AcDbEntity
8
TopSolderMaskLayer
100
AcDbHatch
10
0
20
0
30
0
210
0
220
0
230
1
2
SOLID
70
1
71
0
91
1
92
7
72
1
73
1
93
2
10
91.23078486156986
20
18.040894081788224
42
1
10
93.68158496317007
20
18.040894081788224
42
1
97
1
330

75
0
76
1
47
0.8681437583925616
98
1
10
3.629517071192367
20
33.92795499968543
450
0
451
0
460
0
461
0
452
1
462
1
453
2
463
0
63
5
421
255
463
1
63
7
421
16777215
470
LINEAR
1001
ACAD
1010
0
1020
0
1030
0
  0
CIRCLE
  5
9b8
330
1F
100
AcDbEntity
  8
BottomSolderMaskLayer
100
AcDbCircle
 10
92.45618491236996
 20
18.040894081788224
 30
0.0
 40
0.7658880005932055
  0
CIRCLE
  5
9b9
330
1F
100
AcDbEntity
  8
BottomSolderMaskLayer
100
AcDbCircle
 10
92.45618491236996
 20
18.040894081788224
 30
0.0
 40
1.2254000508001017
0
HATCH
5
9ba
100
AcDbEntity
8
BottomSolderMaskLayer
100
AcDbHatch
10
0
20
0
30
0
210
0
220
0
230
1
2
SOLID
70
1
71
0
91
1
92
7
72
1
73
1
93
2
10
91.23078486156986
20
18.040894081788224
42
1
10
93.68158496317007
20
18.040894081788224
42
1
97
1
330

75
0
76
1
47
0.8681437583925616
98
1
10
3.629517071192367
20
33.92795499968543
450
0
451
0
460
0
461
0
452
1
462
1
453
2
463
0
63
5
421
255
463
1
63
7
421
16777215
470
LINEAR
1001
ACAD
1010
0
1020
0
1030
0
  0
CIRCLE
  5
9bb
330
1F
100
AcDbEntity
  8
Multi-Layer
100
AcDbCircle
 10
92.45618491236996
 20
18.040894081788224
 30
0.0
 40
0.7500127000254001
  0
CIRCLE
  5
9bc
330
1F
100
AcDbEntity
  8
Multi-Layer
100
AcDbCircle
 10
92.45618491236996
 20
18.040894081788224
 30
0.0
 40
1.2000000000000002
0
HATCH
5
9bd
100
AcDbEntity
8
Multi-Layer
100
AcDbHatch
10
0
20
0
30
0
210
0
220
0
230
1
2
SOLID
70
1
71
0
91
1
92
7
72
1
73
1
93
2
10
91.25618491236996
20
18.040894081788224
42
1
10
93.65618491236997
20
18.040894081788224
42
1
97
1
330

75
0
76
1
47
0.8681437583925616
98
1
10
3.629517071192367
20
33.92795499968543
450
0
451
0
460
0
461
0
452
1
462
1
453
2
463
0
63
5
421
255
463
1
63
7
421
16777215
470
LINEAR
1001
ACAD
1010
0
1020
0
1030
0
  0
CIRCLE
  5
9be
330
1F
100
AcDbEntity
  8
TopSolderMaskLayer
100
AcDbCircle
 10
92.45618491236996
 20
13.040894081788224
 30
0.0
 40
0.7658880005932055
  0
CIRCLE
  5
9bf
330
1F
100
AcDbEntity
  8
TopSolderMaskLayer
100
AcDbCircle
 10
92.45618491236996
 20
13.040894081788224
 30
0.0
 40
1.2254000508001017
0
HATCH
5
9c0
100
AcDbEntity
8
TopSolderMaskLayer
100
AcDbHatch
10
0
20
0
30
0
210
0
220
0
230
1
2
SOLID
70
1
71
0
91
1
92
7
72
1
73
1
93
2
10
91.23078486156986
20
13.040894081788224
42
1
10
93.68158496317007
20
13.040894081788224
42
1
97
1
330

75
0
76
1
47
0.8681437583925616
98
1
10
3.629517071192367
20
33.92795499968543
450
0
451
0
460
0
461
0
452
1
462
1
453
2
463
0
63
5
421
255
463
1
63
7
421
16777215
470
LINEAR
1001
ACAD
1010
0
1020
0
1030
0
  0
CIRCLE
  5
9c1
330
1F
100
AcDbEntity
  8
BottomSolderMaskLayer
100
AcDbCircle
 10
92.45618491236996
 20
13.040894081788224
 30
0.0
 40
0.7658880005932055
  0
CIRCLE
  5
9c2
330
1F
100
AcDbEntity
  8
BottomSolderMaskLayer
100
AcDbCircle
 10
92.45618491236996
 20
13.040894081788224
 30
0.0
 40
1.2254000508001017
0
HATCH
5
9c3
100
AcDbEntity
8
BottomSolderMaskLayer
100
AcDbHatch
10
0
20
0
30
0
210
0
220
0
230
1
2
SOLID
70
1
71
0
91
1
92
7
72
1
73
1
93
2
10
91.23078486156986
20
13.040894081788224
42
1
10
93.68158496317007
20
13.040894081788224
42
1
97
1
330

75
0
76
1
47
0.8681437583925616
98
1
10
3.629517071192367
20
33.92795499968543
450
0
451
0
460
0
461
0
452
1
462
1
453
2
463
0
63
5
421
255
463
1
63
7
421
16777215
470
LINEAR
1001
ACAD
1010
0
1020
0
1030
0
  0
CIRCLE
  5
9c4
330
1F
100
AcDbEntity
  8
Multi-Layer
100
AcDbCircle
 10
92.45618491236996
 20
13.040894081788224
 30
0.0
 40
0.7500127000254001
  0
CIRCLE
  5
9c5
330
1F
100
AcDbEntity
  8
Multi-Layer
100
AcDbCircle
 10
92.45618491236996
 20
13.040894081788224
 30
0.0
 40
1.2000000000000002
0
HATCH
5
9c6
100
AcDbEntity
8
Multi-Layer
100
AcDbHatch
10
0
20
0
30
0
210
0
220
0
230
1
2
SOLID
70
1
71
0
91
1
92
7
72
1
73
1
93
2
10
91.25618491236996
20
13.040894081788224
42
1
10
93.65618491236997
20
13.040894081788224
42
1
97
1
330

75
0
76
1
47
0.8681437583925616
98
1
10
3.629517071192367
20
33.92795499968543
450
0
451
0
460
0
461
0
452
1
462
1
453
2
463
0
63
5
421
255
463
1
63
7
421
16777215
470
LINEAR
1001
ACAD
1010
0
1020
0
1030
0
  0
CIRCLE
  5
9c7
330
1F
100
AcDbEntity
  8
TopSolderMaskLayer
100
AcDbCircle
 10
92.45618491236996
 20
8.040894081788224
 30
0.0
 40
0.7658880005932055
  0
CIRCLE
  5
9c8
330
1F
100
AcDbEntity
  8
TopSolderMaskLayer
100
AcDbCircle
 10
92.45618491236996
 20
8.040894081788224
 30
0.0
 40
1.2254000508001017
0
HATCH
5
9c9
100
AcDbEntity
8
TopSolderMaskLayer
100
AcDbHatch
10
0
20
0
30
0
210
0
220
0
230
1
2
SOLID
70
1
71
0
91
1
92
7
72
1
73
1
93
2
10
91.23078486156986
20
8.040894081788224
42
1
10
93.68158496317007
20
8.040894081788224
42
1
97
1
330

75
0
76
1
47
0.8681437583925616
98
1
10
3.629517071192367
20
33.92795499968543
450
0
451
0
460
0
461
0
452
1
462
1
453
2
463
0
63
5
421
255
463
1
63
7
421
16777215
470
LINEAR
1001
ACAD
1010
0
1020
0
1030
0
  0
CIRCLE
  5
9ca
330
1F
100
AcDbEntity
  8
BottomSolderMaskLayer
100
AcDbCircle
 10
92.45618491236996
 20
8.040894081788224
 30
0.0
 40
0.7658880005932055
  0
CIRCLE
  5
9cb
330
1F
100
AcDbEntity
  8
BottomSolderMaskLayer
100
AcDbCircle
 10
92.45618491236996
 20
8.040894081788224
 30
0.0
 40
1.2254000508001017
0
HATCH
5
9cc
100
AcDbEntity
8
BottomSolderMaskLayer
100
AcDbHatch
10
0
20
0
30
0
210
0
220
0
230
1
2
SOLID
70
1
71
0
91
1
92
7
72
1
73
1
93
2
10
91.23078486156986
20
8.040894081788224
42
1
10
93.68158496317007
20
8.040894081788224
42
1
97
1
330

75
0
76
1
47
0.8681437583925616
98
1
10
3.629517071192367
20
33.92795499968543
450
0
451
0
460
0
461
0
452
1
462
1
453
2
463
0
63
5
421
255
463
1
63
7
421
16777215
470
LINEAR
1001
ACAD
1010
0
1020
0
1030
0
  0
CIRCLE
  5
9cd
330
1F
100
AcDbEntity
  8
Multi-Layer
100
AcDbCircle
 10
92.45618491236996
 20
8.040894081788224
 30
0.0
 40
0.7500127000254001
  0
CIRCLE
  5
9ce
330
1F
100
AcDbEntity
  8
Multi-Layer
100
AcDbCircle
 10
92.45618491236996
 20
8.040894081788224
 30
0.0
 40
1.2000000000000002
0
HATCH
5
9cf
100
AcDbEntity
8
Multi-Layer
100
AcDbHatch
10
0
20
0
30
0
210
0
220
0
230
1
2
SOLID
70
1
71
0
91
1
92
7
72
1
73
1
93
2
10
91.25618491236996
20
8.040894081788224
42
1
10
93.65618491236997
20
8.040894081788224
42
1
97
1
330

75
0
76
1
47
0.8681437583925616
98
1
10
3.629517071192367
20
33.92795499968543
450
0
451
0
460
0
461
0
452
1
462
1
453
2
463
0
63
5
421
255
463
1
63
7
421
16777215
470
LINEAR
1001
ACAD
1010
0
1020
0
1030
0
  0
CIRCLE
  5
9d0
330
1F
100
AcDbEntity
  8
TopSolderMaskLayer
100
AcDbCircle
 10
92.45618491236996
 20
3.040894081788224
 30
0.0
 40
0.7658880005932055
  0
CIRCLE
  5
9d1
330
1F
100
AcDbEntity
  8
TopSolderMaskLayer
100
AcDbCircle
 10
92.45618491236996
 20
3.040894081788224
 30
0.0
 40
1.2254000508001017
0
HATCH
5
9d2
100
AcDbEntity
8
TopSolderMaskLayer
100
AcDbHatch
10
0
20
0
30
0
210
0
220
0
230
1
2
SOLID
70
1
71
0
91
1
92
7
72
1
73
1
93
2
10
91.23078486156986
20
3.040894081788224
42
1
10
93.68158496317007
20
3.040894081788224
42
1
97
1
330

75
0
76
1
47
0.8681437583925616
98
1
10
3.629517071192367
20
33.92795499968543
450
0
451
0
460
0
461
0
452
1
462
1
453
2
463
0
63
5
421
255
463
1
63
7
421
16777215
470
LINEAR
1001
ACAD
1010
0
1020
0
1030
0
  0
CIRCLE
  5
9d3
330
1F
100
AcDbEntity
  8
BottomSolderMaskLayer
100
AcDbCircle
 10
92.45618491236996
 20
3.040894081788224
 30
0.0
 40
0.7658880005932055
  0
CIRCLE
  5
9d4
330
1F
100
AcDbEntity
  8
BottomSolderMaskLayer
100
AcDbCircle
 10
92.45618491236996
 20
3.040894081788224
 30
0.0
 40
1.2254000508001017
0
HATCH
5
9d5
100
AcDbEntity
8
BottomSolderMaskLayer
100
AcDbHatch
10
0
20
0
30
0
210
0
220
0
230
1
2
SOLID
70
1
71
0
91
1
92
7
72
1
73
1
93
2
10
91.23078486156986
20
3.040894081788224
42
1
10
93.68158496317007
20
3.040894081788224
42
1
97
1
330

75
0
76
1
47
0.8681437583925616
98
1
10
3.629517071192367
20
33.92795499968543
450
0
451
0
460
0
461
0
452
1
462
1
453
2
463
0
63
5
421
255
463
1
63
7
421
16777215
470
LINEAR
1001
ACAD
1010
0
1020
0
1030
0
  0
CIRCLE
  5
9d6
330
1F
100
AcDbEntity
  8
Multi-Layer
100
AcDbCircle
 10
92.45618491236996
 20
3.040894081788224
 30
0.0
 40
0.7500127000254001
  0
CIRCLE
  5
9d7
330
1F
100
AcDbEntity
  8
Multi-Layer
100
AcDbCircle
 10
92.45618491236996
 20
3.040894081788224
 30
0.0
 40
1.2000000000000002
0
HATCH
5
9d8
100
AcDbEntity
8
Multi-Layer
100
AcDbHatch
10
0
20
0
30
0
210
0
220
0
230
1
2
SOLID
70
1
71
0
91
1
92
7
72
1
73
1
93
2
10
91.25618491236996
20
3.040894081788224
42
1
10
93.65618491236997
20
3.040894081788224
42
1
97
1
330

75
0
76
1
47
0.8681437583925616
98
1
10
3.629517071192367
20
33.92795499968543
450
0
451
0
460
0
461
0
452
1
462
1
453
2
463
0
63
5
421
255
463
1
63
7
421
16777215
470
LINEAR
1001
ACAD
1010
0
1020
0
1030
0
  0
CIRCLE
  5
9d9
330
1F
100
AcDbEntity
  8
TopSolderMaskLayer
100
AcDbCircle
 10
60.071145542291106
 20
22.860071120142265
 30
0.0
 40
0.5664484065211015
  0
CIRCLE
  5
9da
330
1F
100
AcDbEntity
  8
TopSolderMaskLayer
100
AcDbCircle
 10
60.07112014224026
 20
22.86004572009142
 30
0.0
 40
0.8754000508001016
0
HATCH
5
9db
100
AcDbEntity
8
TopSolderMaskLayer
100
AcDbHatch
10
0
20
0
30
0
210
0
220
0
230
1
2
SOLID
70
1
71
0
91
1
92
7
72
1
73
1
93
2
10
59.19572009144016
20
22.86004572009142
42
1
10
60.946520193040364
20
22.86004572009142
42
1
97
1
330

75
0
76
1
47
0.8681437583925616
98
1
10
3.629517071192367
20
33.92795499968543
450
0
451
0
460
0
461
0
452
1
462
1
453
2
463
0
63
5
421
255
463
1
63
7
421
16777215
470
LINEAR
1001
ACAD
1010
0
1020
0
1030
0
  0
CIRCLE
  5
9dc
330
1F
100
AcDbEntity
  8
BottomSolderMaskLayer
100
AcDbCircle
 10
60.071145542291106
 20
22.860071120142265
 30
0.0
 40
0.5664484065211015
  0
CIRCLE
  5
9dd
330
1F
100
AcDbEntity
  8
BottomSolderMaskLayer
100
AcDbCircle
 10
60.07112014224026
 20
22.86004572009142
 30
0.0
 40
0.8754000508001016
0
HATCH
5
9de
100
AcDbEntity
8
BottomSolderMaskLayer
100
AcDbHatch
10
0
20
0
30
0
210
0
220
0
230
1
2
SOLID
70
1
71
0
91
1
92
7
72
1
73
1
93
2
10
59.19572009144016
20
22.86004572009142
42
1
10
60.946520193040364
20
22.86004572009142
42
1
97
1
330

75
0
76
1
47
0.8681437583925616
98
1
10
3.629517071192367
20
33.92795499968543
450
0
451
0
460
0
461
0
452
1
462
1
453
2
463
0
63
5
421
255
463
1
63
7
421
16777215
470
LINEAR
1001
ACAD
1010
0
1020
0
1030
0
  0
CIRCLE
  5
9df
330
1F
100
AcDbEntity
  8
Multi-Layer
100
AcDbCircle
 10
60.071145542291106
 20
22.860071120142265
 30
0.0
 40
0.5500127000254001
  0
CIRCLE
  5
9e0
330
1F
100
AcDbEntity
  8
Multi-Layer
100
AcDbCircle
 10
60.07112014224026
 20
22.86004572009142
 30
0.0
 40
0.8500000000000001
0
HATCH
5
9e1
100
AcDbEntity
8
Multi-Layer
100
AcDbHatch
10
0
20
0
30
0
210
0
220
0
230
1
2
SOLID
70
1
71
0
91
1
92
7
72
1
73
1
93
2
10
59.22112014224026
20
22.86004572009142
42
1
10
60.92112014224026
20
22.86004572009142
42
1
97
1
330

75
0
76
1
47
0.8681437583925616
98
1
10
3.629517071192367
20
33.92795499968543
450
0
451
0
460
0
461
0
452
1
462
1
453
2
463
0
63
5
421
255
463
1
63
7
421
16777215
470
LINEAR
1001
ACAD
1010
0
1020
0
1030
0
  0
CIRCLE
  5
9e2
330
1F
100
AcDbEntity
  8
TopSolderMaskLayer
100
AcDbCircle
 10
62.611125222250394
 20
22.860071120142265
 30
0.0
 40
0.5664484065211015
  0
CIRCLE
  5
9e3
330
1F
100
AcDbEntity
  8
TopSolderMaskLayer
100
AcDbCircle
 10
62.611125222250394
 20
22.86004572009142
 30
0.0
 40
0.8754000508001016
0
HATCH
5
9e4
100
AcDbEntity
8
TopSolderMaskLayer
100
AcDbHatch
10
0
20
0
30
0
210
0
220
0
230
1
2
SOLID
70
1
71
0
91
1
92
7
72
1
73
1
93
2
10
61.73572517145029
20
22.86004572009142
42
1
10
63.486525273050496
20
22.86004572009142
42
1
97
1
330

75
0
76
1
47
0.8681437583925616
98
1
10
3.629517071192367
20
33.92795499968543
450
0
451
0
460
0
461
0
452
1
462
1
453
2
463
0
63
5
421
255
463
1
63
7
421
16777215
470
LINEAR
1001
ACAD
1010
0
1020
0
1030
0
  0
CIRCLE
  5
9e5
330
1F
100
AcDbEntity
  8
BottomSolderMaskLayer
100
AcDbCircle
 10
62.611125222250394
 20
22.860071120142265
 30
0.0
 40
0.5664484065211015
  0
CIRCLE
  5
9e6
330
1F
100
AcDbEntity
  8
BottomSolderMaskLayer
100
AcDbCircle
 10
62.611125222250394
 20
22.86004572009142
 30
0.0
 40
0.8754000508001016
0
HATCH
5
9e7
100
AcDbEntity
8
BottomSolderMaskLayer
100
AcDbHatch
10
0
20
0
30
0
210
0
220
0
230
1
2
SOLID
70
1
71
0
91
1
92
7
72
1
73
1
93
2
10
61.73572517145029
20
22.86004572009142
42
1
10
63.486525273050496
20
22.86004572009142
42
1
97
1
330

75
0
76
1
47
0.8681437583925616
98
1
10
3.629517071192367
20
33.92795499968543
450
0
451
0
460
0
461
0
452
1
462
1
453
2
463
0
63
5
421
255
463
1
63
7
421
16777215
470
LINEAR
1001
ACAD
1010
0
1020
0
1030
0
  0
CIRCLE
  5
9e8
330
1F
100
AcDbEntity
  8
Multi-Layer
100
AcDbCircle
 10
62.611125222250394
 20
22.860071120142265
 30
0.0
 40
0.5500127000254001
  0
CIRCLE
  5
9e9
330
1F
100
AcDbEntity
  8
Multi-Layer
100
AcDbCircle
 10
62.611125222250394
 20
22.86004572009142
 30
0.0
 40
0.8500000000000001
0
HATCH
5
9ea
100
AcDbEntity
8
Multi-Layer
100
AcDbHatch
10
0
20
0
30
0
210
0
220
0
230
1
2
SOLID
70
1
71
0
91
1
92
7
72
1
73
1
93
2
10
61.76112522225039
20
22.86004572009142
42
1
10
63.461125222250395
20
22.86004572009142
42
1
97
1
330

75
0
76
1
47
0.8681437583925616
98
1
10
3.629517071192367
20
33.92795499968543
450
0
451
0
460
0
461
0
452
1
462
1
453
2
463
0
63
5
421
255
463
1
63
7
421
16777215
470
LINEAR
1001
ACAD
1010
0
1020
0
1030
0
  0
CIRCLE
  5
9eb
330
1F
100
AcDbEntity
  8
TopSolderMaskLayer
100
AcDbCircle
 10
65.15113030226053
 20
22.860071120142265
 30
0.0
 40
0.5664484065211015
  0
CIRCLE
  5
9ec
330
1F
100
AcDbEntity
  8
TopSolderMaskLayer
100
AcDbCircle
 10
65.15113030226053
 20
22.86004572009142
 30
0.0
 40
0.8754000508001016
0
HATCH
5
9ed
100
AcDbEntity
8
TopSolderMaskLayer
100
AcDbHatch
10
0
20
0
30
0
210
0
220
0
230
1
2
SOLID
70
1
71
0
91
1
92
7
72
1
73
1
93
2
10
64.27573025146043
20
22.86004572009142
42
1
10
66.02653035306062
20
22.86004572009142
42
1
97
1
330

75
0
76
1
47
0.8681437583925616
98
1
10
3.629517071192367
20
33.92795499968543
450
0
451
0
460
0
461
0
452
1
462
1
453
2
463
0
63
5
421
255
463
1
63
7
421
16777215
470
LINEAR
1001
ACAD
1010
0
1020
0
1030
0
  0
CIRCLE
  5
9ee
330
1F
100
AcDbEntity
  8
BottomSolderMaskLayer
100
AcDbCircle
 10
65.15113030226053
 20
22.860071120142265
 30
0.0
 40
0.5664484065211015
  0
CIRCLE
  5
9ef
330
1F
100
AcDbEntity
  8
BottomSolderMaskLayer
100
AcDbCircle
 10
65.15113030226053
 20
22.86004572009142
 30
0.0
 40
0.8754000508001016
0
HATCH
5
9f0
100
AcDbEntity
8
BottomSolderMaskLayer
100
AcDbHatch
10
0
20
0
30
0
210
0
220
0
230
1
2
SOLID
70
1
71
0
91
1
92
7
72
1
73
1
93
2
10
64.27573025146043
20
22.86004572009142
42
1
10
66.02653035306062
20
22.86004572009142
42
1
97
1
330

75
0
76
1
47
0.8681437583925616
98
1
10
3.629517071192367
20
33.92795499968543
450
0
451
0
460
0
461
0
452
1
462
1
453
2
463
0
63
5
421
255
463
1
63
7
421
16777215
470
LINEAR
1001
ACAD
1010
0
1020
0
1030
0
  0
CIRCLE
  5
9f1
330
1F
100
AcDbEntity
  8
Multi-Layer
100
AcDbCircle
 10
65.15113030226053
 20
22.860071120142265
 30
0.0
 40
0.5500127000254001
  0
CIRCLE
  5
9f2
330
1F
100
AcDbEntity
  8
Multi-Layer
100
AcDbCircle
 10
65.15113030226053
 20
22.86004572009142
 30
0.0
 40
0.8500000000000001
0
HATCH
5
9f3
100
AcDbEntity
8
Multi-Layer
100
AcDbHatch
10
0
20
0
30
0
210
0
220
0
230
1
2
SOLID
70
1
71
0
91
1
92
7
72
1
73
1
93
2
10
64.30113030226053
20
22.86004572009142
42
1
10
66.00113030226052
20
22.86004572009142
42
1
97
1
330

75
0
76
1
47
0.8681437583925616
98
1
10
3.629517071192367
20
33.92795499968543
450
0
451
0
460
0
461
0
452
1
462
1
453
2
463
0
63
5
421
255
463
1
63
7
421
16777215
470
LINEAR
1001
ACAD
1010
0
1020
0
1030
0
  0
CIRCLE
  5
9f4
330
1F
100
AcDbEntity
  8
TopSolderMaskLayer
100
AcDbCircle
 10
67.69113538227089
 20
22.860071120142265
 30
0.0
 40
0.5664484065211015
  0
CIRCLE
  5
9f5
330
1F
100
AcDbEntity
  8
TopSolderMaskLayer
100
AcDbCircle
 10
67.69113538227089
 20
22.86004572009142
 30
0.0
 40
0.8754000508001016
0
HATCH
5
9f6
100
AcDbEntity
8
TopSolderMaskLayer
100
AcDbHatch
10
0
20
0
30
0
210
0
220
0
230
1
2
SOLID
70
1
71
0
91
1
92
7
72
1
73
1
93
2
10
66.81573533147079
20
22.86004572009142
42
1
10
68.56653543307098
20
22.86004572009142
42
1
97
1
330

75
0
76
1
47
0.8681437583925616
98
1
10
3.629517071192367
20
33.92795499968543
450
0
451
0
460
0
461
0
452
1
462
1
453
2
463
0
63
5
421
255
463
1
63
7
421
16777215
470
LINEAR
1001
ACAD
1010
0
1020
0
1030
0
  0
CIRCLE
  5
9f7
330
1F
100
AcDbEntity
  8
BottomSolderMaskLayer
100
AcDbCircle
 10
67.69113538227089
 20
22.860071120142265
 30
0.0
 40
0.5664484065211015
  0
CIRCLE
  5
9f8
330
1F
100
AcDbEntity
  8
BottomSolderMaskLayer
100
AcDbCircle
 10
67.69113538227089
 20
22.86004572009142
 30
0.0
 40
0.8754000508001016
0
HATCH
5
9f9
100
AcDbEntity
8
BottomSolderMaskLayer
100
AcDbHatch
10
0
20
0
30
0
210
0
220
0
230
1
2
SOLID
70
1
71
0
91
1
92
7
72
1
73
1
93
2
10
66.81573533147079
20
22.86004572009142
42
1
10
68.56653543307098
20
22.86004572009142
42
1
97
1
330

75
0
76
1
47
0.8681437583925616
98
1
10
3.629517071192367
20
33.92795499968543
450
0
451
0
460
0
461
0
452
1
462
1
453
2
463
0
63
5
421
255
463
1
63
7
421
16777215
470
LINEAR
1001
ACAD
1010
0
1020
0
1030
0
  0
CIRCLE
  5
9fa
330
1F
100
AcDbEntity
  8
Multi-Layer
100
AcDbCircle
 10
67.69113538227089
 20
22.860071120142265
 30
0.0
 40
0.5500127000254001
  0
CIRCLE
  5
9fb
330
1F
100
AcDbEntity
  8
Multi-Layer
100
AcDbCircle
 10
67.69113538227089
 20
22.86004572009142
 30
0.0
 40
0.8500000000000001
0
HATCH
5
9fc
100
AcDbEntity
8
Multi-Layer
100
AcDbHatch
10
0
20
0
30
0
210
0
220
0
230
1
2
SOLID
70
1
71
0
91
1
92
7
72
1
73
1
93
2
10
66.84113538227089
20
22.86004572009142
42
1
10
68.54113538227088
20
22.86004572009142
42
1
97
1
330

75
0
76
1
47
0.8681437583925616
98
1
10
3.629517071192367
20
33.92795499968543
450
0
451
0
460
0
461
0
452
1
462
1
453
2
463
0
63
5
421
255
463
1
63
7
421
16777215
470
LINEAR
1001
ACAD
1010
0
1020
0
1030
0
  0
CIRCLE
  5
9fd
330
1F
100
AcDbEntity
  8
TopSolderMaskLayer
100
AcDbCircle
 10
70.23114046228102
 20
22.860071120142265
 30
0.0
 40
0.5664484065211015
  0
CIRCLE
  5
9fe
330
1F
100
AcDbEntity
  8
TopSolderMaskLayer
100
AcDbCircle
 10
70.23114046228102
 20
22.86004572009142
 30
0.0
 40
0.8754000508001016
0
HATCH
5
9ff
100
AcDbEntity
8
TopSolderMaskLayer
100
AcDbHatch
10
0
20
0
30
0
210
0
220
0
230
1
2
SOLID
70
1
71
0
91
1
92
7
72
1
73
1
93
2
10
69.35574041148092
20
22.86004572009142
42
1
10
71.10654051308111
20
22.86004572009142
42
1
97
1
330

75
0
76
1
47
0.8681437583925616
98
1
10
3.629517071192367
20
33.92795499968543
450
0
451
0
460
0
461
0
452
1
462
1
453
2
463
0
63
5
421
255
463
1
63
7
421
16777215
470
LINEAR
1001
ACAD
1010
0
1020
0
1030
0
  0
CIRCLE
  5
a00
330
1F
100
AcDbEntity
  8
BottomSolderMaskLayer
100
AcDbCircle
 10
70.23114046228102
 20
22.860071120142265
 30
0.0
 40
0.5664484065211015
  0
CIRCLE
  5
a01
330
1F
100
AcDbEntity
  8
BottomSolderMaskLayer
100
AcDbCircle
 10
70.23114046228102
 20
22.86004572009142
 30
0.0
 40
0.8754000508001016
0
HATCH
5
a02
100
AcDbEntity
8
BottomSolderMaskLayer
100
AcDbHatch
10
0
20
0
30
0
210
0
220
0
230
1
2
SOLID
70
1
71
0
91
1
92
7
72
1
73
1
93
2
10
69.35574041148092
20
22.86004572009142
42
1
10
71.10654051308111
20
22.86004572009142
42
1
97
1
330

75
0
76
1
47
0.8681437583925616
98
1
10
3.629517071192367
20
33.92795499968543
450
0
451
0
460
0
461
0
452
1
462
1
453
2
463
0
63
5
421
255
463
1
63
7
421
16777215
470
LINEAR
1001
ACAD
1010
0
1020
0
1030
0
  0
CIRCLE
  5
a03
330
1F
100
AcDbEntity
  8
Multi-Layer
100
AcDbCircle
 10
70.23114046228102
 20
22.860071120142265
 30
0.0
 40
0.5500127000254001
  0
CIRCLE
  5
a04
330
1F
100
AcDbEntity
  8
Multi-Layer
100
AcDbCircle
 10
70.23114046228102
 20
22.86004572009142
 30
0.0
 40
0.8500000000000001
0
HATCH
5
a05
100
AcDbEntity
8
Multi-Layer
100
AcDbHatch
10
0
20
0
30
0
210
0
220
0
230
1
2
SOLID
70
1
71
0
91
1
92
7
72
1
73
1
93
2
10
69.38114046228102
20
22.86004572009142
42
1
10
71.08114046228101
20
22.86004572009142
42
1
97
1
330

75
0
76
1
47
0.8681437583925616
98
1
10
3.629517071192367
20
33.92795499968543
450
0
451
0
460
0
461
0
452
1
462
1
453
2
463
0
63
5
421
255
463
1
63
7
421
16777215
470
LINEAR
1001
ACAD
1010
0
1020
0
1030
0
  0
CIRCLE
  5
a06
330
1F
100
AcDbEntity
  8
TopSolderMaskLayer
100
AcDbCircle
 10
72.77114554229115
 20
22.860071120142265
 30
0.0
 40
0.5664484065211015
  0
CIRCLE
  5
a07
330
1F
100
AcDbEntity
  8
TopSolderMaskLayer
100
AcDbCircle
 10
72.77114554229115
 20
22.86004572009142
 30
0.0
 40
0.8754000508001016
0
HATCH
5
a08
100
AcDbEntity
8
TopSolderMaskLayer
100
AcDbHatch
10
0
20
0
30
0
210
0
220
0
230
1
2
SOLID
70
1
71
0
91
1
92
7
72
1
73
1
93
2
10
71.89574549149106
20
22.86004572009142
42
1
10
73.64654559309125
20
22.86004572009142
42
1
97
1
330

75
0
76
1
47
0.8681437583925616
98
1
10
3.629517071192367
20
33.92795499968543
450
0
451
0
460
0
461
0
452
1
462
1
453
2
463
0
63
5
421
255
463
1
63
7
421
16777215
470
LINEAR
1001
ACAD
1010
0
1020
0
1030
0
  0
CIRCLE
  5
a09
330
1F
100
AcDbEntity
  8
BottomSolderMaskLayer
100
AcDbCircle
 10
72.77114554229115
 20
22.860071120142265
 30
0.0
 40
0.5664484065211015
  0
CIRCLE
  5
a0a
330
1F
100
AcDbEntity
  8
BottomSolderMaskLayer
100
AcDbCircle
 10
72.77114554229115
 20
22.86004572009142
 30
0.0
 40
0.8754000508001016
0
HATCH
5
a0b
100
AcDbEntity
8
BottomSolderMaskLayer
100
AcDbHatch
10
0
20
0
30
0
210
0
220
0
230
1
2
SOLID
70
1
71
0
91
1
92
7
72
1
73
1
93
2
10
71.89574549149106
20
22.86004572009142
42
1
10
73.64654559309125
20
22.86004572009142
42
1
97
1
330

75
0
76
1
47
0.8681437583925616
98
1
10
3.629517071192367
20
33.92795499968543
450
0
451
0
460
0
461
0
452
1
462
1
453
2
463
0
63
5
421
255
463
1
63
7
421
16777215
470
LINEAR
1001
ACAD
1010
0
1020
0
1030
0
  0
CIRCLE
  5
a0c
330
1F
100
AcDbEntity
  8
Multi-Layer
100
AcDbCircle
 10
72.77114554229115
 20
22.860071120142265
 30
0.0
 40
0.5500127000254001
  0
CIRCLE
  5
a0d
330
1F
100
AcDbEntity
  8
Multi-Layer
100
AcDbCircle
 10
72.77114554229115
 20
22.86004572009142
 30
0.0
 40
0.8500000000000001
0
HATCH
5
a0e
100
AcDbEntity
8
Multi-Layer
100
AcDbHatch
10
0
20
0
30
0
210
0
220
0
230
1
2
SOLID
70
1
71
0
91
1
92
7
72
1
73
1
93
2
10
71.92114554229116
20
22.86004572009142
42
1
10
73.62114554229115
20
22.86004572009142
42
1
97
1
330

75
0
76
1
47
0.8681437583925616
98
1
10
3.629517071192367
20
33.92795499968543
450
0
451
0
460
0
461
0
452
1
462
1
453
2
463
0
63
5
421
255
463
1
63
7
421
16777215
470
LINEAR
1001
ACAD
1010
0
1020
0
1030
0
  0
CIRCLE
  5
a0f
330
1F
100
AcDbEntity
  8
TopSolderMaskLayer
100
AcDbCircle
 10
75.31112522225044
 20
22.860071120142265
 30
0.0
 40
0.5664484065211015
  0
CIRCLE
  5
a10
330
1F
100
AcDbEntity
  8
TopSolderMaskLayer
100
AcDbCircle
 10
75.31115062230128
 20
22.86004572009142
 30
0.0
 40
0.8754000508001016
0
HATCH
5
a11
100
AcDbEntity
8
TopSolderMaskLayer
100
AcDbHatch
10
0
20
0
30
0
210
0
220
0
230
1
2
SOLID
70
1
71
0
91
1
92
7
72
1
73
1
93
2
10
74.43575057150119
20
22.86004572009142
42
1
10
76.18655067310138
20
22.86004572009142
42
1
97
1
330

75
0
76
1
47
0.8681437583925616
98
1
10
3.629517071192367
20
33.92795499968543
450
0
451
0
460
0
461
0
452
1
462
1
453
2
463
0
63
5
421
255
463
1
63
7
421
16777215
470
LINEAR
1001
ACAD
1010
0
1020
0
1030
0
  0
CIRCLE
  5
a12
330
1F
100
AcDbEntity
  8
BottomSolderMaskLayer
100
AcDbCircle
 10
75.31112522225044
 20
22.860071120142265
 30
0.0
 40
0.5664484065211015
  0
CIRCLE
  5
a13
330
1F
100
AcDbEntity
  8
BottomSolderMaskLayer
100
AcDbCircle
 10
75.31115062230128
 20
22.86004572009142
 30
0.0
 40
0.8754000508001016
0
HATCH
5
a14
100
AcDbEntity
8
BottomSolderMaskLayer
100
AcDbHatch
10
0
20
0
30
0
210
0
220
0
230
1
2
SOLID
70
1
71
0
91
1
92
7
72
1
73
1
93
2
10
74.43575057150119
20
22.86004572009142
42
1
10
76.18655067310138
20
22.86004572009142
42
1
97
1
330

75
0
76
1
47
0.8681437583925616
98
1
10
3.629517071192367
20
33.92795499968543
450
0
451
0
460
0
461
0
452
1
462
1
453
2
463
0
63
5
421
255
463
1
63
7
421
16777215
470
LINEAR
1001
ACAD
1010
0
1020
0
1030
0
  0
CIRCLE
  5
a15
330
1F
100
AcDbEntity
  8
Multi-Layer
100
AcDbCircle
 10
75.31112522225044
 20
22.860071120142265
 30
0.0
 40
0.5500127000254001
  0
CIRCLE
  5
a16
330
1F
100
AcDbEntity
  8
Multi-Layer
100
AcDbCircle
 10
75.31115062230128
 20
22.86004572009142
 30
0.0
 40
0.8500000000000001
0
HATCH
5
a17
100
AcDbEntity
8
Multi-Layer
100
AcDbHatch
10
0
20
0
30
0
210
0
220
0
230
1
2
SOLID
70
1
71
0
91
1
92
7
72
1
73
1
93
2
10
74.46115062230129
20
22.86004572009142
42
1
10
76.16115062230128
20
22.86004572009142
42
1
97
1
330

75
0
76
1
47
0.8681437583925616
98
1
10
3.629517071192367
20
33.92795499968543
450
0
451
0
460
0
461
0
452
1
462
1
453
2
463
0
63
5
421
255
463
1
63
7
421
16777215
470
LINEAR
1001
ACAD
1010
0
1020
0
1030
0
  0
CIRCLE
  5
a18
330
1F
100
AcDbEntity
  8
TopSolderMaskLayer
100
AcDbCircle
 10
77.85113030226057
 20
22.860071120142265
 30
0.0
 40
0.5664484065211015
  0
CIRCLE
  5
a19
330
1F
100
AcDbEntity
  8
TopSolderMaskLayer
100
AcDbCircle
 10
77.85115570231142
 20
22.86004572009142
 30
0.0
 40
0.8754000508001016
0
HATCH
5
a1a
100
AcDbEntity
8
TopSolderMaskLayer
100
AcDbHatch
10
0
20
0
30
0
210
0
220
0
230
1
2
SOLID
70
1
71
0
91
1
92
7
72
1
73
1
93
2
10
76.97575565151132
20
22.86004572009142
42
1
10
78.72655575311151
20
22.86004572009142
42
1
97
1
330

75
0
76
1
47
0.8681437583925616
98
1
10
3.629517071192367
20
33.92795499968543
450
0
451
0
460
0
461
0
452
1
462
1
453
2
463
0
63
5
421
255
463
1
63
7
421
16777215
470
LINEAR
1001
ACAD
1010
0
1020
0
1030
0
  0
CIRCLE
  5
a1b
330
1F
100
AcDbEntity
  8
BottomSolderMaskLayer
100
AcDbCircle
 10
77.85113030226057
 20
22.860071120142265
 30
0.0
 40
0.5664484065211015
  0
CIRCLE
  5
a1c
330
1F
100
AcDbEntity
  8
BottomSolderMaskLayer
100
AcDbCircle
 10
77.85115570231142
 20
22.86004572009142
 30
0.0
 40
0.8754000508001016
0
HATCH
5
a1d
100
AcDbEntity
8
BottomSolderMaskLayer
100
AcDbHatch
10
0
20
0
30
0
210
0
220
0
230
1
2
SOLID
70
1
71
0
91
1
92
7
72
1
73
1
93
2
10
76.97575565151132
20
22.86004572009142
42
1
10
78.72655575311151
20
22.86004572009142
42
1
97
1
330

75
0
76
1
47
0.8681437583925616
98
1
10
3.629517071192367
20
33.92795499968543
450
0
451
0
460
0
461
0
452
1
462
1
453
2
463
0
63
5
421
255
463
1
63
7
421
16777215
470
LINEAR
1001
ACAD
1010
0
1020
0
1030
0
  0
CIRCLE
  5
a1e
330
1F
100
AcDbEntity
  8
Multi-Layer
100
AcDbCircle
 10
77.85113030226057
 20
22.860071120142265
 30
0.0
 40
0.5500127000254001
  0
CIRCLE
  5
a1f
330
1F
100
AcDbEntity
  8
Multi-Layer
100
AcDbCircle
 10
77.85115570231142
 20
22.86004572009142
 30
0.0
 40
0.8500000000000001
0
HATCH
5
a20
100
AcDbEntity
8
Multi-Layer
100
AcDbHatch
10
0
20
0
30
0
210
0
220
0
230
1
2
SOLID
70
1
71
0
91
1
92
7
72
1
73
1
93
2
10
77.00115570231142
20
22.86004572009142
42
1
10
78.70115570231141
20
22.86004572009142
42
1
97
1
330

75
0
76
1
47
0.8681437583925616
98
1
10
3.629517071192367
20
33.92795499968543
450
0
451
0
460
0
461
0
452
1
462
1
453
2
463
0
63
5
421
255
463
1
63
7
421
16777215
470
LINEAR
1001
ACAD
1010
0
1020
0
1030
0
  0
CIRCLE
  5
a21
330
1F
100
AcDbEntity
  8
TopSolderMaskLayer
100
AcDbCircle
 10
80.3911353822707
 20
22.860071120142265
 30
0.0
 40
0.5664484065211015
  0
CIRCLE
  5
a22
330
1F
100
AcDbEntity
  8
TopSolderMaskLayer
100
AcDbCircle
 10
80.39116078232155
 20
22.86004572009142
 30
0.0
 40
0.8754000508001016
0
HATCH
5
a23
100
AcDbEntity
8
TopSolderMaskLayer
100
AcDbHatch
10
0
20
0
30
0
210
0
220
0
230
1
2
SOLID
70
1
71
0
91
1
92
7
72
1
73
1
93
2
10
79.51576073152145
20
22.86004572009142
42
1
10
81.26656083312164
20
22.86004572009142
42
1
97
1
330

75
0
76
1
47
0.8681437583925616
98
1
10
3.629517071192367
20
33.92795499968543
450
0
451
0
460
0
461
0
452
1
462
1
453
2
463
0
63
5
421
255
463
1
63
7
421
16777215
470
LINEAR
1001
ACAD
1010
0
1020
0
1030
0
  0
CIRCLE
  5
a24
330
1F
100
AcDbEntity
  8
BottomSolderMaskLayer
100
AcDbCircle
 10
80.3911353822707
 20
22.860071120142265
 30
0.0
 40
0.5664484065211015
  0
CIRCLE
  5
a25
330
1F
100
AcDbEntity
  8
BottomSolderMaskLayer
100
AcDbCircle
 10
80.39116078232155
 20
22.86004572009142
 30
0.0
 40
0.8754000508001016
0
HATCH
5
a26
100
AcDbEntity
8
BottomSolderMaskLayer
100
AcDbHatch
10
0
20
0
30
0
210
0
220
0
230
1
2
SOLID
70
1
71
0
91
1
92
7
72
1
73
1
93
2
10
79.51576073152145
20
22.86004572009142
42
1
10
81.26656083312164
20
22.86004572009142
42
1
97
1
330

75
0
76
1
47
0.8681437583925616
98
1
10
3.629517071192367
20
33.92795499968543
450
0
451
0
460
0
461
0
452
1
462
1
453
2
463
0
63
5
421
255
463
1
63
7
421
16777215
470
LINEAR
1001
ACAD
1010
0
1020
0
1030
0
  0
CIRCLE
  5
a27
330
1F
100
AcDbEntity
  8
Multi-Layer
100
AcDbCircle
 10
80.3911353822707
 20
22.860071120142265
 30
0.0
 40
0.5500127000254001
  0
CIRCLE
  5
a28
330
1F
100
AcDbEntity
  8
Multi-Layer
100
AcDbCircle
 10
80.39116078232155
 20
22.86004572009142
 30
0.0
 40
0.8500000000000001
0
HATCH
5
a29
100
AcDbEntity
8
Multi-Layer
100
AcDbHatch
10
0
20
0
30
0
210
0
220
0
230
1
2
SOLID
70
1
71
0
91
1
92
7
72
1
73
1
93
2
10
79.54116078232155
20
22.86004572009142
42
1
10
81.24116078232154
20
22.86004572009142
42
1
97
1
330

75
0
76
1
47
0.8681437583925616
98
1
10
3.629517071192367
20
33.92795499968543
450
0
451
0
460
0
461
0
452
1
462
1
453
2
463
0
63
5
421
255
463
1
63
7
421
16777215
470
LINEAR
1001
ACAD
1010
0
1020
0
1030
0
  0
CIRCLE
  5
a2a
330
1F
100
AcDbEntity
  8
TopSolderMaskLayer
100
AcDbCircle
 10
82.93114046228084
 20
22.860071120142265
 30
0.0
 40
0.5664484065211015
  0
CIRCLE
  5
a2b
330
1F
100
AcDbEntity
  8
TopSolderMaskLayer
100
AcDbCircle
 10
82.93116586233168
 20
22.86004572009142
 30
0.0
 40
0.8754000508001016
0
HATCH
5
a2c
100
AcDbEntity
8
TopSolderMaskLayer
100
AcDbHatch
10
0
20
0
30
0
210
0
220
0
230
1
2
SOLID
70
1
71
0
91
1
92
7
72
1
73
1
93
2
10
82.05576581153159
20
22.86004572009142
42
1
10
83.80656591313178
20
22.86004572009142
42
1
97
1
330

75
0
76
1
47
0.8681437583925616
98
1
10
3.629517071192367
20
33.92795499968543
450
0
451
0
460
0
461
0
452
1
462
1
453
2
463
0
63
5
421
255
463
1
63
7
421
16777215
470
LINEAR
1001
ACAD
1010
0
1020
0
1030
0
  0
CIRCLE
  5
a2d
330
1F
100
AcDbEntity
  8
BottomSolderMaskLayer
100
AcDbCircle
 10
82.93114046228084
 20
22.860071120142265
 30
0.0
 40
0.5664484065211015
  0
CIRCLE
  5
a2e
330
1F
100
AcDbEntity
  8
BottomSolderMaskLayer
100
AcDbCircle
 10
82.93116586233168
 20
22.86004572009142
 30
0.0
 40
0.8754000508001016
0
HATCH
5
a2f
100
AcDbEntity
8
BottomSolderMaskLayer
100
AcDbHatch
10
0
20
0
30
0
210
0
220
0
230
1
2
SOLID
70
1
71
0
91
1
92
7
72
1
73
1
93
2
10
82.05576581153159
20
22.86004572009142
42
1
10
83.80656591313178
20
22.86004572009142
42
1
97
1
330

75
0
76
1
47
0.8681437583925616
98
1
10
3.629517071192367
20
33.92795499968543
450
0
451
0
460
0
461
0
452
1
462
1
453
2
463
0
63
5
421
255
463
1
63
7
421
16777215
470
LINEAR
1001
ACAD
1010
0
1020
0
1030
0
  0
CIRCLE
  5
a30
330
1F
100
AcDbEntity
  8
Multi-Layer
100
AcDbCircle
 10
82.93114046228084
 20
22.860071120142265
 30
0.0
 40
0.5500127000254001
  0
CIRCLE
  5
a31
330
1F
100
AcDbEntity
  8
Multi-Layer
100
AcDbCircle
 10
82.93116586233168
 20
22.86004572009142
 30
0.0
 40
0.8500000000000001
0
HATCH
5
a32
100
AcDbEntity
8
Multi-Layer
100
AcDbHatch
10
0
20
0
30
0
210
0
220
0
230
1
2
SOLID
70
1
71
0
91
1
92
7
72
1
73
1
93
2
10
82.08116586233169
20
22.86004572009142
42
1
10
83.78116586233168
20
22.86004572009142
42
1
97
1
330

75
0
76
1
47
0.8681437583925616
98
1
10
3.629517071192367
20
33.92795499968543
450
0
451
0
460
0
461
0
452
1
462
1
453
2
463
0
63
5
421
255
463
1
63
7
421
16777215
470
LINEAR
1001
ACAD
1010
0
1020
0
1030
0
  0
CIRCLE
  5
a33
330
1F
100
AcDbEntity
  8
TopSolderMaskLayer
100
AcDbCircle
 10
85.47114554229097
 20
22.860071120142265
 30
0.0
 40
0.5664484065211015
  0
CIRCLE
  5
a34
330
1F
100
AcDbEntity
  8
TopSolderMaskLayer
100
AcDbCircle
 10
85.47117094234181
 20
22.86004572009142
 30
0.0
 40
0.8754000508001016
0
HATCH
5
a35
100
AcDbEntity
8
TopSolderMaskLayer
100
AcDbHatch
10
0
20
0
30
0
210
0
220
0
230
1
2
SOLID
70
1
71
0
91
1
92
7
72
1
73
1
93
2
10
84.59577089154172
20
22.86004572009142
42
1
10
86.34657099314191
20
22.86004572009142
42
1
97
1
330

75
0
76
1
47
0.8681437583925616
98
1
10
3.629517071192367
20
33.92795499968543
450
0
451
0
460
0
461
0
452
1
462
1
453
2
463
0
63
5
421
255
463
1
63
7
421
16777215
470
LINEAR
1001
ACAD
1010
0
1020
0
1030
0
  0
CIRCLE
  5
a36
330
1F
100
AcDbEntity
  8
BottomSolderMaskLayer
100
AcDbCircle
 10
85.47114554229097
 20
22.860071120142265
 30
0.0
 40
0.5664484065211015
  0
CIRCLE
  5
a37
330
1F
100
AcDbEntity
  8
BottomSolderMaskLayer
100
AcDbCircle
 10
85.47117094234181
 20
22.86004572009142
 30
0.0
 40
0.8754000508001016
0
HATCH
5
a38
100
AcDbEntity
8
BottomSolderMaskLayer
100
AcDbHatch
10
0
20
0
30
0
210
0
220
0
230
1
2
SOLID
70
1
71
0
91
1
92
7
72
1
73
1
93
2
10
84.59577089154172
20
22.86004572009142
42
1
10
86.34657099314191
20
22.86004572009142
42
1
97
1
330

75
0
76
1
47
0.8681437583925616
98
1
10
3.629517071192367
20
33.92795499968543
450
0
451
0
460
0
461
0
452
1
462
1
453
2
463
0
63
5
421
255
463
1
63
7
421
16777215
470
LINEAR
1001
ACAD
1010
0
1020
0
1030
0
  0
CIRCLE
  5
a39
330
1F
100
AcDbEntity
  8
Multi-Layer
100
AcDbCircle
 10
85.47114554229097
 20
22.860071120142265
 30
0.0
 40
0.5500127000254001
  0
CIRCLE
  5
a3a
330
1F
100
AcDbEntity
  8
Multi-Layer
100
AcDbCircle
 10
85.47117094234181
 20
22.86004572009142
 30
0.0
 40
0.8500000000000001
0
HATCH
5
a3b
100
AcDbEntity
8
Multi-Layer
100
AcDbHatch
10
0
20
0
30
0
210
0
220
0
230
1
2
SOLID
70
1
71
0
91
1
92
7
72
1
73
1
93
2
10
84.62117094234182
20
22.86004572009142
42
1
10
86.32117094234181
20
22.86004572009142
42
1
97
1
330

75
0
76
1
47
0.8681437583925616
98
1
10
3.629517071192367
20
33.92795499968543
450
0
451
0
460
0
461
0
452
1
462
1
453
2
463
0
63
5
421
255
463
1
63
7
421
16777215
470
LINEAR
1001
ACAD
1010
0
1020
0
1030
0
  0
CIRCLE
  5
a3c
330
1F
100
AcDbEntity
  8
TopSolderMaskLayer
100
AcDbCircle
 10
88.01112522225026
 20
22.860071120142265
 30
0.0
 40
0.5664484065211015
  0
CIRCLE
  5
a3d
330
1F
100
AcDbEntity
  8
TopSolderMaskLayer
100
AcDbCircle
 10
88.01117602235217
 20
22.86004572009142
 30
0.0
 40
0.8754000508001016
0
HATCH
5
a3e
100
AcDbEntity
8
TopSolderMaskLayer
100
AcDbHatch
10
0
20
0
30
0
210
0
220
0
230
1
2
SOLID
70
1
71
0
91
1
92
7
72
1
73
1
93
2
10
87.13577597155208
20
22.86004572009142
42
1
10
88.88657607315227
20
22.86004572009142
42
1
97
1
330

75
0
76
1
47
0.8681437583925616
98
1
10
3.629517071192367
20
33.92795499968543
450
0
451
0
460
0
461
0
452
1
462
1
453
2
463
0
63
5
421
255
463
1
63
7
421
16777215
470
LINEAR
1001
ACAD
1010
0
1020
0
1030
0
  0
CIRCLE
  5
a3f
330
1F
100
AcDbEntity
  8
BottomSolderMaskLayer
100
AcDbCircle
 10
88.01112522225026
 20
22.860071120142265
 30
0.0
 40
0.5664484065211015
  0
CIRCLE
  5
a40
330
1F
100
AcDbEntity
  8
BottomSolderMaskLayer
100
AcDbCircle
 10
88.01117602235217
 20
22.86004572009142
 30
0.0
 40
0.8754000508001016
0
HATCH
5
a41
100
AcDbEntity
8
BottomSolderMaskLayer
100
AcDbHatch
10
0
20
0
30
0
210
0
220
0
230
1
2
SOLID
70
1
71
0
91
1
92
7
72
1
73
1
93
2
10
87.13577597155208
20
22.86004572009142
42
1
10
88.88657607315227
20
22.86004572009142
42
1
97
1
330

75
0
76
1
47
0.8681437583925616
98
1
10
3.629517071192367
20
33.92795499968543
450
0
451
0
460
0
461
0
452
1
462
1
453
2
463
0
63
5
421
255
463
1
63
7
421
16777215
470
LINEAR
1001
ACAD
1010
0
1020
0
1030
0
  0
CIRCLE
  5
a42
330
1F
100
AcDbEntity
  8
Multi-Layer
100
AcDbCircle
 10
88.01112522225026
 20
22.860071120142265
 30
0.0
 40
0.5500127000254001
  0
CIRCLE
  5
a43
330
1F
100
AcDbEntity
  8
Multi-Layer
100
AcDbCircle
 10
88.01117602235217
 20
22.86004572009142
 30
0.0
 40
0.8500000000000001
0
HATCH
5
a44
100
AcDbEntity
8
Multi-Layer
100
AcDbHatch
10
0
20
0
30
0
210
0
220
0
230
1
2
SOLID
70
1
71
0
91
1
92
7
72
1
73
1
93
2
10
87.16117602235218
20
22.86004572009142
42
1
10
88.86117602235217
20
22.86004572009142
42
1
97
1
330

75
0
76
1
47
0.8681437583925616
98
1
10
3.629517071192367
20
33.92795499968543
450
0
451
0
460
0
461
0
452
1
462
1
453
2
463
0
63
5
421
255
463
1
63
7
421
16777215
470
LINEAR
1001
ACAD
1010
0
1020
0
1030
0
  0
CIRCLE
  5
a45
330
1F
100
AcDbEntity
  8
TopSolderMaskLayer
100
AcDbCircle
 10
90.55113030226062
 20
22.860071120142265
 30
0.0
 40
0.5664484065211015
  0
CIRCLE
  5
a46
330
1F
100
AcDbEntity
  8
TopSolderMaskLayer
100
AcDbCircle
 10
90.5511811023623
 20
22.86004572009142
 30
0.0
 40
0.8754000508001016
0
HATCH
5
a47
100
AcDbEntity
8
TopSolderMaskLayer
100
AcDbHatch
10
0
20
0
30
0
210
0
220
0
230
1
2
SOLID
70
1
71
0
91
1
92
7
72
1
73
1
93
2
10
89.67578105156221
20
22.86004572009142
42
1
10
91.4265811531624
20
22.86004572009142
42
1
97
1
330

75
0
76
1
47
0.8681437583925616
98
1
10
3.629517071192367
20
33.92795499968543
450
0
451
0
460
0
461
0
452
1
462
1
453
2
463
0
63
5
421
255
463
1
63
7
421
16777215
470
LINEAR
1001
ACAD
1010
0
1020
0
1030
0
  0
CIRCLE
  5
a48
330
1F
100
AcDbEntity
  8
BottomSolderMaskLayer
100
AcDbCircle
 10
90.55113030226062
 20
22.860071120142265
 30
0.0
 40
0.5664484065211015
  0
CIRCLE
  5
a49
330
1F
100
AcDbEntity
  8
BottomSolderMaskLayer
100
AcDbCircle
 10
90.5511811023623
 20
22.86004572009142
 30
0.0
 40
0.8754000508001016
0
HATCH
5
a4a
100
AcDbEntity
8
BottomSolderMaskLayer
100
AcDbHatch
10
0
20
0
30
0
210
0
220
0
230
1
2
SOLID
70
1
71
0
91
1
92
7
72
1
73
1
93
2
10
89.67578105156221
20
22.86004572009142
42
1
10
91.4265811531624
20
22.86004572009142
42
1
97
1
330

75
0
76
1
47
0.8681437583925616
98
1
10
3.629517071192367
20
33.92795499968543
450
0
451
0
460
0
461
0
452
1
462
1
453
2
463
0
63
5
421
255
463
1
63
7
421
16777215
470
LINEAR
1001
ACAD
1010
0
1020
0
1030
0
  0
CIRCLE
  5
a4b
330
1F
100
AcDbEntity
  8
Multi-Layer
100
AcDbCircle
 10
90.55113030226062
 20
22.860071120142265
 30
0.0
 40
0.5500127000254001
  0
CIRCLE
  5
a4c
330
1F
100
AcDbEntity
  8
Multi-Layer
100
AcDbCircle
 10
90.5511811023623
 20
22.86004572009142
 30
0.0
 40
0.8500000000000001
0
HATCH
5
a4d
100
AcDbEntity
8
Multi-Layer
100
AcDbHatch
10
0
20
0
30
0
210
0
220
0
230
1
2
SOLID
70
1
71
0
91
1
92
7
72
1
73
1
93
2
10
89.70118110236231
20
22.86004572009142
42
1
10
91.4011811023623
20
22.86004572009142
42
1
97
1
330

75
0
76
1
47
0.8681437583925616
98
1
10
3.629517071192367
20
33.92795499968543
450
0
451
0
460
0
461
0
452
1
462
1
453
2
463
0
63
5
421
255
463
1
63
7
421
16777215
470
LINEAR
1001
ACAD
1010
0
1020
0
1030
0
  0
CIRCLE
  5
a4e
330
1F
100
AcDbEntity
  8
TopSolderMaskLayer
100
AcDbCircle
 10
93.09113538227075
 20
22.860071120142265
 30
0.0
 40
0.5664484065211015
  0
CIRCLE
  5
a4f
330
1F
100
AcDbEntity
  8
TopSolderMaskLayer
100
AcDbCircle
 10
93.09118618237244
 20
22.86004572009142
 30
0.0
 40
0.8754000508001016
0
HATCH
5
a50
100
AcDbEntity
8
TopSolderMaskLayer
100
AcDbHatch
10
0
20
0
30
0
210
0
220
0
230
1
2
SOLID
70
1
71
0
91
1
92
7
72
1
73
1
93
2
10
92.21578613157234
20
22.86004572009142
42
1
10
93.96658623317254
20
22.86004572009142
42
1
97
1
330

75
0
76
1
47
0.8681437583925616
98
1
10
3.629517071192367
20
33.92795499968543
450
0
451
0
460
0
461
0
452
1
462
1
453
2
463
0
63
5
421
255
463
1
63
7
421
16777215
470
LINEAR
1001
ACAD
1010
0
1020
0
1030
0
  0
CIRCLE
  5
a51
330
1F
100
AcDbEntity
  8
BottomSolderMaskLayer
100
AcDbCircle
 10
93.09113538227075
 20
22.860071120142265
 30
0.0
 40
0.5664484065211015
  0
CIRCLE
  5
a52
330
1F
100
AcDbEntity
  8
BottomSolderMaskLayer
100
AcDbCircle
 10
93.09118618237244
 20
22.86004572009142
 30
0.0
 40
0.8754000508001016
0
HATCH
5
a53
100
AcDbEntity
8
BottomSolderMaskLayer
100
AcDbHatch
10
0
20
0
30
0
210
0
220
0
230
1
2
SOLID
70
1
71
0
91
1
92
7
72
1
73
1
93
2
10
92.21578613157234
20
22.86004572009142
42
1
10
93.96658623317254
20
22.86004572009142
42
1
97
1
330

75
0
76
1
47
0.8681437583925616
98
1
10
3.629517071192367
20
33.92795499968543
450
0
451
0
460
0
461
0
452
1
462
1
453
2
463
0
63
5
421
255
463
1
63
7
421
16777215
470
LINEAR
1001
ACAD
1010
0
1020
0
1030
0
  0
CIRCLE
  5
a54
330
1F
100
AcDbEntity
  8
Multi-Layer
100
AcDbCircle
 10
93.09113538227075
 20
22.860071120142265
 30
0.0
 40
0.5500127000254001
  0
CIRCLE
  5
a55
330
1F
100
AcDbEntity
  8
Multi-Layer
100
AcDbCircle
 10
93.09118618237244
 20
22.86004572009142
 30
0.0
 40
0.8500000000000001
0
HATCH
5
a56
100
AcDbEntity
8
Multi-Layer
100
AcDbHatch
10
0
20
0
30
0
210
0
220
0
230
1
2
SOLID
70
1
71
0
91
1
92
7
72
1
73
1
93
2
10
92.24118618237245
20
22.86004572009142
42
1
10
93.94118618237243
20
22.86004572009142
42
1
97
1
330

75
0
76
1
47
0.8681437583925616
98
1
10
3.629517071192367
20
33.92795499968543
450
0
451
0
460
0
461
0
452
1
462
1
453
2
463
0
63
5
421
255
463
1
63
7
421
16777215
470
LINEAR
1001
ACAD
1010
0
1020
0
1030
0
  0
CIRCLE
  5
a57
330
1F
100
AcDbEntity
  8
TopSolderMaskLayer
100
AcDbCircle
 10
95.63114046228088
 20
22.860071120142265
 30
0.0
 40
0.5664484065211015
  0
CIRCLE
  5
a58
330
1F
100
AcDbEntity
  8
TopSolderMaskLayer
100
AcDbCircle
 10
95.63119126238257
 20
22.86004572009142
 30
0.0
 40
0.8754000508001016
0
HATCH
5
a59
100
AcDbEntity
8
TopSolderMaskLayer
100
AcDbHatch
10
0
20
0
30
0
210
0
220
0
230
1
2
SOLID
70
1
71
0
91
1
92
7
72
1
73
1
93
2
10
94.75579121158248
20
22.86004572009142
42
1
10
96.50659131318267
20
22.86004572009142
42
1
97
1
330

75
0
76
1
47
0.8681437583925616
98
1
10
3.629517071192367
20
33.92795499968543
450
0
451
0
460
0
461
0
452
1
462
1
453
2
463
0
63
5
421
255
463
1
63
7
421
16777215
470
LINEAR
1001
ACAD
1010
0
1020
0
1030
0
  0
CIRCLE
  5
a5a
330
1F
100
AcDbEntity
  8
BottomSolderMaskLayer
100
AcDbCircle
 10
95.63114046228088
 20
22.860071120142265
 30
0.0
 40
0.5664484065211015
  0
CIRCLE
  5
a5b
330
1F
100
AcDbEntity
  8
BottomSolderMaskLayer
100
AcDbCircle
 10
95.63119126238257
 20
22.86004572009142
 30
0.0
 40
0.8754000508001016
0
HATCH
5
a5c
100
AcDbEntity
8
BottomSolderMaskLayer
100
AcDbHatch
10
0
20
0
30
0
210
0
220
0
230
1
2
SOLID
70
1
71
0
91
1
92
7
72
1
73
1
93
2
10
94.75579121158248
20
22.86004572009142
42
1
10
96.50659131318267
20
22.86004572009142
42
1
97
1
330

75
0
76
1
47
0.8681437583925616
98
1
10
3.629517071192367
20
33.92795499968543
450
0
451
0
460
0
461
0
452
1
462
1
453
2
463
0
63
5
421
255
463
1
63
7
421
16777215
470
LINEAR
1001
ACAD
1010
0
1020
0
1030
0
  0
CIRCLE
  5
a5d
330
1F
100
AcDbEntity
  8
Multi-Layer
100
AcDbCircle
 10
95.63114046228088
 20
22.860071120142265
 30
0.0
 40
0.5500127000254001
  0
CIRCLE
  5
a5e
330
1F
100
AcDbEntity
  8
Multi-Layer
100
AcDbCircle
 10
95.63119126238257
 20
22.86004572009142
 30
0.0
 40
0.8500000000000001
0
HATCH
5
a5f
100
AcDbEntity
8
Multi-Layer
100
AcDbHatch
10
0
20
0
30
0
210
0
220
0
230
1
2
SOLID
70
1
71
0
91
1
92
7
72
1
73
1
93
2
10
94.78119126238258
20
22.86004572009142
42
1
10
96.48119126238257
20
22.86004572009142
42
1
97
1
330

75
0
76
1
47
0.8681437583925616
98
1
10
3.629517071192367
20
33.92795499968543
450
0
451
0
460
0
461
0
452
1
462
1
453
2
463
0
63
5
421
255
463
1
63
7
421
16777215
470
LINEAR
1001
ACAD
1010
0
1020
0
1030
0
  0
CIRCLE
  5
a60
330
1F
100
AcDbEntity
  8
TopSolderMaskLayer
100
AcDbCircle
 10
95.63114046228088
 20
45.72006604013211
 30
0.0
 40
0.5664484065211015
  0
CIRCLE
  5
a61
330
1F
100
AcDbEntity
  8
TopSolderMaskLayer
100
AcDbCircle
 10
95.63119126238257
 20
45.720091440182955
 30
0.0
 40
0.8754000508001016
0
HATCH
5
a62
100
AcDbEntity
8
TopSolderMaskLayer
100
AcDbHatch
10
0
20
0
30
0
210
0
220
0
230
1
2
SOLID
70
1
71
0
91
1
92
7
72
1
73
1
93
2
10
94.75579121158248
20
45.720091440182955
42
1
10
96.50659131318267
20
45.720091440182955
42
1
97
1
330

75
0
76
1
47
0.8681437583925616
98
1
10
3.629517071192367
20
33.92795499968543
450
0
451
0
460
0
461
0
452
1
462
1
453
2
463
0
63
5
421
255
463
1
63
7
421
16777215
470
LINEAR
1001
ACAD
1010
0
1020
0
1030
0
  0
CIRCLE
  5
a63
330
1F
100
AcDbEntity
  8
BottomSolderMaskLayer
100
AcDbCircle
 10
95.63114046228088
 20
45.72006604013211
 30
0.0
 40
0.5664484065211015
  0
CIRCLE
  5
a64
330
1F
100
AcDbEntity
  8
BottomSolderMaskLayer
100
AcDbCircle
 10
95.63119126238257
 20
45.720091440182955
 30
0.0
 40
0.8754000508001016
0
HATCH
5
a65
100
AcDbEntity
8
BottomSolderMaskLayer
100
AcDbHatch
10
0
20
0
30
0
210
0
220
0
230
1
2
SOLID
70
1
71
0
91
1
92
7
72
1
73
1
93
2
10
94.75579121158248
20
45.720091440182955
42
1
10
96.50659131318267
20
45.720091440182955
42
1
97
1
330

75
0
76
1
47
0.8681437583925616
98
1
10
3.629517071192367
20
33.92795499968543
450
0
451
0
460
0
461
0
452
1
462
1
453
2
463
0
63
5
421
255
463
1
63
7
421
16777215
470
LINEAR
1001
ACAD
1010
0
1020
0
1030
0
  0
CIRCLE
  5
a66
330
1F
100
AcDbEntity
  8
Multi-Layer
100
AcDbCircle
 10
95.63114046228088
 20
45.72006604013211
 30
0.0
 40
0.5500127000254001
  0
CIRCLE
  5
a67
330
1F
100
AcDbEntity
  8
Multi-Layer
100
AcDbCircle
 10
95.63119126238257
 20
45.720091440182955
 30
0.0
 40
0.8500000000000001
0
HATCH
5
a68
100
AcDbEntity
8
Multi-Layer
100
AcDbHatch
10
0
20
0
30
0
210
0
220
0
230
1
2
SOLID
70
1
71
0
91
1
92
7
72
1
73
1
93
2
10
94.78119126238258
20
45.720091440182955
42
1
10
96.48119126238257
20
45.720091440182955
42
1
97
1
330

75
0
76
1
47
0.8681437583925616
98
1
10
3.629517071192367
20
33.92795499968543
450
0
451
0
460
0
461
0
452
1
462
1
453
2
463
0
63
5
421
255
463
1
63
7
421
16777215
470
LINEAR
1001
ACAD
1010
0
1020
0
1030
0
  0
CIRCLE
  5
a69
330
1F
100
AcDbEntity
  8
TopSolderMaskLayer
100
AcDbCircle
 10
93.09113538227075
 20
45.72006604013211
 30
0.0
 40
0.5664484065211015
  0
CIRCLE
  5
a6a
330
1F
100
AcDbEntity
  8
TopSolderMaskLayer
100
AcDbCircle
 10
93.09118618237244
 20
45.720091440182955
 30
0.0
 40
0.8754000508001016
0
HATCH
5
a6b
100
AcDbEntity
8
TopSolderMaskLayer
100
AcDbHatch
10
0
20
0
30
0
210
0
220
0
230
1
2
SOLID
70
1
71
0
91
1
92
7
72
1
73
1
93
2
10
92.21578613157234
20
45.720091440182955
42
1
10
93.96658623317254
20
45.720091440182955
42
1
97
1
330

75
0
76
1
47
0.8681437583925616
98
1
10
3.629517071192367
20
33.92795499968543
450
0
451
0
460
0
461
0
452
1
462
1
453
2
463
0
63
5
421
255
463
1
63
7
421
16777215
470
LINEAR
1001
ACAD
1010
0
1020
0
1030
0
  0
CIRCLE
  5
a6c
330
1F
100
AcDbEntity
  8
BottomSolderMaskLayer
100
AcDbCircle
 10
93.09113538227075
 20
45.72006604013211
 30
0.0
 40
0.5664484065211015
  0
CIRCLE
  5
a6d
330
1F
100
AcDbEntity
  8
BottomSolderMaskLayer
100
AcDbCircle
 10
93.09118618237244
 20
45.720091440182955
 30
0.0
 40
0.8754000508001016
0
HATCH
5
a6e
100
AcDbEntity
8
BottomSolderMaskLayer
100
AcDbHatch
10
0
20
0
30
0
210
0
220
0
230
1
2
SOLID
70
1
71
0
91
1
92
7
72
1
73
1
93
2
10
92.21578613157234
20
45.720091440182955
42
1
10
93.96658623317254
20
45.720091440182955
42
1
97
1
330

75
0
76
1
47
0.8681437583925616
98
1
10
3.629517071192367
20
33.92795499968543
450
0
451
0
460
0
461
0
452
1
462
1
453
2
463
0
63
5
421
255
463
1
63
7
421
16777215
470
LINEAR
1001
ACAD
1010
0
1020
0
1030
0
  0
CIRCLE
  5
a6f
330
1F
100
AcDbEntity
  8
Multi-Layer
100
AcDbCircle
 10
93.09113538227075
 20
45.72006604013211
 30
0.0
 40
0.5500127000254001
  0
CIRCLE
  5
a70
330
1F
100
AcDbEntity
  8
Multi-Layer
100
AcDbCircle
 10
93.09118618237244
 20
45.720091440182955
 30
0.0
 40
0.8500000000000001
0
HATCH
5
a71
100
AcDbEntity
8
Multi-Layer
100
AcDbHatch
10
0
20
0
30
0
210
0
220
0
230
1
2
SOLID
70
1
71
0
91
1
92
7
72
1
73
1
93
2
10
92.24118618237245
20
45.720091440182955
42
1
10
93.94118618237243
20
45.720091440182955
42
1
97
1
330

75
0
76
1
47
0.8681437583925616
98
1
10
3.629517071192367
20
33.92795499968543
450
0
451
0
460
0
461
0
452
1
462
1
453
2
463
0
63
5
421
255
463
1
63
7
421
16777215
470
LINEAR
1001
ACAD
1010
0
1020
0
1030
0
  0
CIRCLE
  5
a72
330
1F
100
AcDbEntity
  8
TopSolderMaskLayer
100
AcDbCircle
 10
90.55113030226062
 20
45.72006604013211
 30
0.0
 40
0.5664484065211015
  0
CIRCLE
  5
a73
330
1F
100
AcDbEntity
  8
TopSolderMaskLayer
100
AcDbCircle
 10
90.5511811023623
 20
45.720091440182955
 30
0.0
 40
0.8754000508001016
0
HATCH
5
a74
100
AcDbEntity
8
TopSolderMaskLayer
100
AcDbHatch
10
0
20
0
30
0
210
0
220
0
230
1
2
SOLID
70
1
71
0
91
1
92
7
72
1
73
1
93
2
10
89.67578105156221
20
45.720091440182955
42
1
10
91.4265811531624
20
45.720091440182955
42
1
97
1
330

75
0
76
1
47
0.8681437583925616
98
1
10
3.629517071192367
20
33.92795499968543
450
0
451
0
460
0
461
0
452
1
462
1
453
2
463
0
63
5
421
255
463
1
63
7
421
16777215
470
LINEAR
1001
ACAD
1010
0
1020
0
1030
0
  0
CIRCLE
  5
a75
330
1F
100
AcDbEntity
  8
BottomSolderMaskLayer
100
AcDbCircle
 10
90.55113030226062
 20
45.72006604013211
 30
0.0
 40
0.5664484065211015
  0
CIRCLE
  5
a76
330
1F
100
AcDbEntity
  8
BottomSolderMaskLayer
100
AcDbCircle
 10
90.5511811023623
 20
45.720091440182955
 30
0.0
 40
0.8754000508001016
0
HATCH
5
a77
100
AcDbEntity
8
BottomSolderMaskLayer
100
AcDbHatch
10
0
20
0
30
0
210
0
220
0
230
1
2
SOLID
70
1
71
0
91
1
92
7
72
1
73
1
93
2
10
89.67578105156221
20
45.720091440182955
42
1
10
91.4265811531624
20
45.720091440182955
42
1
97
1
330

75
0
76
1
47
0.8681437583925616
98
1
10
3.629517071192367
20
33.92795499968543
450
0
451
0
460
0
461
0
452
1
462
1
453
2
463
0
63
5
421
255
463
1
63
7
421
16777215
470
LINEAR
1001
ACAD
1010
0
1020
0
1030
0
  0
CIRCLE
  5
a78
330
1F
100
AcDbEntity
  8
Multi-Layer
100
AcDbCircle
 10
90.55113030226062
 20
45.72006604013211
 30
0.0
 40
0.5500127000254001
  0
CIRCLE
  5
a79
330
1F
100
AcDbEntity
  8
Multi-Layer
100
AcDbCircle
 10
90.5511811023623
 20
45.720091440182955
 30
0.0
 40
0.8500000000000001
0
HATCH
5
a7a
100
AcDbEntity
8
Multi-Layer
100
AcDbHatch
10
0
20
0
30
0
210
0
220
0
230
1
2
SOLID
70
1
71
0
91
1
92
7
72
1
73
1
93
2
10
89.70118110236231
20
45.720091440182955
42
1
10
91.4011811023623
20
45.720091440182955
42
1
97
1
330

75
0
76
1
47
0.8681437583925616
98
1
10
3.629517071192367
20
33.92795499968543
450
0
451
0
460
0
461
0
452
1
462
1
453
2
463
0
63
5
421
255
463
1
63
7
421
16777215
470
LINEAR
1001
ACAD
1010
0
1020
0
1030
0
  0
CIRCLE
  5
a7b
330
1F
100
AcDbEntity
  8
TopSolderMaskLayer
100
AcDbCircle
 10
88.01112522225026
 20
45.72006604013211
 30
0.0
 40
0.5664484065211015
  0
CIRCLE
  5
a7c
330
1F
100
AcDbEntity
  8
TopSolderMaskLayer
100
AcDbCircle
 10
88.01117602235217
 20
45.720091440182955
 30
0.0
 40
0.8754000508001016
0
HATCH
5
a7d
100
AcDbEntity
8
TopSolderMaskLayer
100
AcDbHatch
10
0
20
0
30
0
210
0
220
0
230
1
2
SOLID
70
1
71
0
91
1
92
7
72
1
73
1
93
2
10
87.13577597155208
20
45.720091440182955
42
1
10
88.88657607315227
20
45.720091440182955
42
1
97
1
330

75
0
76
1
47
0.8681437583925616
98
1
10
3.629517071192367
20
33.92795499968543
450
0
451
0
460
0
461
0
452
1
462
1
453
2
463
0
63
5
421
255
463
1
63
7
421
16777215
470
LINEAR
1001
ACAD
1010
0
1020
0
1030
0
  0
CIRCLE
  5
a7e
330
1F
100
AcDbEntity
  8
BottomSolderMaskLayer
100
AcDbCircle
 10
88.01112522225026
 20
45.72006604013211
 30
0.0
 40
0.5664484065211015
  0
CIRCLE
  5
a7f
330
1F
100
AcDbEntity
  8
BottomSolderMaskLayer
100
AcDbCircle
 10
88.01117602235217
 20
45.720091440182955
 30
0.0
 40
0.8754000508001016
0
HATCH
5
a80
100
AcDbEntity
8
BottomSolderMaskLayer
100
AcDbHatch
10
0
20
0
30
0
210
0
220
0
230
1
2
SOLID
70
1
71
0
91
1
92
7
72
1
73
1
93
2
10
87.13577597155208
20
45.720091440182955
42
1
10
88.88657607315227
20
45.720091440182955
42
1
97
1
330

75
0
76
1
47
0.8681437583925616
98
1
10
3.629517071192367
20
33.92795499968543
450
0
451
0
460
0
461
0
452
1
462
1
453
2
463
0
63
5
421
255
463
1
63
7
421
16777215
470
LINEAR
1001
ACAD
1010
0
1020
0
1030
0
  0
CIRCLE
  5
a81
330
1F
100
AcDbEntity
  8
Multi-Layer
100
AcDbCircle
 10
88.01112522225026
 20
45.72006604013211
 30
0.0
 40
0.5500127000254001
  0
CIRCLE
  5
a82
330
1F
100
AcDbEntity
  8
Multi-Layer
100
AcDbCircle
 10
88.01117602235217
 20
45.720091440182955
 30
0.0
 40
0.8500000000000001
0
HATCH
5
a83
100
AcDbEntity
8
Multi-Layer
100
AcDbHatch
10
0
20
0
30
0
210
0
220
0
230
1
2
SOLID
70
1
71
0
91
1
92
7
72
1
73
1
93
2
10
87.16117602235218
20
45.720091440182955
42
1
10
88.86117602235217
20
45.720091440182955
42
1
97
1
330

75
0
76
1
47
0.8681437583925616
98
1
10
3.629517071192367
20
33.92795499968543
450
0
451
0
460
0
461
0
452
1
462
1
453
2
463
0
63
5
421
255
463
1
63
7
421
16777215
470
LINEAR
1001
ACAD
1010
0
1020
0
1030
0
  0
CIRCLE
  5
a84
330
1F
100
AcDbEntity
  8
TopSolderMaskLayer
100
AcDbCircle
 10
85.47114554229097
 20
45.72006604013211
 30
0.0
 40
0.5664484065211015
  0
CIRCLE
  5
a85
330
1F
100
AcDbEntity
  8
TopSolderMaskLayer
100
AcDbCircle
 10
85.47117094234181
 20
45.720091440182955
 30
0.0
 40
0.8754000508001016
0
HATCH
5
a86
100
AcDbEntity
8
TopSolderMaskLayer
100
AcDbHatch
10
0
20
0
30
0
210
0
220
0
230
1
2
SOLID
70
1
71
0
91
1
92
7
72
1
73
1
93
2
10
84.59577089154172
20
45.720091440182955
42
1
10
86.34657099314191
20
45.720091440182955
42
1
97
1
330

75
0
76
1
47
0.8681437583925616
98
1
10
3.629517071192367
20
33.92795499968543
450
0
451
0
460
0
461
0
452
1
462
1
453
2
463
0
63
5
421
255
463
1
63
7
421
16777215
470
LINEAR
1001
ACAD
1010
0
1020
0
1030
0
  0
CIRCLE
  5
a87
330
1F
100
AcDbEntity
  8
BottomSolderMaskLayer
100
AcDbCircle
 10
85.47114554229097
 20
45.72006604013211
 30
0.0
 40
0.5664484065211015
  0
CIRCLE
  5
a88
330
1F
100
AcDbEntity
  8
BottomSolderMaskLayer
100
AcDbCircle
 10
85.47117094234181
 20
45.720091440182955
 30
0.0
 40
0.8754000508001016
0
HATCH
5
a89
100
AcDbEntity
8
BottomSolderMaskLayer
100
AcDbHatch
10
0
20
0
30
0
210
0
220
0
230
1
2
SOLID
70
1
71
0
91
1
92
7
72
1
73
1
93
2
10
84.59577089154172
20
45.720091440182955
42
1
10
86.34657099314191
20
45.720091440182955
42
1
97
1
330

75
0
76
1
47
0.8681437583925616
98
1
10
3.629517071192367
20
33.92795499968543
450
0
451
0
460
0
461
0
452
1
462
1
453
2
463
0
63
5
421
255
463
1
63
7
421
16777215
470
LINEAR
1001
ACAD
1010
0
1020
0
1030
0
  0
CIRCLE
  5
a8a
330
1F
100
AcDbEntity
  8
Multi-Layer
100
AcDbCircle
 10
85.47114554229097
 20
45.72006604013211
 30
0.0
 40
0.5500127000254001
  0
CIRCLE
  5
a8b
330
1F
100
AcDbEntity
  8
Multi-Layer
100
AcDbCircle
 10
85.47117094234181
 20
45.720091440182955
 30
0.0
 40
0.8500000000000001
0
HATCH
5
a8c
100
AcDbEntity
8
Multi-Layer
100
AcDbHatch
10
0
20
0
30
0
210
0
220
0
230
1
2
SOLID
70
1
71
0
91
1
92
7
72
1
73
1
93
2
10
84.62117094234182
20
45.720091440182955
42
1
10
86.32117094234181
20
45.720091440182955
42
1
97
1
330

75
0
76
1
47
0.8681437583925616
98
1
10
3.629517071192367
20
33.92795499968543
450
0
451
0
460
0
461
0
452
1
462
1
453
2
463
0
63
5
421
255
463
1
63
7
421
16777215
470
LINEAR
1001
ACAD
1010
0
1020
0
1030
0
  0
CIRCLE
  5
a8d
330
1F
100
AcDbEntity
  8
TopSolderMaskLayer
100
AcDbCircle
 10
82.93114046228084
 20
45.72006604013211
 30
0.0
 40
0.5664484065211015
  0
CIRCLE
  5
a8e
330
1F
100
AcDbEntity
  8
TopSolderMaskLayer
100
AcDbCircle
 10
82.93116586233168
 20
45.720091440182955
 30
0.0
 40
0.8754000508001016
0
HATCH
5
a8f
100
AcDbEntity
8
TopSolderMaskLayer
100
AcDbHatch
10
0
20
0
30
0
210
0
220
0
230
1
2
SOLID
70
1
71
0
91
1
92
7
72
1
73
1
93
2
10
82.05576581153159
20
45.720091440182955
42
1
10
83.80656591313178
20
45.720091440182955
42
1
97
1
330

75
0
76
1
47
0.8681437583925616
98
1
10
3.629517071192367
20
33.92795499968543
450
0
451
0
460
0
461
0
452
1
462
1
453
2
463
0
63
5
421
255
463
1
63
7
421
16777215
470
LINEAR
1001
ACAD
1010
0
1020
0
1030
0
  0
CIRCLE
  5
a90
330
1F
100
AcDbEntity
  8
BottomSolderMaskLayer
100
AcDbCircle
 10
82.93114046228084
 20
45.72006604013211
 30
0.0
 40
0.5664484065211015
  0
CIRCLE
  5
a91
330
1F
100
AcDbEntity
  8
BottomSolderMaskLayer
100
AcDbCircle
 10
82.93116586233168
 20
45.720091440182955
 30
0.0
 40
0.8754000508001016
0
HATCH
5
a92
100
AcDbEntity
8
BottomSolderMaskLayer
100
AcDbHatch
10
0
20
0
30
0
210
0
220
0
230
1
2
SOLID
70
1
71
0
91
1
92
7
72
1
73
1
93
2
10
82.05576581153159
20
45.720091440182955
42
1
10
83.80656591313178
20
45.720091440182955
42
1
97
1
330

75
0
76
1
47
0.8681437583925616
98
1
10
3.629517071192367
20
33.92795499968543
450
0
451
0
460
0
461
0
452
1
462
1
453
2
463
0
63
5
421
255
463
1
63
7
421
16777215
470
LINEAR
1001
ACAD
1010
0
1020
0
1030
0
  0
CIRCLE
  5
a93
330
1F
100
AcDbEntity
  8
Multi-Layer
100
AcDbCircle
 10
82.93114046228084
 20
45.72006604013211
 30
0.0
 40
0.5500127000254001
  0
CIRCLE
  5
a94
330
1F
100
AcDbEntity
  8
Multi-Layer
100
AcDbCircle
 10
82.93116586233168
 20
45.720091440182955
 30
0.0
 40
0.8500000000000001
0
HATCH
5
a95
100
AcDbEntity
8
Multi-Layer
100
AcDbHatch
10
0
20
0
30
0
210
0
220
0
230
1
2
SOLID
70
1
71
0
91
1
92
7
72
1
73
1
93
2
10
82.08116586233169
20
45.720091440182955
42
1
10
83.78116586233168
20
45.720091440182955
42
1
97
1
330

75
0
76
1
47
0.8681437583925616
98
1
10
3.629517071192367
20
33.92795499968543
450
0
451
0
460
0
461
0
452
1
462
1
453
2
463
0
63
5
421
255
463
1
63
7
421
16777215
470
LINEAR
1001
ACAD
1010
0
1020
0
1030
0
  0
CIRCLE
  5
a96
330
1F
100
AcDbEntity
  8
TopSolderMaskLayer
100
AcDbCircle
 10
80.3911353822707
 20
45.72006604013211
 30
0.0
 40
0.5664484065211015
  0
CIRCLE
  5
a97
330
1F
100
AcDbEntity
  8
TopSolderMaskLayer
100
AcDbCircle
 10
80.39116078232155
 20
45.720091440182955
 30
0.0
 40
0.8754000508001016
0
HATCH
5
a98
100
AcDbEntity
8
TopSolderMaskLayer
100
AcDbHatch
10
0
20
0
30
0
210
0
220
0
230
1
2
SOLID
70
1
71
0
91
1
92
7
72
1
73
1
93
2
10
79.51576073152145
20
45.720091440182955
42
1
10
81.26656083312164
20
45.720091440182955
42
1
97
1
330

75
0
76
1
47
0.8681437583925616
98
1
10
3.629517071192367
20
33.92795499968543
450
0
451
0
460
0
461
0
452
1
462
1
453
2
463
0
63
5
421
255
463
1
63
7
421
16777215
470
LINEAR
1001
ACAD
1010
0
1020
0
1030
0
  0
CIRCLE
  5
a99
330
1F
100
AcDbEntity
  8
BottomSolderMaskLayer
100
AcDbCircle
 10
80.3911353822707
 20
45.72006604013211
 30
0.0
 40
0.5664484065211015
  0
CIRCLE
  5
a9a
330
1F
100
AcDbEntity
  8
BottomSolderMaskLayer
100
AcDbCircle
 10
80.39116078232155
 20
45.720091440182955
 30
0.0
 40
0.8754000508001016
0
HATCH
5
a9b
100
AcDbEntity
8
BottomSolderMaskLayer
100
AcDbHatch
10
0
20
0
30
0
210
0
220
0
230
1
2
SOLID
70
1
71
0
91
1
92
7
72
1
73
1
93
2
10
79.51576073152145
20
45.720091440182955
42
1
10
81.26656083312164
20
45.720091440182955
42
1
97
1
330

75
0
76
1
47
0.8681437583925616
98
1
10
3.629517071192367
20
33.92795499968543
450
0
451
0
460
0
461
0
452
1
462
1
453
2
463
0
63
5
421
255
463
1
63
7
421
16777215
470
LINEAR
1001
ACAD
1010
0
1020
0
1030
0
  0
CIRCLE
  5
a9c
330
1F
100
AcDbEntity
  8
Multi-Layer
100
AcDbCircle
 10
80.3911353822707
 20
45.72006604013211
 30
0.0
 40
0.5500127000254001
  0
CIRCLE
  5
a9d
330
1F
100
AcDbEntity
  8
Multi-Layer
100
AcDbCircle
 10
80.39116078232155
 20
45.720091440182955
 30
0.0
 40
0.8500000000000001
0
HATCH
5
a9e
100
AcDbEntity
8
Multi-Layer
100
AcDbHatch
10
0
20
0
30
0
210
0
220
0
230
1
2
SOLID
70
1
71
0
91
1
92
7
72
1
73
1
93
2
10
79.54116078232155
20
45.720091440182955
42
1
10
81.24116078232154
20
45.720091440182955
42
1
97
1
330

75
0
76
1
47
0.8681437583925616
98
1
10
3.629517071192367
20
33.92795499968543
450
0
451
0
460
0
461
0
452
1
462
1
453
2
463
0
63
5
421
255
463
1
63
7
421
16777215
470
LINEAR
1001
ACAD
1010
0
1020
0
1030
0
  0
CIRCLE
  5
a9f
330
1F
100
AcDbEntity
  8
TopSolderMaskLayer
100
AcDbCircle
 10
77.85113030226057
 20
45.72006604013211
 30
0.0
 40
0.5664484065211015
  0
CIRCLE
  5
aa0
330
1F
100
AcDbEntity
  8
TopSolderMaskLayer
100
AcDbCircle
 10
77.85115570231142
 20
45.720091440182955
 30
0.0
 40
0.8754000508001016
0
HATCH
5
aa1
100
AcDbEntity
8
TopSolderMaskLayer
100
AcDbHatch
10
0
20
0
30
0
210
0
220
0
230
1
2
SOLID
70
1
71
0
91
1
92
7
72
1
73
1
93
2
10
76.97575565151132
20
45.720091440182955
42
1
10
78.72655575311151
20
45.720091440182955
42
1
97
1
330

75
0
76
1
47
0.8681437583925616
98
1
10
3.629517071192367
20
33.92795499968543
450
0
451
0
460
0
461
0
452
1
462
1
453
2
463
0
63
5
421
255
463
1
63
7
421
16777215
470
LINEAR
1001
ACAD
1010
0
1020
0
1030
0
  0
CIRCLE
  5
aa2
330
1F
100
AcDbEntity
  8
BottomSolderMaskLayer
100
AcDbCircle
 10
77.85113030226057
 20
45.72006604013211
 30
0.0
 40
0.5664484065211015
  0
CIRCLE
  5
aa3
330
1F
100
AcDbEntity
  8
BottomSolderMaskLayer
100
AcDbCircle
 10
77.85115570231142
 20
45.720091440182955
 30
0.0
 40
0.8754000508001016
0
HATCH
5
aa4
100
AcDbEntity
8
BottomSolderMaskLayer
100
AcDbHatch
10
0
20
0
30
0
210
0
220
0
230
1
2
SOLID
70
1
71
0
91
1
92
7
72
1
73
1
93
2
10
76.97575565151132
20
45.720091440182955
42
1
10
78.72655575311151
20
45.720091440182955
42
1
97
1
330

75
0
76
1
47
0.8681437583925616
98
1
10
3.629517071192367
20
33.92795499968543
450
0
451
0
460
0
461
0
452
1
462
1
453
2
463
0
63
5
421
255
463
1
63
7
421
16777215
470
LINEAR
1001
ACAD
1010
0
1020
0
1030
0
  0
CIRCLE
  5
aa5
330
1F
100
AcDbEntity
  8
Multi-Layer
100
AcDbCircle
 10
77.85113030226057
 20
45.72006604013211
 30
0.0
 40
0.5500127000254001
  0
CIRCLE
  5
aa6
330
1F
100
AcDbEntity
  8
Multi-Layer
100
AcDbCircle
 10
77.85115570231142
 20
45.720091440182955
 30
0.0
 40
0.8500000000000001
0
HATCH
5
aa7
100
AcDbEntity
8
Multi-Layer
100
AcDbHatch
10
0
20
0
30
0
210
0
220
0
230
1
2
SOLID
70
1
71
0
91
1
92
7
72
1
73
1
93
2
10
77.00115570231142
20
45.720091440182955
42
1
10
78.70115570231141
20
45.720091440182955
42
1
97
1
330

75
0
76
1
47
0.8681437583925616
98
1
10
3.629517071192367
20
33.92795499968543
450
0
451
0
460
0
461
0
452
1
462
1
453
2
463
0
63
5
421
255
463
1
63
7
421
16777215
470
LINEAR
1001
ACAD
1010
0
1020
0
1030
0
  0
CIRCLE
  5
aa8
330
1F
100
AcDbEntity
  8
TopSolderMaskLayer
100
AcDbCircle
 10
75.31112522225044
 20
45.72006604013211
 30
0.0
 40
0.5664484065211015
  0
CIRCLE
  5
aa9
330
1F
100
AcDbEntity
  8
TopSolderMaskLayer
100
AcDbCircle
 10
75.31115062230128
 20
45.720091440182955
 30
0.0
 40
0.8754000508001016
0
HATCH
5
aaa
100
AcDbEntity
8
TopSolderMaskLayer
100
AcDbHatch
10
0
20
0
30
0
210
0
220
0
230
1
2
SOLID
70
1
71
0
91
1
92
7
72
1
73
1
93
2
10
74.43575057150119
20
45.720091440182955
42
1
10
76.18655067310138
20
45.720091440182955
42
1
97
1
330

75
0
76
1
47
0.8681437583925616
98
1
10
3.629517071192367
20
33.92795499968543
450
0
451
0
460
0
461
0
452
1
462
1
453
2
463
0
63
5
421
255
463
1
63
7
421
16777215
470
LINEAR
1001
ACAD
1010
0
1020
0
1030
0
  0
CIRCLE
  5
aab
330
1F
100
AcDbEntity
  8
BottomSolderMaskLayer
100
AcDbCircle
 10
75.31112522225044
 20
45.72006604013211
 30
0.0
 40
0.5664484065211015
  0
CIRCLE
  5
aac
330
1F
100
AcDbEntity
  8
BottomSolderMaskLayer
100
AcDbCircle
 10
75.31115062230128
 20
45.720091440182955
 30
0.0
 40
0.8754000508001016
0
HATCH
5
aad
100
AcDbEntity
8
BottomSolderMaskLayer
100
AcDbHatch
10
0
20
0
30
0
210
0
220
0
230
1
2
SOLID
70
1
71
0
91
1
92
7
72
1
73
1
93
2
10
74.43575057150119
20
45.720091440182955
42
1
10
76.18655067310138
20
45.720091440182955
42
1
97
1
330

75
0
76
1
47
0.8681437583925616
98
1
10
3.629517071192367
20
33.92795499968543
450
0
451
0
460
0
461
0
452
1
462
1
453
2
463
0
63
5
421
255
463
1
63
7
421
16777215
470
LINEAR
1001
ACAD
1010
0
1020
0
1030
0
  0
CIRCLE
  5
aae
330
1F
100
AcDbEntity
  8
Multi-Layer
100
AcDbCircle
 10
75.31112522225044
 20
45.72006604013211
 30
0.0
 40
0.5500127000254001
  0
CIRCLE
  5
aaf
330
1F
100
AcDbEntity
  8
Multi-Layer
100
AcDbCircle
 10
75.31115062230128
 20
45.720091440182955
 30
0.0
 40
0.8500000000000001
0
HATCH
5
ab0
100
AcDbEntity
8
Multi-Layer
100
AcDbHatch
10
0
20
0
30
0
210
0
220
0
230
1
2
SOLID
70
1
71
0
91
1
92
7
72
1
73
1
93
2
10
74.46115062230129
20
45.720091440182955
42
1
10
76.16115062230128
20
45.720091440182955
42
1
97
1
330

75
0
76
1
47
0.8681437583925616
98
1
10
3.629517071192367
20
33.92795499968543
450
0
451
0
460
0
461
0
452
1
462
1
453
2
463
0
63
5
421
255
463
1
63
7
421
16777215
470
LINEAR
1001
ACAD
1010
0
1020
0
1030
0
  0
CIRCLE
  5
ab1
330
1F
100
AcDbEntity
  8
TopSolderMaskLayer
100
AcDbCircle
 10
72.77114554229115
 20
45.72006604013211
 30
0.0
 40
0.5664484065211015
  0
CIRCLE
  5
ab2
330
1F
100
AcDbEntity
  8
TopSolderMaskLayer
100
AcDbCircle
 10
72.77114554229115
 20
45.720091440182955
 30
0.0
 40
0.8754000508001016
0
HATCH
5
ab3
100
AcDbEntity
8
TopSolderMaskLayer
100
AcDbHatch
10
0
20
0
30
0
210
0
220
0
230
1
2
SOLID
70
1
71
0
91
1
92
7
72
1
73
1
93
2
10
71.89574549149106
20
45.720091440182955
42
1
10
73.64654559309125
20
45.720091440182955
42
1
97
1
330

75
0
76
1
47
0.8681437583925616
98
1
10
3.629517071192367
20
33.92795499968543
450
0
451
0
460
0
461
0
452
1
462
1
453
2
463
0
63
5
421
255
463
1
63
7
421
16777215
470
LINEAR
1001
ACAD
1010
0
1020
0
1030
0
  0
CIRCLE
  5
ab4
330
1F
100
AcDbEntity
  8
BottomSolderMaskLayer
100
AcDbCircle
 10
72.77114554229115
 20
45.72006604013211
 30
0.0
 40
0.5664484065211015
  0
CIRCLE
  5
ab5
330
1F
100
AcDbEntity
  8
BottomSolderMaskLayer
100
AcDbCircle
 10
72.77114554229115
 20
45.720091440182955
 30
0.0
 40
0.8754000508001016
0
HATCH
5
ab6
100
AcDbEntity
8
BottomSolderMaskLayer
100
AcDbHatch
10
0
20
0
30
0
210
0
220
0
230
1
2
SOLID
70
1
71
0
91
1
92
7
72
1
73
1
93
2
10
71.89574549149106
20
45.720091440182955
42
1
10
73.64654559309125
20
45.720091440182955
42
1
97
1
330

75
0
76
1
47
0.8681437583925616
98
1
10
3.629517071192367
20
33.92795499968543
450
0
451
0
460
0
461
0
452
1
462
1
453
2
463
0
63
5
421
255
463
1
63
7
421
16777215
470
LINEAR
1001
ACAD
1010
0
1020
0
1030
0
  0
CIRCLE
  5
ab7
330
1F
100
AcDbEntity
  8
Multi-Layer
100
AcDbCircle
 10
72.77114554229115
 20
45.72006604013211
 30
0.0
 40
0.5500127000254001
  0
CIRCLE
  5
ab8
330
1F
100
AcDbEntity
  8
Multi-Layer
100
AcDbCircle
 10
72.77114554229115
 20
45.720091440182955
 30
0.0
 40
0.8500000000000001
0
HATCH
5
ab9
100
AcDbEntity
8
Multi-Layer
100
AcDbHatch
10
0
20
0
30
0
210
0
220
0
230
1
2
SOLID
70
1
71
0
91
1
92
7
72
1
73
1
93
2
10
71.92114554229116
20
45.720091440182955
42
1
10
73.62114554229115
20
45.720091440182955
42
1
97
1
330

75
0
76
1
47
0.8681437583925616
98
1
10
3.629517071192367
20
33.92795499968543
450
0
451
0
460
0
461
0
452
1
462
1
453
2
463
0
63
5
421
255
463
1
63
7
421
16777215
470
LINEAR
1001
ACAD
1010
0
1020
0
1030
0
  0
CIRCLE
  5
aba
330
1F
100
AcDbEntity
  8
TopSolderMaskLayer
100
AcDbCircle
 10
70.23114046228102
 20
45.72006604013211
 30
0.0
 40
0.5664484065211015
  0
CIRCLE
  5
abb
330
1F
100
AcDbEntity
  8
TopSolderMaskLayer
100
AcDbCircle
 10
70.23114046228102
 20
45.720091440182955
 30
0.0
 40
0.8754000508001016
0
HATCH
5
abc
100
AcDbEntity
8
TopSolderMaskLayer
100
AcDbHatch
10
0
20
0
30
0
210
0
220
0
230
1
2
SOLID
70
1
71
0
91
1
92
7
72
1
73
1
93
2
10
69.35574041148092
20
45.720091440182955
42
1
10
71.10654051308111
20
45.720091440182955
42
1
97
1
330

75
0
76
1
47
0.8681437583925616
98
1
10
3.629517071192367
20
33.92795499968543
450
0
451
0
460
0
461
0
452
1
462
1
453
2
463
0
63
5
421
255
463
1
63
7
421
16777215
470
LINEAR
1001
ACAD
1010
0
1020
0
1030
0
  0
CIRCLE
  5
abd
330
1F
100
AcDbEntity
  8
BottomSolderMaskLayer
100
AcDbCircle
 10
70.23114046228102
 20
45.72006604013211
 30
0.0
 40
0.5664484065211015
  0
CIRCLE
  5
abe
330
1F
100
AcDbEntity
  8
BottomSolderMaskLayer
100
AcDbCircle
 10
70.23114046228102
 20
45.720091440182955
 30
0.0
 40
0.8754000508001016
0
HATCH
5
abf
100
AcDbEntity
8
BottomSolderMaskLayer
100
AcDbHatch
10
0
20
0
30
0
210
0
220
0
230
1
2
SOLID
70
1
71
0
91
1
92
7
72
1
73
1
93
2
10
69.35574041148092
20
45.720091440182955
42
1
10
71.10654051308111
20
45.720091440182955
42
1
97
1
330

75
0
76
1
47
0.8681437583925616
98
1
10
3.629517071192367
20
33.92795499968543
450
0
451
0
460
0
461
0
452
1
462
1
453
2
463
0
63
5
421
255
463
1
63
7
421
16777215
470
LINEAR
1001
ACAD
1010
0
1020
0
1030
0
  0
CIRCLE
  5
ac0
330
1F
100
AcDbEntity
  8
Multi-Layer
100
AcDbCircle
 10
70.23114046228102
 20
45.72006604013211
 30
0.0
 40
0.5500127000254001
  0
CIRCLE
  5
ac1
330
1F
100
AcDbEntity
  8
Multi-Layer
100
AcDbCircle
 10
70.23114046228102
 20
45.720091440182955
 30
0.0
 40
0.8500000000000001
0
HATCH
5
ac2
100
AcDbEntity
8
Multi-Layer
100
AcDbHatch
10
0
20
0
30
0
210
0
220
0
230
1
2
SOLID
70
1
71
0
91
1
92
7
72
1
73
1
93
2
10
69.38114046228102
20
45.720091440182955
42
1
10
71.08114046228101
20
45.720091440182955
42
1
97
1
330

75
0
76
1
47
0.8681437583925616
98
1
10
3.629517071192367
20
33.92795499968543
450
0
451
0
460
0
461
0
452
1
462
1
453
2
463
0
63
5
421
255
463
1
63
7
421
16777215
470
LINEAR
1001
ACAD
1010
0
1020
0
1030
0
  0
CIRCLE
  5
ac3
330
1F
100
AcDbEntity
  8
TopSolderMaskLayer
100
AcDbCircle
 10
67.69113538227089
 20
45.72006604013211
 30
0.0
 40
0.5664484065211015
  0
CIRCLE
  5
ac4
330
1F
100
AcDbEntity
  8
TopSolderMaskLayer
100
AcDbCircle
 10
67.69113538227089
 20
45.720091440182955
 30
0.0
 40
0.8754000508001016
0
HATCH
5
ac5
100
AcDbEntity
8
TopSolderMaskLayer
100
AcDbHatch
10
0
20
0
30
0
210
0
220
0
230
1
2
SOLID
70
1
71
0
91
1
92
7
72
1
73
1
93
2
10
66.81573533147079
20
45.720091440182955
42
1
10
68.56653543307098
20
45.720091440182955
42
1
97
1
330

75
0
76
1
47
0.8681437583925616
98
1
10
3.629517071192367
20
33.92795499968543
450
0
451
0
460
0
461
0
452
1
462
1
453
2
463
0
63
5
421
255
463
1
63
7
421
16777215
470
LINEAR
1001
ACAD
1010
0
1020
0
1030
0
  0
CIRCLE
  5
ac6
330
1F
100
AcDbEntity
  8
BottomSolderMaskLayer
100
AcDbCircle
 10
67.69113538227089
 20
45.72006604013211
 30
0.0
 40
0.5664484065211015
  0
CIRCLE
  5
ac7
330
1F
100
AcDbEntity
  8
BottomSolderMaskLayer
100
AcDbCircle
 10
67.69113538227089
 20
45.720091440182955
 30
0.0
 40
0.8754000508001016
0
HATCH
5
ac8
100
AcDbEntity
8
BottomSolderMaskLayer
100
AcDbHatch
10
0
20
0
30
0
210
0
220
0
230
1
2
SOLID
70
1
71
0
91
1
92
7
72
1
73
1
93
2
10
66.81573533147079
20
45.720091440182955
42
1
10
68.56653543307098
20
45.720091440182955
42
1
97
1
330

75
0
76
1
47
0.8681437583925616
98
1
10
3.629517071192367
20
33.92795499968543
450
0
451
0
460
0
461
0
452
1
462
1
453
2
463
0
63
5
421
255
463
1
63
7
421
16777215
470
LINEAR
1001
ACAD
1010
0
1020
0
1030
0
  0
CIRCLE
  5
ac9
330
1F
100
AcDbEntity
  8
Multi-Layer
100
AcDbCircle
 10
67.69113538227089
 20
45.72006604013211
 30
0.0
 40
0.5500127000254001
  0
CIRCLE
  5
aca
330
1F
100
AcDbEntity
  8
Multi-Layer
100
AcDbCircle
 10
67.69113538227089
 20
45.720091440182955
 30
0.0
 40
0.8500000000000001
0
HATCH
5
acb
100
AcDbEntity
8
Multi-Layer
100
AcDbHatch
10
0
20
0
30
0
210
0
220
0
230
1
2
SOLID
70
1
71
0
91
1
92
7
72
1
73
1
93
2
10
66.84113538227089
20
45.720091440182955
42
1
10
68.54113538227088
20
45.720091440182955
42
1
97
1
330

75
0
76
1
47
0.8681437583925616
98
1
10
3.629517071192367
20
33.92795499968543
450
0
451
0
460
0
461
0
452
1
462
1
453
2
463
0
63
5
421
255
463
1
63
7
421
16777215
470
LINEAR
1001
ACAD
1010
0
1020
0
1030
0
  0
CIRCLE
  5
acc
330
1F
100
AcDbEntity
  8
TopSolderMaskLayer
100
AcDbCircle
 10
65.15113030226053
 20
45.72006604013211
 30
0.0
 40
0.5664484065211015
  0
CIRCLE
  5
acd
330
1F
100
AcDbEntity
  8
TopSolderMaskLayer
100
AcDbCircle
 10
65.15113030226053
 20
45.720091440182955
 30
0.0
 40
0.8754000508001016
0
HATCH
5
ace
100
AcDbEntity
8
TopSolderMaskLayer
100
AcDbHatch
10
0
20
0
30
0
210
0
220
0
230
1
2
SOLID
70
1
71
0
91
1
92
7
72
1
73
1
93
2
10
64.27573025146043
20
45.720091440182955
42
1
10
66.02653035306062
20
45.720091440182955
42
1
97
1
330

75
0
76
1
47
0.8681437583925616
98
1
10
3.629517071192367
20
33.92795499968543
450
0
451
0
460
0
461
0
452
1
462
1
453
2
463
0
63
5
421
255
463
1
63
7
421
16777215
470
LINEAR
1001
ACAD
1010
0
1020
0
1030
0
  0
CIRCLE
  5
acf
330
1F
100
AcDbEntity
  8
BottomSolderMaskLayer
100
AcDbCircle
 10
65.15113030226053
 20
45.72006604013211
 30
0.0
 40
0.5664484065211015
  0
CIRCLE
  5
ad0
330
1F
100
AcDbEntity
  8
BottomSolderMaskLayer
100
AcDbCircle
 10
65.15113030226053
 20
45.720091440182955
 30
0.0
 40
0.8754000508001016
0
HATCH
5
ad1
100
AcDbEntity
8
BottomSolderMaskLayer
100
AcDbHatch
10
0
20
0
30
0
210
0
220
0
230
1
2
SOLID
70
1
71
0
91
1
92
7
72
1
73
1
93
2
10
64.27573025146043
20
45.720091440182955
42
1
10
66.02653035306062
20
45.720091440182955
42
1
97
1
330

75
0
76
1
47
0.8681437583925616
98
1
10
3.629517071192367
20
33.92795499968543
450
0
451
0
460
0
461
0
452
1
462
1
453
2
463
0
63
5
421
255
463
1
63
7
421
16777215
470
LINEAR
1001
ACAD
1010
0
1020
0
1030
0
  0
CIRCLE
  5
ad2
330
1F
100
AcDbEntity
  8
Multi-Layer
100
AcDbCircle
 10
65.15113030226053
 20
45.72006604013211
 30
0.0
 40
0.5500127000254001
  0
CIRCLE
  5
ad3
330
1F
100
AcDbEntity
  8
Multi-Layer
100
AcDbCircle
 10
65.15113030226053
 20
45.720091440182955
 30
0.0
 40
0.8500000000000001
0
HATCH
5
ad4
100
AcDbEntity
8
Multi-Layer
100
AcDbHatch
10
0
20
0
30
0
210
0
220
0
230
1
2
SOLID
70
1
71
0
91
1
92
7
72
1
73
1
93
2
10
64.30113030226053
20
45.720091440182955
42
1
10
66.00113030226052
20
45.720091440182955
42
1
97
1
330

75
0
76
1
47
0.8681437583925616
98
1
10
3.629517071192367
20
33.92795499968543
450
0
451
0
460
0
461
0
452
1
462
1
453
2
463
0
63
5
421
255
463
1
63
7
421
16777215
470
LINEAR
1001
ACAD
1010
0
1020
0
1030
0
  0
CIRCLE
  5
ad5
330
1F
100
AcDbEntity
  8
TopSolderMaskLayer
100
AcDbCircle
 10
62.611125222250394
 20
45.72006604013211
 30
0.0
 40
0.5664484065211015
  0
CIRCLE
  5
ad6
330
1F
100
AcDbEntity
  8
TopSolderMaskLayer
100
AcDbCircle
 10
62.611125222250394
 20
45.720091440182955
 30
0.0
 40
0.8754000508001016
0
HATCH
5
ad7
100
AcDbEntity
8
TopSolderMaskLayer
100
AcDbHatch
10
0
20
0
30
0
210
0
220
0
230
1
2
SOLID
70
1
71
0
91
1
92
7
72
1
73
1
93
2
10
61.73572517145029
20
45.720091440182955
42
1
10
63.486525273050496
20
45.720091440182955
42
1
97
1
330

75
0
76
1
47
0.8681437583925616
98
1
10
3.629517071192367
20
33.92795499968543
450
0
451
0
460
0
461
0
452
1
462
1
453
2
463
0
63
5
421
255
463
1
63
7
421
16777215
470
LINEAR
1001
ACAD
1010
0
1020
0
1030
0
  0
CIRCLE
  5
ad8
330
1F
100
AcDbEntity
  8
BottomSolderMaskLayer
100
AcDbCircle
 10
62.611125222250394
 20
45.72006604013211
 30
0.0
 40
0.5664484065211015
  0
CIRCLE
  5
ad9
330
1F
100
AcDbEntity
  8
BottomSolderMaskLayer
100
AcDbCircle
 10
62.611125222250394
 20
45.720091440182955
 30
0.0
 40
0.8754000508001016
0
HATCH
5
ada
100
AcDbEntity
8
BottomSolderMaskLayer
100
AcDbHatch
10
0
20
0
30
0
210
0
220
0
230
1
2
SOLID
70
1
71
0
91
1
92
7
72
1
73
1
93
2
10
61.73572517145029
20
45.720091440182955
42
1
10
63.486525273050496
20
45.720091440182955
42
1
97
1
330

75
0
76
1
47
0.8681437583925616
98
1
10
3.629517071192367
20
33.92795499968543
450
0
451
0
460
0
461
0
452
1
462
1
453
2
463
0
63
5
421
255
463
1
63
7
421
16777215
470
LINEAR
1001
ACAD
1010
0
1020
0
1030
0
  0
CIRCLE
  5
adb
330
1F
100
AcDbEntity
  8
Multi-Layer
100
AcDbCircle
 10
62.611125222250394
 20
45.72006604013211
 30
0.0
 40
0.5500127000254001
  0
CIRCLE
  5
adc
330
1F
100
AcDbEntity
  8
Multi-Layer
100
AcDbCircle
 10
62.611125222250394
 20
45.720091440182955
 30
0.0
 40
0.8500000000000001
0
HATCH
5
add
100
AcDbEntity
8
Multi-Layer
100
AcDbHatch
10
0
20
0
30
0
210
0
220
0
230
1
2
SOLID
70
1
71
0
91
1
92
7
72
1
73
1
93
2
10
61.76112522225039
20
45.720091440182955
42
1
10
63.461125222250395
20
45.720091440182955
42
1
97
1
330

75
0
76
1
47
0.8681437583925616
98
1
10
3.629517071192367
20
33.92795499968543
450
0
451
0
460
0
461
0
452
1
462
1
453
2
463
0
63
5
421
255
463
1
63
7
421
16777215
470
LINEAR
1001
ACAD
1010
0
1020
0
1030
0
  0
CIRCLE
  5
ade
330
1F
100
AcDbEntity
  8
TopSolderMaskLayer
100
AcDbCircle
 10
60.071145542291106
 20
45.72006604013211
 30
0.0
 40
0.5664484065211015
  0
CIRCLE
  5
adf
330
1F
100
AcDbEntity
  8
TopSolderMaskLayer
100
AcDbCircle
 10
60.07112014224026
 20
45.720091440182955
 30
0.0
 40
0.8754000508001016
0
HATCH
5
ae0
100
AcDbEntity
8
TopSolderMaskLayer
100
AcDbHatch
10
0
20
0
30
0
210
0
220
0
230
1
2
SOLID
70
1
71
0
91
1
92
7
72
1
73
1
93
2
10
59.19572009144016
20
45.720091440182955
42
1
10
60.946520193040364
20
45.720091440182955
42
1
97
1
330

75
0
76
1
47
0.8681437583925616
98
1
10
3.629517071192367
20
33.92795499968543
450
0
451
0
460
0
461
0
452
1
462
1
453
2
463
0
63
5
421
255
463
1
63
7
421
16777215
470
LINEAR
1001
ACAD
1010
0
1020
0
1030
0
  0
CIRCLE
  5
ae1
330
1F
100
AcDbEntity
  8
BottomSolderMaskLayer
100
AcDbCircle
 10
60.071145542291106
 20
45.72006604013211
 30
0.0
 40
0.5664484065211015
  0
CIRCLE
  5
ae2
330
1F
100
AcDbEntity
  8
BottomSolderMaskLayer
100
AcDbCircle
 10
60.07112014224026
 20
45.720091440182955
 30
0.0
 40
0.8754000508001016
0
HATCH
5
ae3
100
AcDbEntity
8
BottomSolderMaskLayer
100
AcDbHatch
10
0
20
0
30
0
210
0
220
0
230
1
2
SOLID
70
1
71
0
91
1
92
7
72
1
73
1
93
2
10
59.19572009144016
20
45.720091440182955
42
1
10
60.946520193040364
20
45.720091440182955
42
1
97
1
330

75
0
76
1
47
0.8681437583925616
98
1
10
3.629517071192367
20
33.92795499968543
450
0
451
0
460
0
461
0
452
1
462
1
453
2
463
0
63
5
421
255
463
1
63
7
421
16777215
470
LINEAR
1001
ACAD
1010
0
1020
0
1030
0
  0
CIRCLE
  5
ae4
330
1F
100
AcDbEntity
  8
Multi-Layer
100
AcDbCircle
 10
60.071145542291106
 20
45.72006604013211
 30
0.0
 40
0.5500127000254001
  0
CIRCLE
  5
ae5
330
1F
100
AcDbEntity
  8
Multi-Layer
100
AcDbCircle
 10
60.07112014224026
 20
45.720091440182955
 30
0.0
 40
0.8500000000000001
0
HATCH
5
ae6
100
AcDbEntity
8
Multi-Layer
100
AcDbHatch
10
0
20
0
30
0
210
0
220
0
230
1
2
SOLID
70
1
71
0
91
1
92
7
72
1
73
1
93
2
10
59.22112014224026
20
45.720091440182955
42
1
10
60.92112014224026
20
45.720091440182955
42
1
97
1
330

75
0
76
1
47
0.8681437583925616
98
1
10
3.629517071192367
20
33.92795499968543
450
0
451
0
460
0
461
0
452
1
462
1
453
2
463
0
63
5
421
255
463
1
63
7
421
16777215
470
LINEAR
1001
ACAD
1010
0
1020
0
1030
0
  0
CIRCLE
  5
ae7
330
1F
100
AcDbEntity
  8
TopSolderMaskLayer
100
AcDbCircle
 10
40.138938277876605
 20
14.35102870205742
 30
0.0
 40
0.7658880005932055
  0
CIRCLE
  5
ae8
330
1F
100
AcDbEntity
  8
TopSolderMaskLayer
100
AcDbCircle
 10
40.1391922783846
 20
14.35102870205742
 30
0.0
 40
1.2254000508001017
0
HATCH
5
ae9
100
AcDbEntity
8
TopSolderMaskLayer
100
AcDbHatch
10
0
20
0
30
0
210
0
220
0
230
1
2
SOLID
70
1
71
0
91
1
92
7
72
1
73
1
93
2
10
38.913792227584494
20
14.35102870205742
42
1
10
41.3645923291847
20
14.35102870205742
42
1
97
1
330

75
0
76
1
47
0.8681437583925616
98
1
10
3.629517071192367
20
33.92795499968543
450
0
451
0
460
0
461
0
452
1
462
1
453
2
463
0
63
5
421
255
463
1
63
7
421
16777215
470
LINEAR
1001
ACAD
1010
0
1020
0
1030
0
  0
CIRCLE
  5
aea
330
1F
100
AcDbEntity
  8
BottomSolderMaskLayer
100
AcDbCircle
 10
40.138938277876605
 20
14.35102870205742
 30
0.0
 40
0.7658880005932055
  0
CIRCLE
  5
aeb
330
1F
100
AcDbEntity
  8
BottomSolderMaskLayer
100
AcDbCircle
 10
40.1391922783846
 20
14.35102870205742
 30
0.0
 40
1.2254000508001017
0
HATCH
5
aec
100
AcDbEntity
8
BottomSolderMaskLayer
100
AcDbHatch
10
0
20
0
30
0
210
0
220
0
230
1
2
SOLID
70
1
71
0
91
1
92
7
72
1
73
1
93
2
10
38.913792227584494
20
14.35102870205742
42
1
10
41.3645923291847
20
14.35102870205742
42
1
97
1
330

75
0
76
1
47
0.8681437583925616
98
1
10
3.629517071192367
20
33.92795499968543
450
0
451
0
460
0
461
0
452
1
462
1
453
2
463
0
63
5
421
255
463
1
63
7
421
16777215
470
LINEAR
1001
ACAD
1010
0
1020
0
1030
0
  0
CIRCLE
  5
aed
330
1F
100
AcDbEntity
  8
Multi-Layer
100
AcDbCircle
 10
40.138938277876605
 20
14.35102870205742
 30
0.0
 40
0.7500127000254001
  0
CIRCLE
  5
aee
330
1F
100
AcDbEntity
  8
Multi-Layer
100
AcDbCircle
 10
40.1391922783846
 20
14.35102870205742
 30
0.0
 40
1.2000000000000002
0
HATCH
5
aef
100
AcDbEntity
8
Multi-Layer
100
AcDbHatch
10
0
20
0
30
0
210
0
220
0
230
1
2
SOLID
70
1
71
0
91
1
92
7
72
1
73
1
93
2
10
38.939192278384596
20
14.35102870205742
42
1
10
41.3391922783846
20
14.35102870205742
42
1
97
1
330

75
0
76
1
47
0.8681437583925616
98
1
10
3.629517071192367
20
33.92795499968543
450
0
451
0
460
0
461
0
452
1
462
1
453
2
463
0
63
5
421
255
463
1
63
7
421
16777215
470
LINEAR
1001
ACAD
1010
0
1020
0
1030
0
  0
CIRCLE
  5
af0
330
1F
100
AcDbEntity
  8
TopSolderMaskLayer
100
AcDbCircle
 10
35.13893827787638
 20
14.35102870205742
 30
0.0
 40
0.7658880005932055
  0
CIRCLE
  5
af1
330
1F
100
AcDbEntity
  8
TopSolderMaskLayer
100
AcDbCircle
 10
35.13893827787638
 20
14.35102870205742
 30
0.0
 40
1.2254000508001017
0
HATCH
5
af2
100
AcDbEntity
8
TopSolderMaskLayer
100
AcDbHatch
10
0
20
0
30
0
210
0
220
0
230
1
2
SOLID
70
1
71
0
91
1
92
7
72
1
73
1
93
2
10
33.91353822707627
20
14.35102870205742
42
1
10
36.36433832867648
20
14.35102870205742
42
1
97
1
330

75
0
76
1
47
0.8681437583925616
98
1
10
3.629517071192367
20
33.92795499968543
450
0
451
0
460
0
461
0
452
1
462
1
453
2
463
0
63
5
421
255
463
1
63
7
421
16777215
470
LINEAR
1001
ACAD
1010
0
1020
0
1030
0
  0
CIRCLE
  5
af3
330
1F
100
AcDbEntity
  8
BottomSolderMaskLayer
100
AcDbCircle
 10
35.13893827787638
 20
14.35102870205742
 30
0.0
 40
0.7658880005932055
  0
CIRCLE
  5
af4
330
1F
100
AcDbEntity
  8
BottomSolderMaskLayer
100
AcDbCircle
 10
35.13893827787638
 20
14.35102870205742
 30
0.0
 40
1.2254000508001017
0
HATCH
5
af5
100
AcDbEntity
8
BottomSolderMaskLayer
100
AcDbHatch
10
0
20
0
30
0
210
0
220
0
230
1
2
SOLID
70
1
71
0
91
1
92
7
72
1
73
1
93
2
10
33.91353822707627
20
14.35102870205742
42
1
10
36.36433832867648
20
14.35102870205742
42
1
97
1
330

75
0
76
1
47
0.8681437583925616
98
1
10
3.629517071192367
20
33.92795499968543
450
0
451
0
460
0
461
0
452
1
462
1
453
2
463
0
63
5
421
255
463
1
63
7
421
16777215
470
LINEAR
1001
ACAD
1010
0
1020
0
1030
0
  0
CIRCLE
  5
af6
330
1F
100
AcDbEntity
  8
Multi-Layer
100
AcDbCircle
 10
35.13893827787638
 20
14.35102870205742
 30
0.0
 40
0.7500127000254001
  0
CIRCLE
  5
af7
330
1F
100
AcDbEntity
  8
Multi-Layer
100
AcDbCircle
 10
35.13893827787638
 20
14.35102870205742
 30
0.0
 40
1.2000000000000002
0
HATCH
5
af8
100
AcDbEntity
8
Multi-Layer
100
AcDbHatch
10
0
20
0
30
0
210
0
220
0
230
1
2
SOLID
70
1
71
0
91
1
92
7
72
1
73
1
93
2
10
33.938938277876375
20
14.35102870205742
42
1
10
36.33893827787638
20
14.35102870205742
42
1
97
1
330

75
0
76
1
47
0.8681437583925616
98
1
10
3.629517071192367
20
33.92795499968543
450
0
451
0
460
0
461
0
452
1
462
1
453
2
463
0
63
5
421
255
463
1
63
7
421
16777215
470
LINEAR
1001
ACAD
1010
0
1020
0
1030
0
  0
CIRCLE
  5
af9
330
1F
100
AcDbEntity
  8
TopSolderMaskLayer
100
AcDbCircle
 10
30.138938277876605
 20
14.35102870205742
 30
0.0
 40
0.7658880005932055
  0
CIRCLE
  5
afa
330
1F
100
AcDbEntity
  8
TopSolderMaskLayer
100
AcDbCircle
 10
30.1391922783846
 20
14.35102870205742
 30
0.0
 40
1.2254000508001017
0
HATCH
5
afb
100
AcDbEntity
8
TopSolderMaskLayer
100
AcDbHatch
10
0
20
0
30
0
210
0
220
0
230
1
2
SOLID
70
1
71
0
91
1
92
7
72
1
73
1
93
2
10
28.913792227584498
20
14.35102870205742
42
1
10
31.3645923291847
20
14.35102870205742
42
1
97
1
330

75
0
76
1
47
0.8681437583925616
98
1
10
3.629517071192367
20
33.92795499968543
450
0
451
0
460
0
461
0
452
1
462
1
453
2
463
0
63
5
421
255
463
1
63
7
421
16777215
470
LINEAR
1001
ACAD
1010
0
1020
0
1030
0
  0
CIRCLE
  5
afc
330
1F
100
AcDbEntity
  8
BottomSolderMaskLayer
100
AcDbCircle
 10
30.138938277876605
 20
14.35102870205742
 30
0.0
 40
0.7658880005932055
  0
CIRCLE
  5
afd
330
1F
100
AcDbEntity
  8
BottomSolderMaskLayer
100
AcDbCircle
 10
30.1391922783846
 20
14.35102870205742
 30
0.0
 40
1.2254000508001017
0
HATCH
5
afe
100
AcDbEntity
8
BottomSolderMaskLayer
100
AcDbHatch
10
0
20
0
30
0
210
0
220
0
230
1
2
SOLID
70
1
71
0
91
1
92
7
72
1
73
1
93
2
10
28.913792227584498
20
14.35102870205742
42
1
10
31.3645923291847
20
14.35102870205742
42
1
97
1
330

75
0
76
1
47
0.8681437583925616
98
1
10
3.629517071192367
20
33.92795499968543
450
0
451
0
460
0
461
0
452
1
462
1
453
2
463
0
63
5
421
255
463
1
63
7
421
16777215
470
LINEAR
1001
ACAD
1010
0
1020
0
1030
0
  0
CIRCLE
  5
aff
330
1F
100
AcDbEntity
  8
Multi-Layer
100
AcDbCircle
 10
30.138938277876605
 20
14.35102870205742
 30
0.0
 40
0.7500127000254001
  0
CIRCLE
  5
b00
330
1F
100
AcDbEntity
  8
Multi-Layer
100
AcDbCircle
 10
30.1391922783846
 20
14.35102870205742
 30
0.0
 40
1.2000000000000002
0
HATCH
5
b01
100
AcDbEntity
8
Multi-Layer
100
AcDbHatch
10
0
20
0
30
0
210
0
220
0
230
1
2
SOLID
70
1
71
0
91
1
92
7
72
1
73
1
93
2
10
28.9391922783846
20
14.35102870205742
42
1
10
31.339192278384598
20
14.35102870205742
42
1
97
1
330

75
0
76
1
47
0.8681437583925616
98
1
10
3.629517071192367
20
33.92795499968543
450
0
451
0
460
0
461
0
452
1
462
1
453
2
463
0
63
5
421
255
463
1
63
7
421
16777215
470
LINEAR
1001
ACAD
1010
0
1020
0
1030
0
  0
CIRCLE
  5
b02
330
1F
100
AcDbEntity
  8
TopSolderMaskLayer
100
AcDbCircle
 10
25.138938277876605
 20
14.35102870205742
 30
0.0
 40
0.7658880005932055
  0
CIRCLE
  5
b03
330
1F
100
AcDbEntity
  8
TopSolderMaskLayer
100
AcDbCircle
 10
25.1391922783846
 20
14.35102870205742
 30
0.0
 40
1.2254000508001017
0
HATCH
5
b04
100
AcDbEntity
8
TopSolderMaskLayer
100
AcDbHatch
10
0
20
0
30
0
210
0
220
0
230
1
2
SOLID
70
1
71
0
91
1
92
7
72
1
73
1
93
2
10
23.913792227584498
20
14.35102870205742
42
1
10
26.3645923291847
20
14.35102870205742
42
1
97
1
330

75
0
76
1
47
0.8681437583925616
98
1
10
3.629517071192367
20
33.92795499968543
450
0
451
0
460
0
461
0
452
1
462
1
453
2
463
0
63
5
421
255
463
1
63
7
421
16777215
470
LINEAR
1001
ACAD
1010
0
1020
0
1030
0
  0
CIRCLE
  5
b05
330
1F
100
AcDbEntity
  8
BottomSolderMaskLayer
100
AcDbCircle
 10
25.138938277876605
 20
14.35102870205742
 30
0.0
 40
0.7658880005932055
  0
CIRCLE
  5
b06
330
1F
100
AcDbEntity
  8
BottomSolderMaskLayer
100
AcDbCircle
 10
25.1391922783846
 20
14.35102870205742
 30
0.0
 40
1.2254000508001017
0
HATCH
5
b07
100
AcDbEntity
8
BottomSolderMaskLayer
100
AcDbHatch
10
0
20
0
30
0
210
0
220
0
230
1
2
SOLID
70
1
71
0
91
1
92
7
72
1
73
1
93
2
10
23.913792227584498
20
14.35102870205742
42
1
10
26.3645923291847
20
14.35102870205742
42
1
97
1
330

75
0
76
1
47
0.8681437583925616
98
1
10
3.629517071192367
20
33.92795499968543
450
0
451
0
460
0
461
0
452
1
462
1
453
2
463
0
63
5
421
255
463
1
63
7
421
16777215
470
LINEAR
1001
ACAD
1010
0
1020
0
1030
0
  0
CIRCLE
  5
b08
330
1F
100
AcDbEntity
  8
Multi-Layer
100
AcDbCircle
 10
25.138938277876605
 20
14.35102870205742
 30
0.0
 40
0.7500127000254001
  0
CIRCLE
  5
b09
330
1F
100
AcDbEntity
  8
Multi-Layer
100
AcDbCircle
 10
25.1391922783846
 20
14.35102870205742
 30
0.0
 40
1.2000000000000002
0
HATCH
5
b0a
100
AcDbEntity
8
Multi-Layer
100
AcDbHatch
10
0
20
0
30
0
210
0
220
0
230
1
2
SOLID
70
1
71
0
91
1
92
7
72
1
73
1
93
2
10
23.9391922783846
20
14.35102870205742
42
1
10
26.339192278384598
20
14.35102870205742
42
1
97
1
330

75
0
76
1
47
0.8681437583925616
98
1
10
3.629517071192367
20
33.92795499968543
450
0
451
0
460
0
461
0
452
1
462
1
453
2
463
0
63
5
421
255
463
1
63
7
421
16777215
470
LINEAR
1001
ACAD
1010
0
1020
0
1030
0
  0
CIRCLE
  5
b0b
330
1F
100
AcDbEntity
  8
TopSolderMaskLayer
100
AcDbCircle
 10
75.20015240030489
 20
50.54605029210063
 30
0.0
 40
0.4312616009847404
  0
CIRCLE
  5
b0c
330
1F
100
AcDbEntity
  8
TopSolderMaskLayer
100
AcDbCircle
 10
75.20015240030489
 20
50.54610109220221
 30
0.0
 40
0.7008001016002033
0
HATCH
5
b0d
100
AcDbEntity
8
TopSolderMaskLayer
100
AcDbHatch
10
0
20
0
30
0
210
0
220
0
230
1
2
SOLID
70
1
71
0
91
1
92
7
72
1
73
1
93
2
10
74.49935229870468
20
50.54610109220221
42
1
10
75.9009525019051
20
50.54610109220221
42
1
97
1
330

75
0
76
1
47
0.8681437583925616
98
1
10
3.629517071192367
20
33.92795499968543
450
0
451
0
460
0
461
0
452
1
462
1
453
2
463
0
63
5
421
255
463
1
63
7
421
16777215
470
LINEAR
1001
ACAD
1010
0
1020
0
1030
0
  0
CIRCLE
  5
b0e
330
1F
100
AcDbEntity
  8
BottomSolderMaskLayer
100
AcDbCircle
 10
75.20015240030489
 20
50.54605029210063
 30
0.0
 40
0.4312616009847404
  0
CIRCLE
  5
b0f
330
1F
100
AcDbEntity
  8
BottomSolderMaskLayer
100
AcDbCircle
 10
75.20015240030489
 20
50.54610109220221
 30
0.0
 40
0.7008001016002033
0
HATCH
5
b10
100
AcDbEntity
8
BottomSolderMaskLayer
100
AcDbHatch
10
0
20
0
30
0
210
0
220
0
230
1
2
SOLID
70
1
71
0
91
1
92
7
72
1
73
1
93
2
10
74.49935229870468
20
50.54610109220221
42
1
10
75.9009525019051
20
50.54610109220221
42
1
97
1
330

75
0
76
1
47
0.8681437583925616
98
1
10
3.629517071192367
20
33.92795499968543
450
0
451
0
460
0
461
0
452
1
462
1
453
2
463
0
63
5
421
255
463
1
63
7
421
16777215
470
LINEAR
1001
ACAD
1010
0
1020
0
1030
0
  0
CIRCLE
  5
b11
330
1F
100
AcDbEntity
  8
Multi-Layer
100
AcDbCircle
 10
75.20015240030489
 20
50.54605029210063
 30
0.0
 40
0.4
  0
CIRCLE
  5
b12
330
1F
100
AcDbEntity
  8
Multi-Layer
100
AcDbCircle
 10
75.20015240030489
 20
50.54610109220221
 30
0.0
 40
0.6500000000000001
0
HATCH
5
b13
100
AcDbEntity
8
Multi-Layer
100
AcDbHatch
10
0
20
0
30
0
210
0
220
0
230
1
2
SOLID
70
1
71
0
91
1
92
7
72
1
73
1
93
2
10
74.55015240030488
20
50.54610109220221
42
1
10
75.85015240030489
20
50.54610109220221
42
1
97
1
330

75
0
76
1
47
0.8681437583925616
98
1
10
3.629517071192367
20
33.92795499968543
450
0
451
0
460
0
461
0
452
1
462
1
453
2
463
0
63
5
421
255
463
1
63
7
421
16777215
470
LINEAR
1001
ACAD
1010
0
1020
0
1030
0
  0
CIRCLE
  5
b14
330
1F
100
AcDbEntity
  8
TopSolderMaskLayer
100
AcDbCircle
 10
77.20015240030489
 20
50.54605029210063
 30
0.0
 40
0.4312616009847404
  0
CIRCLE
  5
b15
330
1F
100
AcDbEntity
  8
TopSolderMaskLayer
100
AcDbCircle
 10
77.20015240030489
 20
50.54610109220221
 30
0.0
 40
0.7008001016002033
0
HATCH
5
b16
100
AcDbEntity
8
TopSolderMaskLayer
100
AcDbHatch
10
0
20
0
30
0
210
0
220
0
230
1
2
SOLID
70
1
71
0
91
1
92
7
72
1
73
1
93
2
10
76.49935229870468
20
50.54610109220221
42
1
10
77.9009525019051
20
50.54610109220221
42
1
97
1
330

75
0
76
1
47
0.8681437583925616
98
1
10
3.629517071192367
20
33.92795499968543
450
0
451
0
460
0
461
0
452
1
462
1
453
2
463
0
63
5
421
255
463
1
63
7
421
16777215
470
LINEAR
1001
ACAD
1010
0
1020
0
1030
0
  0
CIRCLE
  5
b17
330
1F
100
AcDbEntity
  8
BottomSolderMaskLayer
100
AcDbCircle
 10
77.20015240030489
 20
50.54605029210063
 30
0.0
 40
0.4312616009847404
  0
CIRCLE
  5
b18
330
1F
100
AcDbEntity
  8
BottomSolderMaskLayer
100
AcDbCircle
 10
77.20015240030489
 20
50.54610109220221
 30
0.0
 40
0.7008001016002033
0
HATCH
5
b19
100
AcDbEntity
8
BottomSolderMaskLayer
100
AcDbHatch
10
0
20
0
30
0
210
0
220
0
230
1
2
SOLID
70
1
71
0
91
1
92
7
72
1
73
1
93
2
10
76.49935229870468
20
50.54610109220221
42
1
10
77.9009525019051
20
50.54610109220221
42
1
97
1
330

75
0
76
1
47
0.8681437583925616
98
1
10
3.629517071192367
20
33.92795499968543
450
0
451
0
460
0
461
0
452
1
462
1
453
2
463
0
63
5
421
255
463
1
63
7
421
16777215
470
LINEAR
1001
ACAD
1010
0
1020
0
1030
0
  0
CIRCLE
  5
b1a
330
1F
100
AcDbEntity
  8
Multi-Layer
100
AcDbCircle
 10
77.20015240030489
 20
50.54605029210063
 30
0.0
 40
0.4
  0
CIRCLE
  5
b1b
330
1F
100
AcDbEntity
  8
Multi-Layer
100
AcDbCircle
 10
77.20015240030489
 20
50.54610109220221
 30
0.0
 40
0.6500000000000001
0
HATCH
5
b1c
100
AcDbEntity
8
Multi-Layer
100
AcDbHatch
10
0
20
0
30
0
210
0
220
0
230
1
2
SOLID
70
1
71
0
91
1
92
7
72
1
73
1
93
2
10
76.55015240030488
20
50.54610109220221
42
1
10
77.85015240030489
20
50.54610109220221
42
1
97
1
330

75
0
76
1
47
0.8681437583925616
98
1
10
3.629517071192367
20
33.92795499968543
450
0
451
0
460
0
461
0
452
1
462
1
453
2
463
0
63
5
421
255
463
1
63
7
421
16777215
470
LINEAR
1001
ACAD
1010
0
1020
0
1030
0
  0
CIRCLE
  5
b1d
330
1F
100
AcDbEntity
  8
TopSolderMaskLayer
100
AcDbCircle
 10
54.118110236220446
 20
23.113995427990858
 30
0.0
 40
0.4312616009847404
  0
CIRCLE
  5
b1e
330
1F
100
AcDbEntity
  8
TopSolderMaskLayer
100
AcDbCircle
 10
54.118110236220446
 20
23.114046228092434
 30
0.0
 40
0.7008001016002033
0
HATCH
5
b1f
100
AcDbEntity
8
TopSolderMaskLayer
100
AcDbHatch
10
0
20
0
30
0
210
0
220
0
230
1
2
SOLID
70
1
71
0
91
1
92
7
72
1
73
1
93
2
10
53.417310134620244
20
23.114046228092434
42
1
10
54.81891033782065
20
23.114046228092434
42
1
97
1
330

75
0
76
1
47
0.8681437583925616
98
1
10
3.629517071192367
20
33.92795499968543
450
0
451
0
460
0
461
0
452
1
462
1
453
2
463
0
63
5
421
255
463
1
63
7
421
16777215
470
LINEAR
1001
ACAD
1010
0
1020
0
1030
0
  0
CIRCLE
  5
b20
330
1F
100
AcDbEntity
  8
BottomSolderMaskLayer
100
AcDbCircle
 10
54.118110236220446
 20
23.113995427990858
 30
0.0
 40
0.4312616009847404
  0
CIRCLE
  5
b21
330
1F
100
AcDbEntity
  8
BottomSolderMaskLayer
100
AcDbCircle
 10
54.118110236220446
 20
23.114046228092434
 30
0.0
 40
0.7008001016002033
0
HATCH
5
b22
100
AcDbEntity
8
BottomSolderMaskLayer
100
AcDbHatch
10
0
20
0
30
0
210
0
220
0
230
1
2
SOLID
70
1
71
0
91
1
92
7
72
1
73
1
93
2
10
53.417310134620244
20
23.114046228092434
42
1
10
54.81891033782065
20
23.114046228092434
42
1
97
1
330

75
0
76
1
47
0.8681437583925616
98
1
10
3.629517071192367
20
33.92795499968543
450
0
451
0
460
0
461
0
452
1
462
1
453
2
463
0
63
5
421
255
463
1
63
7
421
16777215
470
LINEAR
1001
ACAD
1010
0
1020
0
1030
0
  0
CIRCLE
  5
b23
330
1F
100
AcDbEntity
  8
Multi-Layer
100
AcDbCircle
 10
54.118110236220446
 20
23.113995427990858
 30
0.0
 40
0.4
  0
CIRCLE
  5
b24
330
1F
100
AcDbEntity
  8
Multi-Layer
100
AcDbCircle
 10
54.118110236220446
 20
23.114046228092434
 30
0.0
 40
0.6500000000000001
0
HATCH
5
b25
100
AcDbEntity
8
Multi-Layer
100
AcDbHatch
10
0
20
0
30
0
210
0
220
0
230
1
2
SOLID
70
1
71
0
91
1
92
7
72
1
73
1
93
2
10
53.46811023622045
20
23.114046228092434
42
1
10
54.768110236220444
20
23.114046228092434
42
1
97
1
330

75
0
76
1
47
0.8681437583925616
98
1
10
3.629517071192367
20
33.92795499968543
450
0
451
0
460
0
461
0
452
1
462
1
453
2
463
0
63
5
421
255
463
1
63
7
421
16777215
470
LINEAR
1001
ACAD
1010
0
1020
0
1030
0
  0
CIRCLE
  5
b26
330
1F
100
AcDbEntity
  8
TopSolderMaskLayer
100
AcDbCircle
 10
56.118110236220446
 20
23.113995427990858
 30
0.0
 40
0.4312616009847404
  0
CIRCLE
  5
b27
330
1F
100
AcDbEntity
  8
TopSolderMaskLayer
100
AcDbCircle
 10
56.118110236220446
 20
23.114046228092434
 30
0.0
 40
0.7008001016002033
0
HATCH
5
b28
100
AcDbEntity
8
TopSolderMaskLayer
100
AcDbHatch
10
0
20
0
30
0
210
0
220
0
230
1
2
SOLID
70
1
71
0
91
1
92
7
72
1
73
1
93
2
10
55.417310134620244
20
23.114046228092434
42
1
10
56.81891033782065
20
23.114046228092434
42
1
97
1
330

75
0
76
1
47
0.8681437583925616
98
1
10
3.629517071192367
20
33.92795499968543
450
0
451
0
460
0
461
0
452
1
462
1
453
2
463
0
63
5
421
255
463
1
63
7
421
16777215
470
LINEAR
1001
ACAD
1010
0
1020
0
1030
0
  0
CIRCLE
  5
b29
330
1F
100
AcDbEntity
  8
BottomSolderMaskLayer
100
AcDbCircle
 10
56.118110236220446
 20
23.113995427990858
 30
0.0
 40
0.4312616009847404
  0
CIRCLE
  5
b2a
330
1F
100
AcDbEntity
  8
BottomSolderMaskLayer
100
AcDbCircle
 10
56.118110236220446
 20
23.114046228092434
 30
0.0
 40
0.7008001016002033
0
HATCH
5
b2b
100
AcDbEntity
8
BottomSolderMaskLayer
100
AcDbHatch
10
0
20
0
30
0
210
0
220
0
230
1
2
SOLID
70
1
71
0
91
1
92
7
72
1
73
1
93
2
10
55.417310134620244
20
23.114046228092434
42
1
10
56.81891033782065
20
23.114046228092434
42
1
97
1
330

75
0
76
1
47
0.8681437583925616
98
1
10
3.629517071192367
20
33.92795499968543
450
0
451
0
460
0
461
0
452
1
462
1
453
2
463
0
63
5
421
255
463
1
63
7
421
16777215
470
LINEAR
1001
ACAD
1010
0
1020
0
1030
0
  0
CIRCLE
  5
b2c
330
1F
100
AcDbEntity
  8
Multi-Layer
100
AcDbCircle
 10
56.118110236220446
 20
23.113995427990858
 30
0.0
 40
0.4
  0
CIRCLE
  5
b2d
330
1F
100
AcDbEntity
  8
Multi-Layer
100
AcDbCircle
 10
56.118110236220446
 20
23.114046228092434
 30
0.0
 40
0.6500000000000001
0
HATCH
5
b2e
100
AcDbEntity
8
Multi-Layer
100
AcDbHatch
10
0
20
0
30
0
210
0
220
0
230
1
2
SOLID
70
1
71
0
91
1
92
7
72
1
73
1
93
2
10
55.46811023622045
20
23.114046228092434
42
1
10
56.768110236220444
20
23.114046228092434
42
1
97
1
330

75
0
76
1
47
0.8681437583925616
98
1
10
3.629517071192367
20
33.92795499968543
450
0
451
0
460
0
461
0
452
1
462
1
453
2
463
0
63
5
421
255
463
1
63
7
421
16777215
470
LINEAR
1001
ACAD
1010
0
1020
0
1030
0
0
HATCH
5
57c
100
AcDbEntity
8
TopSolderMaskLayer
100
AcDbHatch
10
0
20
0
30
0
210
0
220
0
230
1
2
SOLID
70
1
71
0
91
1
92
7
72
0
73
1
93
4
10
54.27810515621036
20
46.3204978409957
10
55.27891795783603
20
46.3204978409957
10
55.27891795783603
20
45.1196850393701
10
54.27810515621036
20
45.1196850393701
97
1
330

75
0
76
1
47
0.4128176842155181
98
1
10
34.90568961886538
20
22.81183545379326
450
0
451
0
460
0
461
0
452
1
462
1
453
2
463
0
63
5
421
255
463
1
63
7
421
16777215
470
LINEAR
1001
ACAD
1010
0
1020
0
1030
0
0
HATCH
5
57f
100
AcDbEntity
8
TopPasteMaskLayer
100
AcDbHatch
10
0
20
0
30
0
210
0
220
0
230
1
2
SOLID
70
1
71
0
91
1
92
7
72
0
73
1
93
4
10
54.30350520701063
20
46.295097790195655
10
55.25351790703576
20
46.295097790195655
10
55.25351790703576
20
45.14508509017014
10
54.30350520701063
20
45.14508509017014
97
1
330

75
0
76
1
47
0.4128176842155181
98
1
10
34.90568961886538
20
22.81183545379326
450
0
451
0
460
0
461
0
452
1
462
1
453
2
463
0
63
5
421
255
463
1
63
7
421
16777215
470
LINEAR
1001
ACAD
1010
0
1020
0
1030
0
0
HATCH
5
582
100
AcDbEntity
8
TopLayer
100
AcDbHatch
10
0
20
0
30
0
210
0
220
0
230
1
2
SOLID
70
1
71
0
91
1
92
7
72
0
73
1
93
4
10
54.30350520701063
20
46.295097790195655
10
55.25351790703576
20
46.295097790195655
10
55.25351790703576
20
45.14508509017014
10
54.30350520701063
20
45.14508509017014
97
1
330

75
0
76
1
47
0.4128176842155181
98
1
10
34.90568961886538
20
22.81183545379326
450
0
451
0
460
0
461
0
452
1
462
1
453
2
463
0
63
5
421
255
463
1
63
7
421
16777215
470
LINEAR
1001
ACAD
1010
0
1020
0
1030
0
0
HATCH
5
585
100
AcDbEntity
8
TopSolderMaskLayer
100
AcDbHatch
10
0
20
0
30
0
210
0
220
0
230
1
2
SOLID
70
1
71
0
91
1
92
7
72
0
73
1
93
4
10
50.89329438658888
20
46.3204978409957
10
51.89410718821432
20
46.3204978409957
10
51.89410718821432
20
45.1196850393701
10
50.89329438658888
20
45.1196850393701
97
1
330

75
0
76
1
47
0.4128176842155181
98
1
10
34.90568961886538
20
22.81183545379326
450
0
451
0
460
0
461
0
452
1
462
1
453
2
463
0
63
5
421
255
463
1
63
7
421
16777215
470
LINEAR
1001
ACAD
1010
0
1020
0
1030
0
0
HATCH
5
588
100
AcDbEntity
8
TopPasteMaskLayer
100
AcDbHatch
10
0
20
0
30
0
210
0
220
0
230
1
2
SOLID
70
1
71
0
91
1
92
7
72
0
73
1
93
4
10
50.91869443738892
20
46.295097790195655
10
51.868707137414276
20
46.295097790195655
10
51.868707137414276
20
45.14508509017014
10
50.91869443738892
20
45.14508509017014
97
1
330

75
0
76
1
47
0.4128176842155181
98
1
10
34.90568961886538
20
22.81183545379326
450
0
451
0
460
0
461
0
452
1
462
1
453
2
463
0
63
5
421
255
463
1
63
7
421
16777215
470
LINEAR
1001
ACAD
1010
0
1020
0
1030
0
0
HATCH
5
58b
100
AcDbEntity
8
TopLayer
100
AcDbHatch
10
0
20
0
30
0
210
0
220
0
230
1
2
SOLID
70
1
71
0
91
1
92
7
72
0
73
1
93
4
10
50.91869443738892
20
46.295097790195655
10
51.868707137414276
20
46.295097790195655
10
51.868707137414276
20
45.14508509017014
10
50.91869443738892
20
45.14508509017014
97
1
330

75
0
76
1
47
0.4128176842155181
98
1
10
34.90568961886538
20
22.81183545379326
450
0
451
0
460
0
461
0
452
1
462
1
453
2
463
0
63
5
421
255
463
1
63
7
421
16777215
470
LINEAR
1001
ACAD
1010
0
1020
0
1030
0
0
HATCH
5
58e
100
AcDbEntity
8
TopSolderMaskLayer
100
AcDbHatch
10
0
20
0
30
0
210
0
220
0
230
1
2
SOLID
70
1
71
0
91
1
92
7
72
0
73
1
93
4
10
38.27607315214641
20
46.44749809499626
10
39.27688595377185
20
46.44749809499626
10
39.27688595377185
20
45.24668529337055
10
38.27607315214641
20
45.24668529337055
97
1
330

75
0
76
1
47
0.4128176842155181
98
1
10
34.90568961886538
20
22.81183545379326
450
0
451
0
460
0
461
0
452
1
462
1
453
2
463
0
63
5
421
255
463
1
63
7
421
16777215
470
LINEAR
1001
ACAD
1010
0
1020
0
1030
0
0
HATCH
5
591
100
AcDbEntity
8
TopPasteMaskLayer
100
AcDbHatch
10
0
20
0
30
0
210
0
220
0
230
1
2
SOLID
70
1
71
0
91
1
92
7
72
0
73
1
93
4
10
38.301473202946454
20
46.422098044196105
10
39.25148590297181
20
46.422098044196105
10
39.25148590297181
20
45.272085344170705
10
38.301473202946454
20
45.272085344170705
97
1
330

75
0
76
1
47
0.4128176842155181
98
1
10
34.90568961886538
20
22.81183545379326
450
0
451
0
460
0
461
0
452
1
462
1
453
2
463
0
63
5
421
255
463
1
63
7
421
16777215
470
LINEAR
1001
ACAD
1010
0
1020
0
1030
0
0
HATCH
5
594
100
AcDbEntity
8
TopLayer
100
AcDbHatch
10
0
20
0
30
0
210
0
220
0
230
1
2
SOLID
70
1
71
0
91
1
92
7
72
0
73
1
93
4
10
38.301473202946454
20
46.422098044196105
10
39.25148590297181
20
46.422098044196105
10
39.25148590297181
20
45.272085344170705
10
38.301473202946454
20
45.272085344170705
97
1
330

75
0
76
1
47
0.4128176842155181
98
1
10
34.90568961886538
20
22.81183545379326
450
0
451
0
460
0
461
0
452
1
462
1
453
2
463
0
63
5
421
255
463
1
63
7
421
16777215
470
LINEAR
1001
ACAD
1010
0
1020
0
1030
0
0
HATCH
5
597
100
AcDbEntity
8
TopSolderMaskLayer
100
AcDbHatch
10
0
20
0
30
0
210
0
220
0
230
1
2
SOLID
70
1
71
0
91
1
92
7
72
0
73
1
93
4
10
34.8912623825247
20
46.44749809499626
10
35.89207518415037
20
46.44749809499626
10
35.89207518415037
20
45.24668529337055
10
34.8912623825247
20
45.24668529337055
97
1
330

75
0
76
1
47
0.4128176842155181
98
1
10
34.90568961886538
20
22.81183545379326
450
0
451
0
460
0
461
0
452
1
462
1
453
2
463
0
63
5
421
255
463
1
63
7
421
16777215
470
LINEAR
1001
ACAD
1010
0
1020
0
1030
0
0
HATCH
5
59a
100
AcDbEntity
8
TopPasteMaskLayer
100
AcDbHatch
10
0
20
0
30
0
210
0
220
0
230
1
2
SOLID
70
1
71
0
91
1
92
7
72
0
73
1
93
4
10
34.91666243332497
20
46.422098044196105
10
35.8666751333501
20
46.422098044196105
10
35.8666751333501
20
45.272085344170705
10
34.91666243332497
20
45.272085344170705
97
1
330

75
0
76
1
47
0.4128176842155181
98
1
10
34.90568961886538
20
22.81183545379326
450
0
451
0
460
0
461
0
452
1
462
1
453
2
463
0
63
5
421
255
463
1
63
7
421
16777215
470
LINEAR
1001
ACAD
1010
0
1020
0
1030
0
0
HATCH
5
59d
100
AcDbEntity
8
TopLayer
100
AcDbHatch
10
0
20
0
30
0
210
0
220
0
230
1
2
SOLID
70
1
71
0
91
1
92
7
72
0
73
1
93
4
10
34.91666243332497
20
46.422098044196105
10
35.8666751333501
20
46.422098044196105
10
35.8666751333501
20
45.272085344170705
10
34.91666243332497
20
45.272085344170705
97
1
330

75
0
76
1
47
0.4128176842155181
98
1
10
34.90568961886538
20
22.81183545379326
450
0
451
0
460
0
461
0
452
1
462
1
453
2
463
0
63
5
421
255
463
1
63
7
421
16777215
470
LINEAR
1001
ACAD
1010
0
1020
0
1030
0
0
HATCH
5
5a0
100
AcDbEntity
8
TopSolderMaskLayer
100
AcDbHatch
10
0
20
0
30
0
210
0
220
0
230
1
2
SOLID
70
1
71
0
91
1
92
7
72
0
73
1
93
4
10
23.544043688087413
20
46.44749809499626
10
24.544856489713084
20
46.44749809499626
10
24.544856489713084
20
45.24668529337055
10
23.544043688087413
20
45.24668529337055
97
1
330

75
0
76
1
47
0.4128176842155181
98
1
10
34.90568961886538
20
22.81183545379326
450
0
451
0
460
0
461
0
452
1
462
1
453
2
463
0
63
5
421
255
463
1
63
7
421
16777215
470
LINEAR
1001
ACAD
1010
0
1020
0
1030
0
0
HATCH
5
5a3
100
AcDbEntity
8
TopPasteMaskLayer
100
AcDbHatch
10
0
20
0
30
0
210
0
220
0
230
1
2
SOLID
70
1
71
0
91
1
92
7
72
0
73
1
93
4
10
23.569443738887685
20
46.422098044196105
10
24.519456438912812
20
46.422098044196105
10
24.519456438912812
20
45.272085344170705
10
23.569443738887685
20
45.272085344170705
97
1
330

75
0
76
1
47
0.4128176842155181
98
1
10
34.90568961886538
20
22.81183545379326
450
0
451
0
460
0
461
0
452
1
462
1
453
2
463
0
63
5
421
255
463
1
63
7
421
16777215
470
LINEAR
1001
ACAD
1010
0
1020
0
1030
0
0
HATCH
5
5a6
100
AcDbEntity
8
TopLayer
100
AcDbHatch
10
0
20
0
30
0
210
0
220
0
230
1
2
SOLID
70
1
71
0
91
1
92
7
72
0
73
1
93
4
10
23.569443738887685
20
46.422098044196105
10
24.519456438912812
20
46.422098044196105
10
24.519456438912812
20
45.272085344170705
10
23.569443738887685
20
45.272085344170705
97
1
330

75
0
76
1
47
0.4128176842155181
98
1
10
34.90568961886538
20
22.81183545379326
450
0
451
0
460
0
461
0
452
1
462
1
453
2
463
0
63
5
421
255
463
1
63
7
421
16777215
470
LINEAR
1001
ACAD
1010
0
1020
0
1030
0
0
HATCH
5
5a9
100
AcDbEntity
8
TopSolderMaskLayer
100
AcDbHatch
10
0
20
0
30
0
210
0
220
0
230
1
2
SOLID
70
1
71
0
91
1
92
7
72
0
73
1
93
4
10
20.159232918465932
20
46.44749809499626
10
21.160045720091375
20
46.44749809499626
10
21.160045720091375
20
45.24668529337055
10
20.159232918465932
20
45.24668529337055
97
1
330

75
0
76
1
47
0.4128176842155181
98
1
10
34.90568961886538
20
22.81183545379326
450
0
451
0
460
0
461
0
452
1
462
1
453
2
463
0
63
5
421
255
463
1
63
7
421
16777215
470
LINEAR
1001
ACAD
1010
0
1020
0
1030
0
0
HATCH
5
5ac
100
AcDbEntity
8
TopPasteMaskLayer
100
AcDbHatch
10
0
20
0
30
0
210
0
220
0
230
1
2
SOLID
70
1
71
0
91
1
92
7
72
0
73
1
93
4
10
20.184632969265976
20
46.422098044196105
10
21.13464566929133
20
46.422098044196105
10
21.13464566929133
20
45.272085344170705
10
20.184632969265976
20
45.272085344170705
97
1
330

75
0
76
1
47
0.4128176842155181
98
1
10
34.90568961886538
20
22.81183545379326
450
0
451
0
460
0
461
0
452
1
462
1
453
2
463
0
63
5
421
255
463
1
63
7
421
16777215
470
LINEAR
1001
ACAD
1010
0
1020
0
1030
0
0
HATCH
5
5af
100
AcDbEntity
8
TopLayer
100
AcDbHatch
10
0
20
0
30
0
210
0
220
0
230
1
2
SOLID
70
1
71
0
91
1
92
7
72
0
73
1
93
4
10
20.184632969265976
20
46.422098044196105
10
21.13464566929133
20
46.422098044196105
10
21.13464566929133
20
45.272085344170705
10
20.184632969265976
20
45.272085344170705
97
1
330

75
0
76
1
47
0.4128176842155181
98
1
10
34.90568961886538
20
22.81183545379326
450
0
451
0
460
0
461
0
452
1
462
1
453
2
463
0
63
5
421
255
463
1
63
7
421
16777215
470
LINEAR
1001
ACAD
1010
0
1020
0
1030
0
0
HATCH
5
5b2
100
AcDbEntity
8
TopSolderMaskLayer
100
AcDbHatch
10
0
20
0
30
0
210
0
220
0
230
1
2
SOLID
70
1
71
0
91
1
92
7
72
0
73
1
93
4
10
6.145008890017834
20
46.57449834899671
10
7.145821691643505
20
46.57449834899671
10
7.145821691643505
20
45.37368554737111
10
6.145008890017834
20
45.37368554737111
97
1
330

75
0
76
1
47
0.4128176842155181
98
1
10
34.90568961886538
20
22.81183545379326
450
0
451
0
460
0
461
0
452
1
462
1
453
2
463
0
63
5
421
255
463
1
63
7
421
16777215
470
LINEAR
1001
ACAD
1010
0
1020
0
1030
0
0
HATCH
5
5b5
100
AcDbEntity
8
TopPasteMaskLayer
100
AcDbHatch
10
0
20
0
30
0
210
0
220
0
230
1
2
SOLID
70
1
71
0
91
1
92
7
72
0
73
1
93
4
10
6.170408940817879
20
46.54909829819667
10
7.120421640843233
20
46.54909829819667
10
7.120421640843233
20
45.399085598171155
10
6.170408940817879
20
45.399085598171155
97
1
330

75
0
76
1
47
0.4128176842155181
98
1
10
34.90568961886538
20
22.81183545379326
450
0
451
0
460
0
461
0
452
1
462
1
453
2
463
0
63
5
421
255
463
1
63
7
421
16777215
470
LINEAR
1001
ACAD
1010
0
1020
0
1030
0
0
HATCH
5
5b8
100
AcDbEntity
8
TopLayer
100
AcDbHatch
10
0
20
0
30
0
210
0
220
0
230
1
2
SOLID
70
1
71
0
91
1
92
7
72
0
73
1
93
4
10
6.170408940817879
20
46.54909829819667
10
7.120421640843233
20
46.54909829819667
10
7.120421640843233
20
45.399085598171155
10
6.170408940817879
20
45.399085598171155
97
1
330

75
0
76
1
47
0.4128176842155181
98
1
10
34.90568961886538
20
22.81183545379326
450
0
451
0
460
0
461
0
452
1
462
1
453
2
463
0
63
5
421
255
463
1
63
7
421
16777215
470
LINEAR
1001
ACAD
1010
0
1020
0
1030
0
0
HATCH
5
5bb
100
AcDbEntity
8
TopSolderMaskLayer
100
AcDbHatch
10
0
20
0
30
0
210
0
220
0
230
1
2
SOLID
70
1
71
0
91
1
92
7
72
0
73
1
93
4
10
2.7601981203962396
20
46.57449834899671
10
3.7610109220217964
20
46.57449834899671
10
3.7610109220217964
20
45.37368554737111
10
2.7601981203962396
20
45.37368554737111
97
1
330

75
0
76
1
47
0.4128176842155181
98
1
10
34.90568961886538
20
22.81183545379326
450
0
451
0
460
0
461
0
452
1
462
1
453
2
463
0
63
5
421
255
463
1
63
7
421
16777215
470
LINEAR
1001
ACAD
1010
0
1020
0
1030
0
0
HATCH
5
5be
100
AcDbEntity
8
TopPasteMaskLayer
100
AcDbHatch
10
0
20
0
30
0
210
0
220
0
230
1
2
SOLID
70
1
71
0
91
1
92
7
72
0
73
1
93
4
10
2.785598171196284
20
46.54909829819667
10
3.735610871221752
20
46.54909829819667
10
3.735610871221752
20
45.399085598171155
10
2.785598171196284
20
45.399085598171155
97
1
330

75
0
76
1
47
0.4128176842155181
98
1
10
34.90568961886538
20
22.81183545379326
450
0
451
0
460
0
461
0
452
1
462
1
453
2
463
0
63
5
421
255
463
1
63
7
421
16777215
470
LINEAR
1001
ACAD
1010
0
1020
0
1030
0
0
HATCH
5
5c1
100
AcDbEntity
8
TopLayer
100
AcDbHatch
10
0
20
0
30
0
210
0
220
0
230
1
2
SOLID
70
1
71
0
91
1
92
7
72
0
73
1
93
4
10
2.785598171196284
20
46.54909829819667
10
3.735610871221752
20
46.54909829819667
10
3.735610871221752
20
45.399085598171155
10
2.785598171196284
20
45.399085598171155
97
1
330

75
0
76
1
47
0.4128176842155181
98
1
10
34.90568961886538
20
22.81183545379326
450
0
451
0
460
0
461
0
452
1
462
1
453
2
463
0
63
5
421
255
463
1
63
7
421
16777215
470
LINEAR
1001
ACAD
1010
0
1020
0
1030
0
  0
CIRCLE
  5
5c2
330
1F
100
AcDbEntity
  8
TopSolderMaskLayer
100
AcDbCircle
 10
49.27609855219703
 20
39.243078486156946
 30
0.0
 40
0.44266377840931787
0
HATCH
5
5c4
100
AcDbEntity
8
TopSolderMaskLayer
100
AcDbHatch
10
0
20
0
30
0
210
0
220
0
230
1
2
SOLID
70
1
71
0
91
1
92
7
72
0
73
1
93
4
10
48.24104648209277
20
39.77012954025906
10
50.31115062230151
20
39.77012954025906
10
50.31115062230151
20
38.71602743205494
10
48.24104648209277
20
38.71602743205494
97
1
330

75
0
76
1
47
0.4128176842155181
98
1
10
34.90568961886538
20
22.81183545379326
450
0
451
0
460
0
461
0
452
1
462
1
453
2
463
0
63
5
421
255
463
1
63
7
421
16777215
470
LINEAR
1001
ACAD
1010
0
1020
0
1030
0
  0
CIRCLE
  5
5c5
330
1F
100
AcDbEntity
  8
BottomSolderMaskLayer
100
AcDbCircle
 10
49.27609855219703
 20
39.243078486156946
 30
0.0
 40
0.44266377840931787
0
HATCH
5
5c7
100
AcDbEntity
8
BottomSolderMaskLayer
100
AcDbHatch
10
0
20
0
30
0
210
0
220
0
230
1
2
SOLID
70
1
71
0
91
1
92
7
72
0
73
1
93
4
10
48.24104648209277
20
39.77012954025906
10
50.31115062230151
20
39.77012954025906
10
50.31115062230151
20
38.71602743205494
10
48.24104648209277
20
38.71602743205494
97
1
330

75
0
76
1
47
0.4128176842155181
98
1
10
34.90568961886538
20
22.81183545379326
450
0
451
0
460
0
461
0
452
1
462
1
453
2
463
0
63
5
421
255
463
1
63
7
421
16777215
470
LINEAR
1001
ACAD
1010
0
1020
0
1030
0
  0
CIRCLE
  5
5c8
330
1F
100
AcDbEntity
  8
Multi-Layer
100
AcDbCircle
 10
49.27609855219703
 20
39.243078486156946
 30
0.0
 40
0.43180086360172726
0
HATCH
5
5ca
100
AcDbEntity
8
Multi-Layer
100
AcDbHatch
10
0
20
0
30
0
210
0
220
0
230
1
2
SOLID
70
1
71
0
91
1
92
7
72
0
73
1
93
4
10
48.26644653289304
20
39.74472948945902
10
50.28575057150124
20
39.74472948945902
10
50.28575057150124
20
38.74142748285499
10
48.26644653289304
20
38.74142748285499
97
1
330

75
0
76
1
47
0.4128176842155181
98
1
10
34.90568961886538
20
22.81183545379326
450
0
451
0
460
0
461
0
452
1
462
1
453
2
463
0
63
5
421
255
463
1
63
7
421
16777215
470
LINEAR
1001
ACAD
1010
0
1020
0
1030
0
  0
CIRCLE
  5
5cb
330
1F
100
AcDbEntity
  8
TopSolderMaskLayer
100
AcDbCircle
 10
49.27609855219703
 20
40.513081026162126
 30
0.0
 40
0.44266377840931787
0
HATCH
5
5cd
100
AcDbEntity
8
TopSolderMaskLayer
100
AcDbHatch
10
0
20
0
30
0
210
0
220
0
230
1
2
SOLID
70
1
71
0
91
1
92
7
72
0
73
1
93
4
10
48.24104648209277
20
41.04013208026413
10
50.31115062230151
20
41.04013208026413
10
50.31115062230151
20
39.98602997206001
10
48.24104648209277
20
39.98602997206001
97
1
330

75
0
76
1
47
0.4128176842155181
98
1
10
34.90568961886538
20
22.81183545379326
450
0
451
0
460
0
461
0
452
1
462
1
453
2
463
0
63
5
421
255
463
1
63
7
421
16777215
470
LINEAR
1001
ACAD
1010
0
1020
0
1030
0
  0
CIRCLE
  5
5ce
330
1F
100
AcDbEntity
  8
BottomSolderMaskLayer
100
AcDbCircle
 10
49.27609855219703
 20
40.513081026162126
 30
0.0
 40
0.44266377840931787
0
HATCH
5
5d0
100
AcDbEntity
8
BottomSolderMaskLayer
100
AcDbHatch
10
0
20
0
30
0
210
0
220
0
230
1
2
SOLID
70
1
71
0
91
1
92
7
72
0
73
1
93
4
10
48.24104648209277
20
41.04013208026413
10
50.31115062230151
20
41.04013208026413
10
50.31115062230151
20
39.98602997206001
10
48.24104648209277
20
39.98602997206001
97
1
330

75
0
76
1
47
0.4128176842155181
98
1
10
34.90568961886538
20
22.81183545379326
450
0
451
0
460
0
461
0
452
1
462
1
453
2
463
0
63
5
421
255
463
1
63
7
421
16777215
470
LINEAR
1001
ACAD
1010
0
1020
0
1030
0
  0
CIRCLE
  5
5d1
330
1F
100
AcDbEntity
  8
Multi-Layer
100
AcDbCircle
 10
49.27609855219703
 20
40.513081026162126
 30
0.0
 40
0.43180086360172726
0
HATCH
5
5d3
100
AcDbEntity
8
Multi-Layer
100
AcDbHatch
10
0
20
0
30
0
210
0
220
0
230
1
2
SOLID
70
1
71
0
91
1
92
7
72
0
73
1
93
4
10
48.26644653289304
20
41.014732029464085
10
50.28575057150124
20
41.014732029464085
10
50.28575057150124
20
40.011430022860054
10
48.26644653289304
20
40.011430022860054
97
1
330

75
0
76
1
47
0.4128176842155181
98
1
10
34.90568961886538
20
22.81183545379326
450
0
451
0
460
0
461
0
452
1
462
1
453
2
463
0
63
5
421
255
463
1
63
7
421
16777215
470
LINEAR
1001
ACAD
1010
0
1020
0
1030
0
  0
CIRCLE
  5
5d4
330
1F
100
AcDbEntity
  8
TopSolderMaskLayer
100
AcDbCircle
 10
49.27609855219703
 20
41.78308356616719
 30
0.0
 40
0.44266377840931787
0
HATCH
5
5d6
100
AcDbEntity
8
TopSolderMaskLayer
100
AcDbHatch
10
0
20
0
30
0
210
0
220
0
230
1
2
SOLID
70
1
71
0
91
1
92
7
72
0
73
1
93
4
10
48.24104648209277
20
42.310134620269196
10
50.31115062230151
20
42.310134620269196
10
50.31115062230151
20
41.256032512065076
10
48.24104648209277
20
41.256032512065076
97
1
330

75
0
76
1
47
0.4128176842155181
98
1
10
34.90568961886538
20
22.81183545379326
450
0
451
0
460
0
461
0
452
1
462
1
453
2
463
0
63
5
421
255
463
1
63
7
421
16777215
470
LINEAR
1001
ACAD
1010
0
1020
0
1030
0
  0
CIRCLE
  5
5d7
330
1F
100
AcDbEntity
  8
BottomSolderMaskLayer
100
AcDbCircle
 10
49.27609855219703
 20
41.78308356616719
 30
0.0
 40
0.44266377840931787
0
HATCH
5
5d9
100
AcDbEntity
8
BottomSolderMaskLayer
100
AcDbHatch
10
0
20
0
30
0
210
0
220
0
230
1
2
SOLID
70
1
71
0
91
1
92
7
72
0
73
1
93
4
10
48.24104648209277
20
42.310134620269196
10
50.31115062230151
20
42.310134620269196
10
50.31115062230151
20
41.256032512065076
10
48.24104648209277
20
41.256032512065076
97
1
330

75
0
76
1
47
0.4128176842155181
98
1
10
34.90568961886538
20
22.81183545379326
450
0
451
0
460
0
461
0
452
1
462
1
453
2
463
0
63
5
421
255
463
1
63
7
421
16777215
470
LINEAR
1001
ACAD
1010
0
1020
0
1030
0
  0
CIRCLE
  5
5da
330
1F
100
AcDbEntity
  8
Multi-Layer
100
AcDbCircle
 10
49.27609855219703
 20
41.78308356616719
 30
0.0
 40
0.43180086360172726
0
HATCH
5
5dc
100
AcDbEntity
8
Multi-Layer
100
AcDbHatch
10
0
20
0
30
0
210
0
220
0
230
1
2
SOLID
70
1
71
0
91
1
92
7
72
0
73
1
93
4
10
48.26644653289304
20
42.28473456946915
10
50.28575057150124
20
42.28473456946915
10
50.28575057150124
20
41.28143256286512
10
48.26644653289304
20
41.28143256286512
97
1
330

75
0
76
1
47
0.4128176842155181
98
1
10
34.90568961886538
20
22.81183545379326
450
0
451
0
460
0
461
0
452
1
462
1
453
2
463
0
63
5
421
255
463
1
63
7
421
16777215
470
LINEAR
1001
ACAD
1010
0
1020
0
1030
0
  0
CIRCLE
  5
5dd
330
1F
100
AcDbEntity
  8
TopSolderMaskLayer
100
AcDbCircle
 10
41.52908305816618
 20
39.37007874015751
 30
0.0
 40
0.44266377840931787
0
HATCH
5
5df
100
AcDbEntity
8
TopSolderMaskLayer
100
AcDbHatch
10
0
20
0
30
0
210
0
220
0
230
1
2
SOLID
70
1
71
0
91
1
92
7
72
0
73
1
93
4
10
40.49403098806192
20
39.89712979425951
10
42.564135128270436
20
39.89712979425951
10
42.564135128270436
20
38.84302768605539
10
40.49403098806192
20
38.84302768605539
97
1
330

75
0
76
1
47
0.4128176842155181
98
1
10
34.90568961886538
20
22.81183545379326
450
0
451
0
460
0
461
0
452
1
462
1
453
2
463
0
63
5
421
255
463
1
63
7
421
16777215
470
LINEAR
1001
ACAD
1010
0
1020
0
1030
0
  0
CIRCLE
  5
5e0
330
1F
100
AcDbEntity
  8
BottomSolderMaskLayer
100
AcDbCircle
 10
41.52908305816618
 20
39.37007874015751
 30
0.0
 40
0.44266377840931787
0
HATCH
5
5e2
100
AcDbEntity
8
BottomSolderMaskLayer
100
AcDbHatch
10
0
20
0
30
0
210
0
220
0
230
1
2
SOLID
70
1
71
0
91
1
92
7
72
0
73
1
93
4
10
40.49403098806192
20
39.89712979425951
10
42.564135128270436
20
39.89712979425951
10
42.564135128270436
20
38.84302768605539
10
40.49403098806192
20
38.84302768605539
97
1
330

75
0
76
1
47
0.4128176842155181
98
1
10
34.90568961886538
20
22.81183545379326
450
0
451
0
460
0
461
0
452
1
462
1
453
2
463
0
63
5
421
255
463
1
63
7
421
16777215
470
LINEAR
1001
ACAD
1010
0
1020
0
1030
0
  0
CIRCLE
  5
5e3
330
1F
100
AcDbEntity
  8
Multi-Layer
100
AcDbCircle
 10
41.52908305816618
 20
39.37007874015751
 30
0.0
 40
0.43180086360172726
0
HATCH
5
5e5
100
AcDbEntity
8
Multi-Layer
100
AcDbHatch
10
0
20
0
30
0
210
0
220
0
230
1
2
SOLID
70
1
71
0
91
1
92
7
72
0
73
1
93
4
10
40.51943103886197
20
39.87172974345947
10
42.538735077470164
20
39.87172974345947
10
42.538735077470164
20
38.86842773685555
10
40.51943103886197
20
38.86842773685555
97
1
330

75
0
76
1
47
0.4128176842155181
98
1
10
34.90568961886538
20
22.81183545379326
450
0
451
0
460
0
461
0
452
1
462
1
453
2
463
0
63
5
421
255
463
1
63
7
421
16777215
470
LINEAR
1001
ACAD
1010
0
1020
0
1030
0
  0
CIRCLE
  5
5e6
330
1F
100
AcDbEntity
  8
TopSolderMaskLayer
100
AcDbCircle
 10
41.52908305816618
 20
40.640081280162576
 30
0.0
 40
0.44266377840931787
0
HATCH
5
5e8
100
AcDbEntity
8
TopSolderMaskLayer
100
AcDbHatch
10
0
20
0
30
0
210
0
220
0
230
1
2
SOLID
70
1
71
0
91
1
92
7
72
0
73
1
93
4
10
40.49403098806192
20
41.16713233426469
10
42.564135128270436
20
41.16713233426469
10
42.564135128270436
20
40.11303022606057
10
40.49403098806192
20
40.11303022606057
97
1
330

75
0
76
1
47
0.4128176842155181
98
1
10
34.90568961886538
20
22.81183545379326
450
0
451
0
460
0
461
0
452
1
462
1
453
2
463
0
63
5
421
255
463
1
63
7
421
16777215
470
LINEAR
1001
ACAD
1010
0
1020
0
1030
0
  0
CIRCLE
  5
5e9
330
1F
100
AcDbEntity
  8
BottomSolderMaskLayer
100
AcDbCircle
 10
41.52908305816618
 20
40.640081280162576
 30
0.0
 40
0.44266377840931787
0
HATCH
5
5eb
100
AcDbEntity
8
BottomSolderMaskLayer
100
AcDbHatch
10
0
20
0
30
0
210
0
220
0
230
1
2
SOLID
70
1
71
0
91
1
92
7
72
0
73
1
93
4
10
40.49403098806192
20
41.16713233426469
10
42.564135128270436
20
41.16713233426469
10
42.564135128270436
20
40.11303022606057
10
40.49403098806192
20
40.11303022606057
97
1
330

75
0
76
1
47
0.4128176842155181
98
1
10
34.90568961886538
20
22.81183545379326
450
0
451
0
460
0
461
0
452
1
462
1
453
2
463
0
63
5
421
255
463
1
63
7
421
16777215
470
LINEAR
1001
ACAD
1010
0
1020
0
1030
0
  0
CIRCLE
  5
5ec
330
1F
100
AcDbEntity
  8
Multi-Layer
100
AcDbCircle
 10
41.52908305816618
 20
40.640081280162576
 30
0.0
 40
0.43180086360172726
0
HATCH
5
5ee
100
AcDbEntity
8
Multi-Layer
100
AcDbHatch
10
0
20
0
30
0
210
0
220
0
230
1
2
SOLID
70
1
71
0
91
1
92
7
72
0
73
1
93
4
10
40.51943103886197
20
41.141732283464535
10
42.538735077470164
20
41.141732283464535
10
42.538735077470164
20
40.13843027686062
10
40.51943103886197
20
40.13843027686062
97
1
330

75
0
76
1
47
0.4128176842155181
98
1
10
34.90568961886538
20
22.81183545379326
450
0
451
0
460
0
461
0
452
1
462
1
453
2
463
0
63
5
421
255
463
1
63
7
421
16777215
470
LINEAR
1001
ACAD
1010
0
1020
0
1030
0
  0
CIRCLE
  5
5ef
330
1F
100
AcDbEntity
  8
TopSolderMaskLayer
100
AcDbCircle
 10
41.52908305816618
 20
41.91008382016764
 30
0.0
 40
0.44266377840931787
0
HATCH
5
5f1
100
AcDbEntity
8
TopSolderMaskLayer
100
AcDbHatch
10
0
20
0
30
0
210
0
220
0
230
1
2
SOLID
70
1
71
0
91
1
92
7
72
0
73
1
93
4
10
40.49403098806192
20
42.43713487426976
10
42.564135128270436
20
42.43713487426976
10
42.564135128270436
20
41.38303276606564
10
40.49403098806192
20
41.38303276606564
97
1
330

75
0
76
1
47
0.4128176842155181
98
1
10
34.90568961886538
20
22.81183545379326
450
0
451
0
460
0
461
0
452
1
462
1
453
2
463
0
63
5
421
255
463
1
63
7
421
16777215
470
LINEAR
1001
ACAD
1010
0
1020
0
1030
0
  0
CIRCLE
  5
5f2
330
1F
100
AcDbEntity
  8
BottomSolderMaskLayer
100
AcDbCircle
 10
41.52908305816618
 20
41.91008382016764
 30
0.0
 40
0.44266377840931787
0
HATCH
5
5f4
100
AcDbEntity
8
BottomSolderMaskLayer
100
AcDbHatch
10
0
20
0
30
0
210
0
220
0
230
1
2
SOLID
70
1
71
0
91
1
92
7
72
0
73
1
93
4
10
40.49403098806192
20
42.43713487426976
10
42.564135128270436
20
42.43713487426976
10
42.564135128270436
20
41.38303276606564
10
40.49403098806192
20
41.38303276606564
97
1
330

75
0
76
1
47
0.4128176842155181
98
1
10
34.90568961886538
20
22.81183545379326
450
0
451
0
460
0
461
0
452
1
462
1
453
2
463
0
63
5
421
255
463
1
63
7
421
16777215
470
LINEAR
1001
ACAD
1010
0
1020
0
1030
0
  0
CIRCLE
  5
5f5
330
1F
100
AcDbEntity
  8
Multi-Layer
100
AcDbCircle
 10
41.52908305816618
 20
41.91008382016764
 30
0.0
 40
0.43180086360172726
0
HATCH
5
5f7
100
AcDbEntity
8
Multi-Layer
100
AcDbHatch
10
0
20
0
30
0
210
0
220
0
230
1
2
SOLID
70
1
71
0
91
1
92
7
72
0
73
1
93
4
10
40.51943103886197
20
42.4117348234696
10
42.538735077470164
20
42.4117348234696
10
42.538735077470164
20
41.408432816865684
10
40.51943103886197
20
41.408432816865684
97
1
330

75
0
76
1
47
0.4128176842155181
98
1
10
34.90568961886538
20
22.81183545379326
450
0
451
0
460
0
461
0
452
1
462
1
453
2
463
0
63
5
421
255
463
1
63
7
421
16777215
470
LINEAR
1001
ACAD
1010
0
1020
0
1030
0
  0
CIRCLE
  5
5f8
330
1F
100
AcDbEntity
  8
TopSolderMaskLayer
100
AcDbCircle
 10
33.14706629413263
 20
39.37007874015751
 30
0.0
 40
0.44266377840931787
0
HATCH
5
5fa
100
AcDbEntity
8
TopSolderMaskLayer
100
AcDbHatch
10
0
20
0
30
0
210
0
220
0
230
1
2
SOLID
70
1
71
0
91
1
92
7
72
0
73
1
93
4
10
32.11201422402837
20
39.89712979425951
10
34.182118364236885
20
39.89712979425951
10
34.182118364236885
20
38.84302768605539
10
32.11201422402837
20
38.84302768605539
97
1
330

75
0
76
1
47
0.4128176842155181
98
1
10
34.90568961886538
20
22.81183545379326
450
0
451
0
460
0
461
0
452
1
462
1
453
2
463
0
63
5
421
255
463
1
63
7
421
16777215
470
LINEAR
1001
ACAD
1010
0
1020
0
1030
0
  0
CIRCLE
  5
5fb
330
1F
100
AcDbEntity
  8
BottomSolderMaskLayer
100
AcDbCircle
 10
33.14706629413263
 20
39.37007874015751
 30
0.0
 40
0.44266377840931787
0
HATCH
5
5fd
100
AcDbEntity
8
BottomSolderMaskLayer
100
AcDbHatch
10
0
20
0
30
0
210
0
220
0
230
1
2
SOLID
70
1
71
0
91
1
92
7
72
0
73
1
93
4
10
32.11201422402837
20
39.89712979425951
10
34.182118364236885
20
39.89712979425951
10
34.182118364236885
20
38.84302768605539
10
32.11201422402837
20
38.84302768605539
97
1
330

75
0
76
1
47
0.4128176842155181
98
1
10
34.90568961886538
20
22.81183545379326
450
0
451
0
460
0
461
0
452
1
462
1
453
2
463
0
63
5
421
255
463
1
63
7
421
16777215
470
LINEAR
1001
ACAD
1010
0
1020
0
1030
0
  0
CIRCLE
  5
5fe
330
1F
100
AcDbEntity
  8
Multi-Layer
100
AcDbCircle
 10
33.14706629413263
 20
39.37007874015751
 30
0.0
 40
0.43180086360172726
0
HATCH
5
600
100
AcDbEntity
8
Multi-Layer
100
AcDbHatch
10
0
20
0
30
0
210
0
220
0
230
1
2
SOLID
70
1
71
0
91
1
92
7
72
0
73
1
93
4
10
32.137414274828416
20
39.87172974345947
10
34.15671831343684
20
39.87172974345947
10
34.15671831343684
20
38.86842773685555
10
32.137414274828416
20
38.86842773685555
97
1
330

75
0
76
1
47
0.4128176842155181
98
1
10
34.90568961886538
20
22.81183545379326
450
0
451
0
460
0
461
0
452
1
462
1
453
2
463
0
63
5
421
255
463
1
63
7
421
16777215
470
LINEAR
1001
ACAD
1010
0
1020
0
1030
0
  0
CIRCLE
  5
601
330
1F
100
AcDbEntity
  8
TopSolderMaskLayer
100
AcDbCircle
 10
33.14706629413263
 20
40.640081280162576
 30
0.0
 40
0.44266377840931787
0
HATCH
5
603
100
AcDbEntity
8
TopSolderMaskLayer
100
AcDbHatch
10
0
20
0
30
0
210
0
220
0
230
1
2
SOLID
70
1
71
0
91
1
92
7
72
0
73
1
93
4
10
32.11201422402837
20
41.16713233426469
10
34.182118364236885
20
41.16713233426469
10
34.182118364236885
20
40.11303022606057
10
32.11201422402837
20
40.11303022606057
97
1
330

75
0
76
1
47
0.4128176842155181
98
1
10
34.90568961886538
20
22.81183545379326
450
0
451
0
460
0
461
0
452
1
462
1
453
2
463
0
63
5
421
255
463
1
63
7
421
16777215
470
LINEAR
1001
ACAD
1010
0
1020
0
1030
0
  0
CIRCLE
  5
604
330
1F
100
AcDbEntity
  8
BottomSolderMaskLayer
100
AcDbCircle
 10
33.14706629413263
 20
40.640081280162576
 30
0.0
 40
0.44266377840931787
0
HATCH
5
606
100
AcDbEntity
8
BottomSolderMaskLayer
100
AcDbHatch
10
0
20
0
30
0
210
0
220
0
230
1
2
SOLID
70
1
71
0
91
1
92
7
72
0
73
1
93
4
10
32.11201422402837
20
41.16713233426469
10
34.182118364236885
20
41.16713233426469
10
34.182118364236885
20
40.11303022606057
10
32.11201422402837
20
40.11303022606057
97
1
330

75
0
76
1
47
0.4128176842155181
98
1
10
34.90568961886538
20
22.81183545379326
450
0
451
0
460
0
461
0
452
1
462
1
453
2
463
0
63
5
421
255
463
1
63
7
421
16777215
470
LINEAR
1001
ACAD
1010
0
1020
0
1030
0
  0
CIRCLE
  5
607
330
1F
100
AcDbEntity
  8
Multi-Layer
100
AcDbCircle
 10
33.14706629413263
 20
40.640081280162576
 30
0.0
 40
0.43180086360172726
0
HATCH
5
609
100
AcDbEntity
8
Multi-Layer
100
AcDbHatch
10
0
20
0
30
0
210
0
220
0
230
1
2
SOLID
70
1
71
0
91
1
92
7
72
0
73
1
93
4
10
32.137414274828416
20
41.141732283464535
10
34.15671831343684
20
41.141732283464535
10
34.15671831343684
20
40.13843027686062
10
32.137414274828416
20
40.13843027686062
97
1
330

75
0
76
1
47
0.4128176842155181
98
1
10
34.90568961886538
20
22.81183545379326
450
0
451
0
460
0
461
0
452
1
462
1
453
2
463
0
63
5
421
255
463
1
63
7
421
16777215
470
LINEAR
1001
ACAD
1010
0
1020
0
1030
0
  0
CIRCLE
  5
60a
330
1F
100
AcDbEntity
  8
TopSolderMaskLayer
100
AcDbCircle
 10
33.14706629413263
 20
41.91008382016764
 30
0.0
 40
0.44266377840931787
0
HATCH
5
60c
100
AcDbEntity
8
TopSolderMaskLayer
100
AcDbHatch
10
0
20
0
30
0
210
0
220
0
230
1
2
SOLID
70
1
71
0
91
1
92
7
72
0
73
1
93
4
10
32.11201422402837
20
42.43713487426976
10
34.182118364236885
20
42.43713487426976
10
34.182118364236885
20
41.38303276606564
10
32.11201422402837
20
41.38303276606564
97
1
330

75
0
76
1
47
0.4128176842155181
98
1
10
34.90568961886538
20
22.81183545379326
450
0
451
0
460
0
461
0
452
1
462
1
453
2
463
0
63
5
421
255
463
1
63
7
421
16777215
470
LINEAR
1001
ACAD
1010
0
1020
0
1030
0
  0
CIRCLE
  5
60d
330
1F
100
AcDbEntity
  8
BottomSolderMaskLayer
100
AcDbCircle
 10
33.14706629413263
 20
41.91008382016764
 30
0.0
 40
0.44266377840931787
0
HATCH
5
60f
100
AcDbEntity
8
BottomSolderMaskLayer
100
AcDbHatch
10
0
20
0
30
0
210
0
220
0
230
1
2
SOLID
70
1
71
0
91
1
92
7
72
0
73
1
93
4
10
32.11201422402837
20
42.43713487426976
10
34.182118364236885
20
42.43713487426976
10
34.182118364236885
20
41.38303276606564
10
32.11201422402837
20
41.38303276606564
97
1
330

75
0
76
1
47
0.4128176842155181
98
1
10
34.90568961886538
20
22.81183545379326
450
0
451
0
460
0
461
0
452
1
462
1
453
2
463
0
63
5
421
255
463
1
63
7
421
16777215
470
LINEAR
1001
ACAD
1010
0
1020
0
1030
0
  0
CIRCLE
  5
610
330
1F
100
AcDbEntity
  8
Multi-Layer
100
AcDbCircle
 10
33.14706629413263
 20
41.91008382016764
 30
0.0
 40
0.43180086360172726
0
HATCH
5
612
100
AcDbEntity
8
Multi-Layer
100
AcDbHatch
10
0
20
0
30
0
210
0
220
0
230
1
2
SOLID
70
1
71
0
91
1
92
7
72
0
73
1
93
4
10
32.137414274828416
20
42.4117348234696
10
34.15671831343684
20
42.4117348234696
10
34.15671831343684
20
41.408432816865684
10
32.137414274828416
20
41.408432816865684
97
1
330

75
0
76
1
47
0.4128176842155181
98
1
10
34.90568961886538
20
22.81183545379326
450
0
451
0
460
0
461
0
452
1
462
1
453
2
463
0
63
5
421
255
463
1
63
7
421
16777215
470
LINEAR
1001
ACAD
1010
0
1020
0
1030
0
  0
CIRCLE
  5
613
330
1F
100
AcDbEntity
  8
TopSolderMaskLayer
100
AcDbCircle
 10
23.749047498095024
 20
39.37007874015751
 30
0.0
 40
0.44266377840931787
0
HATCH
5
615
100
AcDbEntity
8
TopSolderMaskLayer
100
AcDbHatch
10
0
20
0
30
0
210
0
220
0
230
1
2
SOLID
70
1
71
0
91
1
92
7
72
0
73
1
93
4
10
22.713995427990767
20
39.89712979425951
10
24.78409956819928
20
39.89712979425951
10
24.78409956819928
20
38.84302768605539
10
22.713995427990767
20
38.84302768605539
97
1
330

75
0
76
1
47
0.4128176842155181
98
1
10
34.90568961886538
20
22.81183545379326
450
0
451
0
460
0
461
0
452
1
462
1
453
2
463
0
63
5
421
255
463
1
63
7
421
16777215
470
LINEAR
1001
ACAD
1010
0
1020
0
1030
0
  0
CIRCLE
  5
616
330
1F
100
AcDbEntity
  8
BottomSolderMaskLayer
100
AcDbCircle
 10
23.749047498095024
 20
39.37007874015751
 30
0.0
 40
0.44266377840931787
0
HATCH
5
618
100
AcDbEntity
8
BottomSolderMaskLayer
100
AcDbHatch
10
0
20
0
30
0
210
0
220
0
230
1
2
SOLID
70
1
71
0
91
1
92
7
72
0
73
1
93
4
10
22.713995427990767
20
39.89712979425951
10
24.78409956819928
20
39.89712979425951
10
24.78409956819928
20
38.84302768605539
10
22.713995427990767
20
38.84302768605539
97
1
330

75
0
76
1
47
0.4128176842155181
98
1
10
34.90568961886538
20
22.81183545379326
450
0
451
0
460
0
461
0
452
1
462
1
453
2
463
0
63
5
421
255
463
1
63
7
421
16777215
470
LINEAR
1001
ACAD
1010
0
1020
0
1030
0
  0
CIRCLE
  5
619
330
1F
100
AcDbEntity
  8
Multi-Layer
100
AcDbCircle
 10
23.749047498095024
 20
39.37007874015751
 30
0.0
 40
0.43180086360172726
0
HATCH
5
61b
100
AcDbEntity
8
Multi-Layer
100
AcDbHatch
10
0
20
0
30
0
210
0
220
0
230
1
2
SOLID
70
1
71
0
91
1
92
7
72
0
73
1
93
4
10
22.73939547879081
20
39.87172974345947
10
24.758699517399236
20
39.87172974345947
10
24.758699517399236
20
38.86842773685555
10
22.73939547879081
20
38.86842773685555
97
1
330

75
0
76
1
47
0.4128176842155181
98
1
10
34.90568961886538
20
22.81183545379326
450
0
451
0
460
0
461
0
452
1
462
1
453
2
463
0
63
5
421
255
463
1
63
7
421
16777215
470
LINEAR
1001
ACAD
1010
0
1020
0
1030
0
  0
CIRCLE
  5
61c
330
1F
100
AcDbEntity
  8
TopSolderMaskLayer
100
AcDbCircle
 10
23.749047498095024
 20
40.640081280162576
 30
0.0
 40
0.44266377840931787
0
HATCH
5
61e
100
AcDbEntity
8
TopSolderMaskLayer
100
AcDbHatch
10
0
20
0
30
0
210
0
220
0
230
1
2
SOLID
70
1
71
0
91
1
92
7
72
0
73
1
93
4
10
22.713995427990767
20
41.16713233426469
10
24.78409956819928
20
41.16713233426469
10
24.78409956819928
20
40.11303022606057
10
22.713995427990767
20
40.11303022606057
97
1
330

75
0
76
1
47
0.4128176842155181
98
1
10
34.90568961886538
20
22.81183545379326
450
0
451
0
460
0
461
0
452
1
462
1
453
2
463
0
63
5
421
255
463
1
63
7
421
16777215
470
LINEAR
1001
ACAD
1010
0
1020
0
1030
0
  0
CIRCLE
  5
61f
330
1F
100
AcDbEntity
  8
BottomSolderMaskLayer
100
AcDbCircle
 10
23.749047498095024
 20
40.640081280162576
 30
0.0
 40
0.44266377840931787
0
HATCH
5
621
100
AcDbEntity
8
BottomSolderMaskLayer
100
AcDbHatch
10
0
20
0
30
0
210
0
220
0
230
1
2
SOLID
70
1
71
0
91
1
92
7
72
0
73
1
93
4
10
22.713995427990767
20
41.16713233426469
10
24.78409956819928
20
41.16713233426469
10
24.78409956819928
20
40.11303022606057
10
22.713995427990767
20
40.11303022606057
97
1
330

75
0
76
1
47
0.4128176842155181
98
1
10
34.90568961886538
20
22.81183545379326
450
0
451
0
460
0
461
0
452
1
462
1
453
2
463
0
63
5
421
255
463
1
63
7
421
16777215
470
LINEAR
1001
ACAD
1010
0
1020
0
1030
0
  0
CIRCLE
  5
622
330
1F
100
AcDbEntity
  8
Multi-Layer
100
AcDbCircle
 10
23.749047498095024
 20
40.640081280162576
 30
0.0
 40
0.43180086360172726
0
HATCH
5
624
100
AcDbEntity
8
Multi-Layer
100
AcDbHatch
10
0
20
0
30
0
210
0
220
0
230
1
2
SOLID
70
1
71
0
91
1
92
7
72
0
73
1
93
4
10
22.73939547879081
20
41.141732283464535
10
24.758699517399236
20
41.141732283464535
10
24.758699517399236
20
40.13843027686062
10
22.73939547879081
20
40.13843027686062
97
1
330

75
0
76
1
47
0.4128176842155181
98
1
10
34.90568961886538
20
22.81183545379326
450
0
451
0
460
0
461
0
452
1
462
1
453
2
463
0
63
5
421
255
463
1
63
7
421
16777215
470
LINEAR
1001
ACAD
1010
0
1020
0
1030
0
  0
CIRCLE
  5
625
330
1F
100
AcDbEntity
  8
TopSolderMaskLayer
100
AcDbCircle
 10
23.749047498095024
 20
41.91008382016764
 30
0.0
 40
0.44266377840931787
0
HATCH
5
627
100
AcDbEntity
8
TopSolderMaskLayer
100
AcDbHatch
10
0
20
0
30
0
210
0
220
0
230
1
2
SOLID
70
1
71
0
91
1
92
7
72
0
73
1
93
4
10
22.713995427990767
20
42.43713487426976
10
24.78409956819928
20
42.43713487426976
10
24.78409956819928
20
41.38303276606564
10
22.713995427990767
20
41.38303276606564
97
1
330

75
0
76
1
47
0.4128176842155181
98
1
10
34.90568961886538
20
22.81183545379326
450
0
451
0
460
0
461
0
452
1
462
1
453
2
463
0
63
5
421
255
463
1
63
7
421
16777215
470
LINEAR
1001
ACAD
1010
0
1020
0
1030
0
  0
CIRCLE
  5
628
330
1F
100
AcDbEntity
  8
BottomSolderMaskLayer
100
AcDbCircle
 10
23.749047498095024
 20
41.91008382016764
 30
0.0
 40
0.44266377840931787
0
HATCH
5
62a
100
AcDbEntity
8
BottomSolderMaskLayer
100
AcDbHatch
10
0
20
0
30
0
210
0
220
0
230
1
2
SOLID
70
1
71
0
91
1
92
7
72
0
73
1
93
4
10
22.713995427990767
20
42.43713487426976
10
24.78409956819928
20
42.43713487426976
10
24.78409956819928
20
41.38303276606564
10
22.713995427990767
20
41.38303276606564
97
1
330

75
0
76
1
47
0.4128176842155181
98
1
10
34.90568961886538
20
22.81183545379326
450
0
451
0
460
0
461
0
452
1
462
1
453
2
463
0
63
5
421
255
463
1
63
7
421
16777215
470
LINEAR
1001
ACAD
1010
0
1020
0
1030
0
  0
CIRCLE
  5
62b
330
1F
100
AcDbEntity
  8
Multi-Layer
100
AcDbCircle
 10
23.749047498095024
 20
41.91008382016764
 30
0.0
 40
0.43180086360172726
0
HATCH
5
62d
100
AcDbEntity
8
Multi-Layer
100
AcDbHatch
10
0
20
0
30
0
210
0
220
0
230
1
2
SOLID
70
1
71
0
91
1
92
7
72
0
73
1
93
4
10
22.73939547879081
20
42.4117348234696
10
24.758699517399236
20
42.4117348234696
10
24.758699517399236
20
41.408432816865684
10
22.73939547879081
20
41.408432816865684
97
1
330

75
0
76
1
47
0.4128176842155181
98
1
10
34.90568961886538
20
22.81183545379326
450
0
451
0
460
0
461
0
452
1
462
1
453
2
463
0
63
5
421
255
463
1
63
7
421
16777215
470
LINEAR
1001
ACAD
1010
0
1020
0
1030
0
0
HATCH
5
630
100
AcDbEntity
8
TopSolderMaskLayer
100
AcDbHatch
10
0
20
0
30
0
210
0
220
0
230
1
2
SOLID
70
1
71
0
91
1
92
7
72
0
73
1
93
4
10
72.31192948092826
20
25.83575509954403
10
73.23036160365405
20
25.83575509954403
10
73.23036160365405
20
24.981860576421013
10
72.31192948092826
20
24.981860576421013
97
1
330

75
0
76
1
47
0.4128176842155181
98
1
10
34.90568961886538
20
22.81183545379326
450
0
451
0
460
0
461
0
452
1
462
1
453
2
463
0
63
5
421
255
463
1
63
7
421
16777215
470
LINEAR
1001
ACAD
1010
0
1020
0
1030
0
0
HATCH
5
633
100
AcDbEntity
8
TopLayer
100
AcDbHatch
10
0
20
0
30
0
210
0
220
0
230
1
2
SOLID
70
1
71
0
91
1
92
7
72
0
73
1
93
4
10
72.33914147828318
20
25.81203962407926
10
73.20314960629912
20
25.81203962407926
10
73.20314960629912
20
25.005562611125242
10
72.33914147828318
20
25.005562611125242
97
1
330

75
0
76
1
47
0.4128176842155181
98
1
10
34.90568961886538
20
22.81183545379326
450
0
451
0
460
0
461
0
452
1
462
1
453
2
463
0
63
5
421
255
463
1
63
7
421
16777215
470
LINEAR
1001
ACAD
1010
0
1020
0
1030
0
0
HATCH
5
636
100
AcDbEntity
8
TopSolderMaskLayer
100
AcDbHatch
10
0
20
0
30
0
210
0
220
0
230
1
2
SOLID
70
1
71
0
91
1
92
7
72
0
73
1
93
4
10
72.31192948092826
20
26.488349548665383
10
73.23036160365405
20
26.488349548665383
10
73.23036160365405
20
27.342244071788286
10
72.31192948092826
20
27.342244071788286
97
1
330

75
0
76
1
47
0.4128176842155181
98
1
10
34.90568961886538
20
22.81183545379326
450
0
451
0
460
0
461
0
452
1
462
1
453
2
463
0
63
5
421
255
463
1
63
7
421
16777215
470
LINEAR
1001
ACAD
1010
0
1020
0
1030
0
0
HATCH
5
639
100
AcDbEntity
8
TopLayer
100
AcDbHatch
10
0
20
0
30
0
210
0
220
0
230
1
2
SOLID
70
1
71
0
91
1
92
7
72
0
73
1
93
4
10
72.33914147828318
20
26.512065024130152
10
73.20314960629912
20
26.512065024130152
10
73.20314960629912
20
27.31854203708417
10
72.33914147828318
20
27.31854203708417
97
1
330

75
0
76
1
47
0.4128176842155181
98
1
10
34.90568961886538
20
22.81183545379326
450
0
451
0
460
0
461
0
452
1
462
1
453
2
463
0
63
5
421
255
463
1
63
7
421
16777215
470
LINEAR
1001
ACAD
1010
0
1020
0
1030
0
0
HATCH
5
63c
100
AcDbEntity
8
TopSolderMaskLayer
100
AcDbHatch
10
0
20
0
30
0
210
0
220
0
230
1
2
SOLID
70
1
71
0
91
1
92
7
72
0
73
1
93
4
10
74.85193456093839
20
25.83575509954403
10
75.77036668366418
20
25.83575509954403
10
75.77036668366418
20
24.981860576421013
10
74.85193456093839
20
24.981860576421013
97
1
330

75
0
76
1
47
0.4128176842155181
98
1
10
34.90568961886538
20
22.81183545379326
450
0
451
0
460
0
461
0
452
1
462
1
453
2
463
0
63
5
421
255
463
1
63
7
421
16777215
470
LINEAR
1001
ACAD
1010
0
1020
0
1030
0
0
HATCH
5
63f
100
AcDbEntity
8
TopLayer
100
AcDbHatch
10
0
20
0
30
0
210
0
220
0
230
1
2
SOLID
70
1
71
0
91
1
92
7
72
0
73
1
93
4
10
74.87914655829331
20
25.81203962407926
10
75.74315468630925
20
25.81203962407926
10
75.74315468630925
20
25.005562611125242
10
74.87914655829331
20
25.005562611125242
97
1
330

75
0
76
1
47
0.4128176842155181
98
1
10
34.90568961886538
20
22.81183545379326
450
0
451
0
460
0
461
0
452
1
462
1
453
2
463
0
63
5
421
255
463
1
63
7
421
16777215
470
LINEAR
1001
ACAD
1010
0
1020
0
1030
0
0
HATCH
5
642
100
AcDbEntity
8
TopSolderMaskLayer
100
AcDbHatch
10
0
20
0
30
0
210
0
220
0
230
1
2
SOLID
70
1
71
0
91
1
92
7
72
0
73
1
93
4
10
74.85193456093839
20
26.488349548665383
10
75.77036668366418
20
26.488349548665383
10
75.77036668366418
20
27.342244071788286
10
74.85193456093839
20
27.342244071788286
97
1
330

75
0
76
1
47
0.4128176842155181
98
1
10
34.90568961886538
20
22.81183545379326
450
0
451
0
460
0
461
0
452
1
462
1
453
2
463
0
63
5
421
255
463
1
63
7
421
16777215
470
LINEAR
1001
ACAD
1010
0
1020
0
1030
0
0
HATCH
5
645
100
AcDbEntity
8
TopLayer
100
AcDbHatch
10
0
20
0
30
0
210
0
220
0
230
1
2
SOLID
70
1
71
0
91
1
92
7
72
0
73
1
93
4
10
74.87914655829331
20
26.512065024130152
10
75.74315468630925
20
26.512065024130152
10
75.74315468630925
20
27.31854203708417
10
74.87914655829331
20
27.31854203708417
97
1
330

75
0
76
1
47
0.4128176842155181
98
1
10
34.90568961886538
20
22.81183545379326
450
0
451
0
460
0
461
0
452
1
462
1
453
2
463
0
63
5
421
255
463
1
63
7
421
16777215
470
LINEAR
1001
ACAD
1010
0
1020
0
1030
0
0
HATCH
5
648
100
AcDbEntity
8
TopSolderMaskLayer
100
AcDbHatch
10
0
20
0
30
0
210
0
220
0
230
1
2
SOLID
70
1
71
0
91
1
92
7
72
0
73
1
93
4
10
77.39193964094852
20
25.83575509954403
10
78.31037176367431
20
25.83575509954403
10
78.31037176367431
20
24.981860576421013
10
77.39193964094852
20
24.981860576421013
97
1
330

75
0
76
1
47
0.4128176842155181
98
1
10
34.90568961886538
20
22.81183545379326
450
0
451
0
460
0
461
0
452
1
462
1
453
2
463
0
63
5
421
255
463
1
63
7
421
16777215
470
LINEAR
1001
ACAD
1010
0
1020
0
1030
0
0
HATCH
5
64b
100
AcDbEntity
8
TopLayer
100
AcDbHatch
10
0
20
0
30
0
210
0
220
0
230
1
2
SOLID
70
1
71
0
91
1
92
7
72
0
73
1
93
4
10
77.41915163830345
20
25.81203962407926
10
78.28315976631939
20
25.81203962407926
10
78.28315976631939
20
25.005562611125242
10
77.41915163830345
20
25.005562611125242
97
1
330

75
0
76
1
47
0.4128176842155181
98
1
10
34.90568961886538
20
22.81183545379326
450
0
451
0
460
0
461
0
452
1
462
1
453
2
463
0
63
5
421
255
463
1
63
7
421
16777215
470
LINEAR
1001
ACAD
1010
0
1020
0
1030
0
0
HATCH
5
64e
100
AcDbEntity
8
TopSolderMaskLayer
100
AcDbHatch
10
0
20
0
30
0
210
0
220
0
230
1
2
SOLID
70
1
71
0
91
1
92
7
72
0
73
1
93
4
10
77.39193964094852
20
26.488349548665383
10
78.31037176367431
20
26.488349548665383
10
78.31037176367431
20
27.342244071788286
10
77.39193964094852
20
27.342244071788286
97
1
330

75
0
76
1
47
0.4128176842155181
98
1
10
34.90568961886538
20
22.81183545379326
450
0
451
0
460
0
461
0
452
1
462
1
453
2
463
0
63
5
421
255
463
1
63
7
421
16777215
470
LINEAR
1001
ACAD
1010
0
1020
0
1030
0
0
HATCH
5
651
100
AcDbEntity
8
TopLayer
100
AcDbHatch
10
0
20
0
30
0
210
0
220
0
230
1
2
SOLID
70
1
71
0
91
1
92
7
72
0
73
1
93
4
10
77.41915163830345
20
26.512065024130152
10
78.28315976631939
20
26.512065024130152
10
78.28315976631939
20
27.31854203708417
10
77.41915163830345
20
27.31854203708417
97
1
330

75
0
76
1
47
0.4128176842155181
98
1
10
34.90568961886538
20
22.81183545379326
450
0
451
0
460
0
461
0
452
1
462
1
453
2
463
0
63
5
421
255
463
1
63
7
421
16777215
470
LINEAR
1001
ACAD
1010
0
1020
0
1030
0
0
HATCH
5
654
100
AcDbEntity
8
TopSolderMaskLayer
100
AcDbHatch
10
0
20
0
30
0
210
0
220
0
230
1
2
SOLID
70
1
71
0
91
1
92
7
72
0
73
1
93
4
10
79.93194472095865
20
25.83575509954403
10
80.85037684368444
20
25.83575509954403
10
80.85037684368444
20
24.981860576421013
10
79.93194472095865
20
24.981860576421013
97
1
330

75
0
76
1
47
0.4128176842155181
98
1
10
34.90568961886538
20
22.81183545379326
450
0
451
0
460
0
461
0
452
1
462
1
453
2
463
0
63
5
421
255
463
1
63
7
421
16777215
470
LINEAR
1001
ACAD
1010
0
1020
0
1030
0
0
HATCH
5
657
100
AcDbEntity
8
TopLayer
100
AcDbHatch
10
0
20
0
30
0
210
0
220
0
230
1
2
SOLID
70
1
71
0
91
1
92
7
72
0
73
1
93
4
10
79.95915671831358
20
25.81203962407926
10
80.82316484632952
20
25.81203962407926
10
80.82316484632952
20
25.005562611125242
10
79.95915671831358
20
25.005562611125242
97
1
330

75
0
76
1
47
0.4128176842155181
98
1
10
34.90568961886538
20
22.81183545379326
450
0
451
0
460
0
461
0
452
1
462
1
453
2
463
0
63
5
421
255
463
1
63
7
421
16777215
470
LINEAR
1001
ACAD
1010
0
1020
0
1030
0
0
HATCH
5
65a
100
AcDbEntity
8
TopSolderMaskLayer
100
AcDbHatch
10
0
20
0
30
0
210
0
220
0
230
1
2
SOLID
70
1
71
0
91
1
92
7
72
0
73
1
93
4
10
79.93194472095865
20
26.488349548665383
10
80.85037684368444
20
26.488349548665383
10
80.85037684368444
20
27.342244071788286
10
79.93194472095865
20
27.342244071788286
97
1
330

75
0
76
1
47
0.4128176842155181
98
1
10
34.90568961886538
20
22.81183545379326
450
0
451
0
460
0
461
0
452
1
462
1
453
2
463
0
63
5
421
255
463
1
63
7
421
16777215
470
LINEAR
1001
ACAD
1010
0
1020
0
1030
0
0
HATCH
5
65d
100
AcDbEntity
8
TopLayer
100
AcDbHatch
10
0
20
0
30
0
210
0
220
0
230
1
2
SOLID
70
1
71
0
91
1
92
7
72
0
73
1
93
4
10
79.95915671831358
20
26.512065024130152
10
80.82316484632952
20
26.512065024130152
10
80.82316484632952
20
27.31854203708417
10
79.95915671831358
20
27.31854203708417
97
1
330

75
0
76
1
47
0.4128176842155181
98
1
10
34.90568961886538
20
22.81183545379326
450
0
451
0
460
0
461
0
452
1
462
1
453
2
463
0
63
5
421
255
463
1
63
7
421
16777215
470
LINEAR
1001
ACAD
1010
0
1020
0
1030
0
0
HATCH
5
660
100
AcDbEntity
8
TopSolderMaskLayer
100
AcDbHatch
10
0
20
0
30
0
210
0
220
0
230
1
2
SOLID
70
1
71
0
91
1
92
7
72
0
73
1
93
4
10
48.719312581556096
20
23.31334319865266
10
47.80088045883008
20
23.31334319865266
10
47.80088045883008
20
24.167237721775564
10
48.719312581556096
20
24.167237721775564
97
1
330

75
0
76
1
47
0.4128176842155181
98
1
10
34.90568961886538
20
22.81183545379326
450
0
451
0
460
0
461
0
452
1
462
1
453
2
463
0
63
5
421
255
463
1
63
7
421
16777215
470
LINEAR
1001
ACAD
1010
0
1020
0
1030
0
0
HATCH
5
663
100
AcDbEntity
8
TopLayer
100
AcDbHatch
10
0
20
0
30
0
210
0
220
0
230
1
2
SOLID
70
1
71
0
91
1
92
7
72
0
73
1
93
4
10
48.69210058420117
20
23.33705867411743
10
47.828092456185004
20
23.33705867411743
10
47.828092456185004
20
24.14353568707145
10
48.69210058420117
20
24.14353568707145
97
1
330

75
0
76
1
47
0.4128176842155181
98
1
10
34.90568961886538
20
22.81183545379326
450
0
451
0
460
0
461
0
452
1
462
1
453
2
463
0
63
5
421
255
463
1
63
7
421
16777215
470
LINEAR
1001
ACAD
1010
0
1020
0
1030
0
0
HATCH
5
666
100
AcDbEntity
8
TopSolderMaskLayer
100
AcDbHatch
10
0
20
0
30
0
210
0
220
0
230
1
2
SOLID
70
1
71
0
91
1
92
7
72
0
73
1
93
4
10
48.719312581556096
20
22.660748749531308
10
47.80088045883008
20
22.660748749531308
10
47.80088045883008
20
21.80685422640829
10
48.719312581556096
20
21.80685422640829
97
1
330

75
0
76
1
47
0.4128176842155181
98
1
10
34.90568961886538
20
22.81183545379326
450
0
451
0
460
0
461
0
452
1
462
1
453
2
463
0
63
5
421
255
463
1
63
7
421
16777215
470
LINEAR
1001
ACAD
1010
0
1020
0
1030
0
0
HATCH
5
669
100
AcDbEntity
8
TopLayer
100
AcDbHatch
10
0
20
0
30
0
210
0
220
0
230
1
2
SOLID
70
1
71
0
91
1
92
7
72
0
73
1
93
4
10
48.69210058420117
20
22.63703327406654
10
47.828092456185004
20
22.63703327406654
10
47.828092456185004
20
21.83055626111252
10
48.69210058420117
20
21.83055626111252
97
1
330

75
0
76
1
47
0.4128176842155181
98
1
10
34.90568961886538
20
22.81183545379326
450
0
451
0
460
0
461
0
452
1
462
1
453
2
463
0
63
5
421
255
463
1
63
7
421
16777215
470
LINEAR
1001
ACAD
1010
0
1020
0
1030
0
0
HATCH
5
66c
100
AcDbEntity
8
TopSolderMaskLayer
100
AcDbHatch
10
0
20
0
30
0
210
0
220
0
230
1
2
SOLID
70
1
71
0
91
1
92
7
72
0
73
1
93
4
10
40.464296071522995
20
23.44034345265311
10
39.545863948797205
20
23.44034345265311
10
39.545863948797205
20
24.294237975776127
10
40.464296071522995
20
24.294237975776127
97
1
330

75
0
76
1
47
0.4128176842155181
98
1
10
34.90568961886538
20
22.81183545379326
450
0
451
0
460
0
461
0
452
1
462
1
453
2
463
0
63
5
421
255
463
1
63
7
421
16777215
470
LINEAR
1001
ACAD
1010
0
1020
0
1030
0
0
HATCH
5
66f
100
AcDbEntity
8
TopLayer
100
AcDbHatch
10
0
20
0
30
0
210
0
220
0
230
1
2
SOLID
70
1
71
0
91
1
92
7
72
0
73
1
93
4
10
40.43708407416807
20
23.46405892811788
10
39.5730759461519
20
23.46405892811788
10
39.5730759461519
20
24.2705359410719
10
40.43708407416807
20
24.2705359410719
97
1
330

75
0
76
1
47
0.4128176842155181
98
1
10
34.90568961886538
20
22.81183545379326
450
0
451
0
460
0
461
0
452
1
462
1
453
2
463
0
63
5
421
255
463
1
63
7
421
16777215
470
LINEAR
1001
ACAD
1010
0
1020
0
1030
0
0
HATCH
5
672
100
AcDbEntity
8
TopSolderMaskLayer
100
AcDbHatch
10
0
20
0
30
0
210
0
220
0
230
1
2
SOLID
70
1
71
0
91
1
92
7
72
0
73
1
93
4
10
40.464296071522995
20
22.787749003531758
10
39.545863948797205
20
22.787749003531758
10
39.545863948797205
20
21.933854480408854
10
40.464296071522995
20
21.933854480408854
97
1
330

75
0
76
1
47
0.4128176842155181
98
1
10
34.90568961886538
20
22.81183545379326
450
0
451
0
460
0
461
0
452
1
462
1
453
2
463
0
63
5
421
255
463
1
63
7
421
16777215
470
LINEAR
1001
ACAD
1010
0
1020
0
1030
0
0
HATCH
5
675
100
AcDbEntity
8
TopLayer
100
AcDbHatch
10
0
20
0
30
0
210
0
220
0
230
1
2
SOLID
70
1
71
0
91
1
92
7
72
0
73
1
93
4
10
40.43708407416807
20
22.76403352806699
10
39.5730759461519
20
22.76403352806699
10
39.5730759461519
20
21.957556515113083
10
40.43708407416807
20
21.957556515113083
97
1
330

75
0
76
1
47
0.4128176842155181
98
1
10
34.90568961886538
20
22.81183545379326
450
0
451
0
460
0
461
0
452
1
462
1
453
2
463
0
63
5
421
255
463
1
63
7
421
16777215
470
LINEAR
1001
ACAD
1010
0
1020
0
1030
0
0
HATCH
5
678
100
AcDbEntity
8
TopSolderMaskLayer
100
AcDbHatch
10
0
20
0
30
0
210
0
220
0
230
1
2
SOLID
70
1
71
0
91
1
92
7
72
0
73
1
93
4
10
51.25931766156623
20
36.26736910670445
10
50.34088553884021
20
36.26736910670445
10
50.34088553884021
20
37.12126362982747
10
51.25931766156623
20
37.12126362982747
97
1
330

75
0
76
1
47
0.4128176842155181
98
1
10
34.90568961886538
20
22.81183545379326
450
0
451
0
460
0
461
0
452
1
462
1
453
2
463
0
63
5
421
255
463
1
63
7
421
16777215
470
LINEAR
1001
ACAD
1010
0
1020
0
1030
0
0
HATCH
5
67b
100
AcDbEntity
8
TopLayer
100
AcDbHatch
10
0
20
0
30
0
210
0
220
0
230
1
2
SOLID
70
1
71
0
91
1
92
7
72
0
73
1
93
4
10
51.2321056642113
20
36.29108458216922
10
50.36809753619514
20
36.29108458216922
10
50.36809753619514
20
37.09756159512324
10
51.2321056642113
20
37.09756159512324
97
1
330

75
0
76
1
47
0.4128176842155181
98
1
10
34.90568961886538
20
22.81183545379326
450
0
451
0
460
0
461
0
452
1
462
1
453
2
463
0
63
5
421
255
463
1
63
7
421
16777215
470
LINEAR
1001
ACAD
1010
0
1020
0
1030
0
0
HATCH
5
67e
100
AcDbEntity
8
TopSolderMaskLayer
100
AcDbHatch
10
0
20
0
30
0
210
0
220
0
230
1
2
SOLID
70
1
71
0
91
1
92
7
72
0
73
1
93
4
10
51.25931766156623
20
35.6147746575831
10
50.34088553884021
20
35.6147746575831
10
50.34088553884021
20
34.760880134460194
10
51.25931766156623
20
34.760880134460194
97
1
330

75
0
76
1
47
0.4128176842155181
98
1
10
34.90568961886538
20
22.81183545379326
450
0
451
0
460
0
461
0
452
1
462
1
453
2
463
0
63
5
421
255
463
1
63
7
421
16777215
470
LINEAR
1001
ACAD
1010
0
1020
0
1030
0
0
HATCH
5
681
100
AcDbEntity
8
TopLayer
100
AcDbHatch
10
0
20
0
30
0
210
0
220
0
230
1
2
SOLID
70
1
71
0
91
1
92
7
72
0
73
1
93
4
10
51.2321056642113
20
35.59105918211833
10
50.36809753619514
20
35.59105918211833
10
50.36809753619514
20
34.78458216916431
10
51.2321056642113
20
34.78458216916431
97
1
330

75
0
76
1
47
0.4128176842155181
98
1
10
34.90568961886538
20
22.81183545379326
450
0
451
0
460
0
461
0
452
1
462
1
453
2
463
0
63
5
421
255
463
1
63
7
421
16777215
470
LINEAR
1001
ACAD
1010
0
1020
0
1030
0
0
HATCH
5
684
100
AcDbEntity
8
TopSolderMaskLayer
100
AcDbHatch
10
0
20
0
30
0
210
0
220
0
230
1
2
SOLID
70
1
71
0
91
1
92
7
72
0
73
1
93
4
10
43.00430115153313
20
36.52136961470546
10
42.08586902880734
20
36.52136961470546
10
42.08586902880734
20
37.37526413782848
10
43.00430115153313
20
37.37526413782848
97
1
330

75
0
76
1
47
0.4128176842155181
98
1
10
34.90568961886538
20
22.81183545379326
450
0
451
0
460
0
461
0
452
1
462
1
453
2
463
0
63
5
421
255
463
1
63
7
421
16777215
470
LINEAR
1001
ACAD
1010
0
1020
0
1030
0
0
HATCH
5
687
100
AcDbEntity
8
TopLayer
100
AcDbHatch
10
0
20
0
30
0
210
0
220
0
230
1
2
SOLID
70
1
71
0
91
1
92
7
72
0
73
1
93
4
10
42.9770891541782
20
36.54508509017023
10
42.11308102616226
20
36.54508509017023
10
42.11308102616226
20
37.35156210312425
10
42.9770891541782
20
37.35156210312425
97
1
330

75
0
76
1
47
0.4128176842155181
98
1
10
34.90568961886538
20
22.81183545379326
450
0
451
0
460
0
461
0
452
1
462
1
453
2
463
0
63
5
421
255
463
1
63
7
421
16777215
470
LINEAR
1001
ACAD
1010
0
1020
0
1030
0
0
HATCH
5
68a
100
AcDbEntity
8
TopSolderMaskLayer
100
AcDbHatch
10
0
20
0
30
0
210
0
220
0
230
1
2
SOLID
70
1
71
0
91
1
92
7
72
0
73
1
93
4
10
43.00430115153313
20
35.86877516558411
10
42.08586902880734
20
35.86877516558411
10
42.08586902880734
20
35.01488064246121
10
43.00430115153313
20
35.01488064246121
97
1
330

75
0
76
1
47
0.4128176842155181
98
1
10
34.90568961886538
20
22.81183545379326
450
0
451
0
460
0
461
0
452
1
462
1
453
2
463
0
63
5
421
255
463
1
63
7
421
16777215
470
LINEAR
1001
ACAD
1010
0
1020
0
1030
0
0
HATCH
5
68d
100
AcDbEntity
8
TopLayer
100
AcDbHatch
10
0
20
0
30
0
210
0
220
0
230
1
2
SOLID
70
1
71
0
91
1
92
7
72
0
73
1
93
4
10
42.9770891541782
20
35.84505969011934
10
42.11308102616226
20
35.84505969011934
10
42.11308102616226
20
35.03858267716532
10
42.9770891541782
20
35.03858267716532
97
1
330

75
0
76
1
47
0.4128176842155181
98
1
10
34.90568961886538
20
22.81183545379326
450
0
451
0
460
0
461
0
452
1
462
1
453
2
463
0
63
5
421
255
463
1
63
7
421
16777215
470
LINEAR
1001
ACAD
1010
0
1020
0
1030
0
0
HATCH
5
690
100
AcDbEntity
8
TopSolderMaskLayer
100
AcDbHatch
10
0
20
0
30
0
210
0
220
0
230
1
2
SOLID
70
1
71
0
91
1
92
7
72
0
73
1
93
4
10
33.0982813394935
20
23.44034345265311
10
32.17984921676771
20
23.44034345265311
10
32.17984921676771
20
24.294237975776127
10
33.0982813394935
20
24.294237975776127
97
1
330

75
0
76
1
47
0.4128176842155181
98
1
10
34.90568961886538
20
22.81183545379326
450
0
451
0
460
0
461
0
452
1
462
1
453
2
463
0
63
5
421
255
463
1
63
7
421
16777215
470
LINEAR
1001
ACAD
1010
0
1020
0
1030
0
0
HATCH
5
693
100
AcDbEntity
8
TopLayer
100
AcDbHatch
10
0
20
0
30
0
210
0
220
0
230
1
2
SOLID
70
1
71
0
91
1
92
7
72
0
73
1
93
4
10
33.07106934213857
20
23.46405892811788
10
32.20706121412263
20
23.46405892811788
10
32.20706121412263
20
24.2705359410719
10
33.07106934213857
20
24.2705359410719
97
1
330

75
0
76
1
47
0.4128176842155181
98
1
10
34.90568961886538
20
22.81183545379326
450
0
451
0
460
0
461
0
452
1
462
1
453
2
463
0
63
5
421
255
463
1
63
7
421
16777215
470
LINEAR
1001
ACAD
1010
0
1020
0
1030
0
0
HATCH
5
696
100
AcDbEntity
8
TopSolderMaskLayer
100
AcDbHatch
10
0
20
0
30
0
210
0
220
0
230
1
2
SOLID
70
1
71
0
91
1
92
7
72
0
73
1
93
4
10
33.0982813394935
20
22.787749003531758
10
32.17984921676771
20
22.787749003531758
10
32.17984921676771
20
21.933854480408854
10
33.0982813394935
20
21.933854480408854
97
1
330

75
0
76
1
47
0.4128176842155181
98
1
10
34.90568961886538
20
22.81183545379326
450
0
451
0
460
0
461
0
452
1
462
1
453
2
463
0
63
5
421
255
463
1
63
7
421
16777215
470
LINEAR
1001
ACAD
1010
0
1020
0
1030
0
0
HATCH
5
699
100
AcDbEntity
8
TopLayer
100
AcDbHatch
10
0
20
0
30
0
210
0
220
0
230
1
2
SOLID
70
1
71
0
91
1
92
7
72
0
73
1
93
4
10
33.07106934213857
20
22.76403352806699
10
32.20706121412263
20
22.76403352806699
10
32.20706121412263
20
21.957556515113083
10
33.07106934213857
20
21.957556515113083
97
1
330

75
0
76
1
47
0.4128176842155181
98
1
10
34.90568961886538
20
22.81183545379326
450
0
451
0
460
0
461
0
452
1
462
1
453
2
463
0
63
5
421
255
463
1
63
7
421
16777215
470
LINEAR
1001
ACAD
1010
0
1020
0
1030
0
0
HATCH
5
69c
100
AcDbEntity
8
TopSolderMaskLayer
100
AcDbHatch
10
0
20
0
30
0
210
0
220
0
230
1
2
SOLID
70
1
71
0
91
1
92
7
72
0
73
1
93
4
10
35.63828641950363
20
36.52136961470546
10
34.71985429677784
20
36.52136961470546
10
34.71985429677784
20
37.37526413782848
10
35.63828641950363
20
37.37526413782848
97
1
330

75
0
76
1
47
0.4128176842155181
98
1
10
34.90568961886538
20
22.81183545379326
450
0
451
0
460
0
461
0
452
1
462
1
453
2
463
0
63
5
421
255
463
1
63
7
421
16777215
470
LINEAR
1001
ACAD
1010
0
1020
0
1030
0
0
HATCH
5
69f
100
AcDbEntity
8
TopLayer
100
AcDbHatch
10
0
20
0
30
0
210
0
220
0
230
1
2
SOLID
70
1
71
0
91
1
92
7
72
0
73
1
93
4
10
35.611074422148704
20
36.54508509017023
10
34.747066294132765
20
36.54508509017023
10
34.747066294132765
20
37.35156210312425
10
35.611074422148704
20
37.35156210312425
97
1
330

75
0
76
1
47
0.4128176842155181
98
1
10
34.90568961886538
20
22.81183545379326
450
0
451
0
460
0
461
0
452
1
462
1
453
2
463
0
63
5
421
255
463
1
63
7
421
16777215
470
LINEAR
1001
ACAD
1010
0
1020
0
1030
0
0
HATCH
5
6a2
100
AcDbEntity
8
TopSolderMaskLayer
100
AcDbHatch
10
0
20
0
30
0
210
0
220
0
230
1
2
SOLID
70
1
71
0
91
1
92
7
72
0
73
1
93
4
10
35.63828641950363
20
35.86877516558411
10
34.71985429677784
20
35.86877516558411
10
34.71985429677784
20
35.01488064246121
10
35.63828641950363
20
35.01488064246121
97
1
330

75
0
76
1
47
0.4128176842155181
98
1
10
34.90568961886538
20
22.81183545379326
450
0
451
0
460
0
461
0
452
1
462
1
453
2
463
0
63
5
421
255
463
1
63
7
421
16777215
470
LINEAR
1001
ACAD
1010
0
1020
0
1030
0
0
HATCH
5
6a5
100
AcDbEntity
8
TopLayer
100
AcDbHatch
10
0
20
0
30
0
210
0
220
0
230
1
2
SOLID
70
1
71
0
91
1
92
7
72
0
73
1
93
4
10
35.611074422148704
20
35.84505969011934
10
34.747066294132765
20
35.84505969011934
10
34.747066294132765
20
35.03858267716532
10
35.611074422148704
20
35.03858267716532
97
1
330

75
0
76
1
47
0.4128176842155181
98
1
10
34.90568961886538
20
22.81183545379326
450
0
451
0
460
0
461
0
452
1
462
1
453
2
463
0
63
5
421
255
463
1
63
7
421
16777215
470
LINEAR
1001
ACAD
1010
0
1020
0
1030
0
0
HATCH
5
6a8
100
AcDbEntity
8
TopSolderMaskLayer
100
AcDbHatch
10
0
20
0
30
0
210
0
220
0
230
1
2
SOLID
70
1
71
0
91
1
92
7
72
0
73
1
93
4
10
24.08126330545747
20
23.44034345265311
10
23.16283118273168
20
23.44034345265311
10
23.16283118273168
20
24.294237975776127
10
24.08126330545747
20
24.294237975776127
97
1
330

75
0
76
1
47
0.4128176842155181
98
1
10
34.90568961886538
20
22.81183545379326
450
0
451
0
460
0
461
0
452
1
462
1
453
2
463
0
63
5
421
255
463
1
63
7
421
16777215
470
LINEAR
1001
ACAD
1010
0
1020
0
1030
0
0
HATCH
5
6ab
100
AcDbEntity
8
TopLayer
100
AcDbHatch
10
0
20
0
30
0
210
0
220
0
230
1
2
SOLID
70
1
71
0
91
1
92
7
72
0
73
1
93
4
10
24.054051308102544
20
23.46405892811788
10
23.190043180086377
20
23.46405892811788
10
23.190043180086377
20
24.2705359410719
10
24.054051308102544
20
24.2705359410719
97
1
330

75
0
76
1
47
0.4128176842155181
98
1
10
34.90568961886538
20
22.81183545379326
450
0
451
0
460
0
461
0
452
1
462
1
453
2
463
0
63
5
421
255
463
1
63
7
421
16777215
470
LINEAR
1001
ACAD
1010
0
1020
0
1030
0
0
HATCH
5
6ae
100
AcDbEntity
8
TopSolderMaskLayer
100
AcDbHatch
10
0
20
0
30
0
210
0
220
0
230
1
2
SOLID
70
1
71
0
91
1
92
7
72
0
73
1
93
4
10
24.08126330545747
20
22.787749003531758
10
23.16283118273168
20
22.787749003531758
10
23.16283118273168
20
21.933854480408854
10
24.08126330545747
20
21.933854480408854
97
1
330

75
0
76
1
47
0.4128176842155181
98
1
10
34.90568961886538
20
22.81183545379326
450
0
451
0
460
0
461
0
452
1
462
1
453
2
463
0
63
5
421
255
463
1
63
7
421
16777215
470
LINEAR
1001
ACAD
1010
0
1020
0
1030
0
0
HATCH
5
6b1
100
AcDbEntity
8
TopLayer
100
AcDbHatch
10
0
20
0
30
0
210
0
220
0
230
1
2
SOLID
70
1
71
0
91
1
92
7
72
0
73
1
93
4
10
24.054051308102544
20
22.76403352806699
10
23.190043180086377
20
22.76403352806699
10
23.190043180086377
20
21.957556515113083
10
24.054051308102544
20
21.957556515113083
97
1
330

75
0
76
1
47
0.4128176842155181
98
1
10
34.90568961886538
20
22.81183545379326
450
0
451
0
460
0
461
0
452
1
462
1
453
2
463
0
63
5
421
255
463
1
63
7
421
16777215
470
LINEAR
1001
ACAD
1010
0
1020
0
1030
0
0
HATCH
5
6b4
100
AcDbEntity
8
TopSolderMaskLayer
100
AcDbHatch
10
0
20
0
30
0
210
0
220
0
230
1
2
SOLID
70
1
71
0
91
1
92
7
72
0
73
1
93
4
10
26.6212683854676
20
36.77537012270648
10
25.702836262741812
20
36.77537012270648
10
25.702836262741812
20
37.629264645829494
10
26.6212683854676
20
37.629264645829494
97
1
330

75
0
76
1
47
0.4128176842155181
98
1
10
34.90568961886538
20
22.81183545379326
450
0
451
0
460
0
461
0
452
1
462
1
453
2
463
0
63
5
421
255
463
1
63
7
421
16777215
470
LINEAR
1001
ACAD
1010
0
1020
0
1030
0
0
HATCH
5
6b7
100
AcDbEntity
8
TopLayer
100
AcDbHatch
10
0
20
0
30
0
210
0
220
0
230
1
2
SOLID
70
1
71
0
91
1
92
7
72
0
73
1
93
4
10
26.594056388112676
20
36.799085598171246
10
25.730048260096737
20
36.799085598171246
10
25.730048260096737
20
37.605562611125265
10
26.594056388112676
20
37.605562611125265
97
1
330

75
0
76
1
47
0.4128176842155181
98
1
10
34.90568961886538
20
22.81183545379326
450
0
451
0
460
0
461
0
452
1
462
1
453
2
463
0
63
5
421
255
463
1
63
7
421
16777215
470
LINEAR
1001
ACAD
1010
0
1020
0
1030
0
0
HATCH
5
6ba
100
AcDbEntity
8
TopSolderMaskLayer
100
AcDbHatch
10
0
20
0
30
0
210
0
220
0
230
1
2
SOLID
70
1
71
0
91
1
92
7
72
0
73
1
93
4
10
26.6212683854676
20
36.122775673585124
10
25.702836262741812
20
36.122775673585124
10
25.702836262741812
20
35.26888115046222
10
26.6212683854676
20
35.26888115046222
97
1
330

75
0
76
1
47
0.4128176842155181
98
1
10
34.90568961886538
20
22.81183545379326
450
0
451
0
460
0
461
0
452
1
462
1
453
2
463
0
63
5
421
255
463
1
63
7
421
16777215
470
LINEAR
1001
ACAD
1010
0
1020
0
1030
0
0
HATCH
5
6bd
100
AcDbEntity
8
TopLayer
100
AcDbHatch
10
0
20
0
30
0
210
0
220
0
230
1
2
SOLID
70
1
71
0
91
1
92
7
72
0
73
1
93
4
10
26.594056388112676
20
36.099060198120355
10
25.730048260096737
20
36.099060198120355
10
25.730048260096737
20
35.292583185166336
10
26.594056388112676
20
35.292583185166336
97
1
330

75
0
76
1
47
0.4128176842155181
98
1
10
34.90568961886538
20
22.81183545379326
450
0
451
0
460
0
461
0
452
1
462
1
453
2
463
0
63
5
421
255
463
1
63
7
421
16777215
470
LINEAR
1001
ACAD
1010
0
1020
0
1030
0
0
HATCH
5
6c0
100
AcDbEntity
8
TopSolderMaskLayer
100
AcDbHatch
10
0
20
0
30
0
210
0
220
0
230
1
2
SOLID
70
1
71
0
91
1
92
7
72
0
73
1
93
4
10
3.3507915586521904
20
21.13674570152523
10
4.269223681378207
20
21.13674570152523
10
4.269223681378207
20
20.28285117840221
10
3.3507915586521904
20
20.28285117840221
97
1
330

75
0
76
1
47
0.4128176842155181
98
1
10
34.90568961886538
20
22.81183545379326
450
0
451
0
460
0
461
0
452
1
462
1
453
2
463
0
63
5
421
255
463
1
63
7
421
16777215
470
LINEAR
1001
ACAD
1010
0
1020
0
1030
0
0
HATCH
5
6c3
100
AcDbEntity
8
TopLayer
100
AcDbHatch
10
0
20
0
30
0
210
0
220
0
230
1
2
SOLID
70
1
71
0
91
1
92
7
72
0
73
1
93
4
10
3.3780035560071155
20
21.11303022606046
10
4.24201168402351
20
21.11303022606046
10
4.24201168402351
20
20.30655321310644
10
3.3780035560071155
20
20.30655321310644
97
1
330

75
0
76
1
47
0.4128176842155181
98
1
10
34.90568961886538
20
22.81183545379326
450
0
451
0
460
0
461
0
452
1
462
1
453
2
463
0
63
5
421
255
463
1
63
7
421
16777215
470
LINEAR
1001
ACAD
1010
0
1020
0
1030
0
0
HATCH
5
6c6
100
AcDbEntity
8
TopSolderMaskLayer
100
AcDbHatch
10
0
20
0
30
0
210
0
220
0
230
1
2
SOLID
70
1
71
0
91
1
92
7
72
0
73
1
93
4
10
3.3507915586521904
20
21.78934015064658
10
4.269223681378207
20
21.78934015064658
10
4.269223681378207
20
22.643234673769484
10
3.3507915586521904
20
22.643234673769484
97
1
330

75
0
76
1
47
0.4128176842155181
98
1
10
34.90568961886538
20
22.81183545379326
450
0
451
0
460
0
461
0
452
1
462
1
453
2
463
0
63
5
421
255
463
1
63
7
421
16777215
470
LINEAR
1001
ACAD
1010
0
1020
0
1030
0
0
HATCH
5
6c9
100
AcDbEntity
8
TopLayer
100
AcDbHatch
10
0
20
0
30
0
210
0
220
0
230
1
2
SOLID
70
1
71
0
91
1
92
7
72
0
73
1
93
4
10
3.3780035560071155
20
21.81305562611135
10
4.24201168402351
20
21.81305562611135
10
4.24201168402351
20
22.61953263906537
10
3.3780035560071155
20
22.61953263906537
97
1
330

75
0
76
1
47
0.4128176842155181
98
1
10
34.90568961886538
20
22.81183545379326
450
0
451
0
460
0
461
0
452
1
462
1
453
2
463
0
63
5
421
255
463
1
63
7
421
16777215
470
LINEAR
1001
ACAD
1010
0
1020
0
1030
0
 0
ARC
  5
7fe
330
1F
100
AcDbEntity
  8
TopSolderMaskLayer
100
AcDbCircle
 10
32.6390652781306
 20
25.90535052037842
 30
0.0
 40
0.4254000508001016
100
AcDbArc
 50
180
 51
360
 0
ARC
  5
7ff
330
1F
100
AcDbEntity
  8
TopSolderMaskLayer
100
AcDbCircle
 10
32.6390652781306
 20
25.910753111828853
 30
0.0
 40
0.4254000508001016
100
AcDbArc
 50
360
 51
180
 0
LWPOLYLINE
  5
800
330
1F
100
AcDbEntity
  8
TopSolderMaskLayer
100
AcDbPolyline
 90
1
 70
 1
 43
0
 10
32.2136652273305
 20
25.910753111828853
 10
32.2136652273305
 20
25.90535052037842
 0
LWPOLYLINE
  5
801
330
1F
100
AcDbEntity
  8
TopSolderMaskLayer
100
AcDbPolyline
 90
1
 70
 1
 43
0
 10
33.0644653289307
 20
25.910753111828853
 10
33.0644653289307
 20
25.90535052037842
0
HATCH
5
802
100
AcDbEntity
8
TopSolderMaskLayer
100
AcDbHatch
10
0
20
0
30
0
210
0
220
0
230
1
2
SOLID
70
1
71
0
91
1
92
7
72
0
73
1
93
4
10
31.788265176530558
20
25.057251714503423
10
31.788265176530558
20
26.75885191770385
10
33.489865379730645
20
26.75885191770385
10
33.489865379730645
20
25.057251714503423
97
1
330

75
0
76
1
47
0.4128176842155181
98
1
10
34.90568961886538
20
22.81183545379326
450
0
451
0
460
0
461
0
452
1
462
1
453
2
463
0
63
5
421
255
463
1
63
7
421
16777215
470
LINEAR
1001
ACAD
1010
0
1020
0
1030
0
 0
ARC
  5
805
330
1F
100
AcDbEntity
  8
BottomSolderMaskLayer
100
AcDbCircle
 10
32.6390652781306
 20
25.90535052037842
 30
0.0
 40
0.4254000508001016
100
AcDbArc
 50
180
 51
360
 0
ARC
  5
806
330
1F
100
AcDbEntity
  8
BottomSolderMaskLayer
100
AcDbCircle
 10
32.6390652781306
 20
25.910753111828853
 30
0.0
 40
0.4254000508001016
100
AcDbArc
 50
360
 51
180
 0
LWPOLYLINE
  5
807
330
1F
100
AcDbEntity
  8
BottomSolderMaskLayer
100
AcDbPolyline
 90
1
 70
 1
 43
0
 10
32.2136652273305
 20
25.910753111828853
 10
32.2136652273305
 20
25.90535052037842
 0
LWPOLYLINE
  5
808
330
1F
100
AcDbEntity
  8
BottomSolderMaskLayer
100
AcDbPolyline
 90
1
 70
 1
 43
0
 10
33.0644653289307
 20
25.910753111828853
 10
33.0644653289307
 20
25.90535052037842
0
HATCH
5
809
100
AcDbEntity
8
BottomSolderMaskLayer
100
AcDbHatch
10
0
20
0
30
0
210
0
220
0
230
1
2
SOLID
70
1
71
0
91
1
92
7
72
0
73
1
93
4
10
31.788265176530558
20
25.057251714503423
10
31.788265176530558
20
26.75885191770385
10
33.489865379730645
20
26.75885191770385
10
33.489865379730645
20
25.057251714503423
97
1
330

75
0
76
1
47
0.4128176842155181
98
1
10
34.90568961886538
20
22.81183545379326
450
0
451
0
460
0
461
0
452
1
462
1
453
2
463
0
63
5
421
255
463
1
63
7
421
16777215
470
LINEAR
1001
ACAD
1010
0
1020
0
1030
0
 0
ARC
  5
80c
330
1F
100
AcDbEntity
  8
Multi-Layer
100
AcDbCircle
 10
32.6390652781306
 20
25.905511811023644
 30
0.0
 40
0.4
100
AcDbArc
 50
180
 51
360
 0
ARC
  5
80d
330
1F
100
AcDbEntity
  8
Multi-Layer
100
AcDbCircle
 10
32.6390652781306
 20
25.910591821183743
 30
0.0
 40
0.4
100
AcDbArc
 50
360
 51
180
 0
LWPOLYLINE
  5
80e
330
1F
100
AcDbEntity
  8
Multi-Layer
100
AcDbPolyline
 90
1
 70
 1
 43
0
 10
32.2390652781306
 20
25.910591821183743
 10
32.2390652781306
 20
25.905511811023644
 0
LWPOLYLINE
  5
80f
330
1F
100
AcDbEntity
  8
Multi-Layer
100
AcDbPolyline
 90
1
 70
 1
 43
0
 10
33.0390652781306
 20
25.910591821183743
 10
33.0390652781306
 20
25.905511811023644
0
HATCH
5
810
100
AcDbEntity
8
Multi-Layer
100
AcDbHatch
10
0
20
0
30
0
210
0
220
0
230
1
2
SOLID
70
1
71
0
91
1
92
7
72
0
73
1
93
4
10
31.839065278130647
20
25.108051816103625
10
31.839065278130647
20
26.70805181610376
10
33.439065278130556
20
26.70805181610376
10
33.439065278130556
20
25.108051816103625
97
1
330

75
0
76
1
47
0.4128176842155181
98
1
10
34.90568961886538
20
22.81183545379326
450
0
451
0
460
0
461
0
452
1
462
1
453
2
463
0
63
5
421
255
463
1
63
7
421
16777215
470
LINEAR
1001
ACAD
1010
0
1020
0
1030
0
 0
ARC
  5
852
330
1F
100
AcDbEntity
  8
TopSolderMaskLayer
100
AcDbCircle
 10
23.622047244094574
 20
26.159351028379433
 30
0.0
 40
0.4254000508001016
100
AcDbArc
 50
180
 51
360
 0
ARC
  5
853
330
1F
100
AcDbEntity
  8
TopSolderMaskLayer
100
AcDbCircle
 10
23.622047244094574
 20
26.164753619829867
 30
0.0
 40
0.4254000508001016
100
AcDbArc
 50
360
 51
180
 0
LWPOLYLINE
  5
854
330
1F
100
AcDbEntity
  8
TopSolderMaskLayer
100
AcDbPolyline
 90
1
 70
 1
 43
0
 10
23.196647193294474
 20
26.164753619829867
 10
23.196647193294474
 20
26.159351028379433
 0
LWPOLYLINE
  5
855
330
1F
100
AcDbEntity
  8
TopSolderMaskLayer
100
AcDbPolyline
 90
1
 70
 1
 43
0
 10
24.047447294894674
 20
26.164753619829867
 10
24.047447294894674
 20
26.159351028379433
0
HATCH
5
856
100
AcDbEntity
8
TopSolderMaskLayer
100
AcDbHatch
10
0
20
0
30
0
210
0
220
0
230
1
2
SOLID
70
1
71
0
91
1
92
7
72
0
73
1
93
4
10
22.77124714249453
20
25.311252222504436
10
22.77124714249453
20
27.012852425704864
10
24.472847345694618
20
27.012852425704864
10
24.472847345694618
20
25.311252222504436
97
1
330

75
0
76
1
47
0.4128176842155181
98
1
10
34.90568961886538
20
22.81183545379326
450
0
451
0
460
0
461
0
452
1
462
1
453
2
463
0
63
5
421
255
463
1
63
7
421
16777215
470
LINEAR
1001
ACAD
1010
0
1020
0
1030
0
 0
ARC
  5
859
330
1F
100
AcDbEntity
  8
BottomSolderMaskLayer
100
AcDbCircle
 10
23.622047244094574
 20
26.159351028379433
 30
0.0
 40
0.4254000508001016
100
AcDbArc
 50
180
 51
360
 0
ARC
  5
85a
330
1F
100
AcDbEntity
  8
BottomSolderMaskLayer
100
AcDbCircle
 10
23.622047244094574
 20
26.164753619829867
 30
0.0
 40
0.4254000508001016
100
AcDbArc
 50
360
 51
180
 0
LWPOLYLINE
  5
85b
330
1F
100
AcDbEntity
  8
BottomSolderMaskLayer
100
AcDbPolyline
 90
1
 70
 1
 43
0
 10
23.196647193294474
 20
26.164753619829867
 10
23.196647193294474
 20
26.159351028379433
 0
LWPOLYLINE
  5
85c
330
1F
100
AcDbEntity
  8
BottomSolderMaskLayer
100
AcDbPolyline
 90
1
 70
 1
 43
0
 10
24.047447294894674
 20
26.164753619829867
 10
24.047447294894674
 20
26.159351028379433
0
HATCH
5
85d
100
AcDbEntity
8
BottomSolderMaskLayer
100
AcDbHatch
10
0
20
0
30
0
210
0
220
0
230
1
2
SOLID
70
1
71
0
91
1
92
7
72
0
73
1
93
4
10
22.77124714249453
20
25.311252222504436
10
22.77124714249453
20
27.012852425704864
10
24.472847345694618
20
27.012852425704864
10
24.472847345694618
20
25.311252222504436
97
1
330

75
0
76
1
47
0.4128176842155181
98
1
10
34.90568961886538
20
22.81183545379326
450
0
451
0
460
0
461
0
452
1
462
1
453
2
463
0
63
5
421
255
463
1
63
7
421
16777215
470
LINEAR
1001
ACAD
1010
0
1020
0
1030
0
 0
ARC
  5
860
330
1F
100
AcDbEntity
  8
Multi-Layer
100
AcDbCircle
 10
23.622047244094574
 20
26.159512319024657
 30
0.0
 40
0.4
100
AcDbArc
 50
180
 51
360
 0
ARC
  5
861
330
1F
100
AcDbEntity
  8
Multi-Layer
100
AcDbCircle
 10
23.622047244094574
 20
26.164592329184757
 30
0.0
 40
0.4
100
AcDbArc
 50
360
 51
180
 0
LWPOLYLINE
  5
862
330
1F
100
AcDbEntity
  8
Multi-Layer
100
AcDbPolyline
 90
1
 70
 1
 43
0
 10
23.222047244094576
 20
26.164592329184757
 10
23.222047244094576
 20
26.159512319024657
 0
LWPOLYLINE
  5
863
330
1F
100
AcDbEntity
  8
Multi-Layer
100
AcDbPolyline
 90
1
 70
 1
 43
0
 10
24.022047244094573
 20
26.164592329184757
 10
24.022047244094573
 20
26.159512319024657
0
HATCH
5
864
100
AcDbEntity
8
Multi-Layer
100
AcDbHatch
10
0
20
0
30
0
210
0
220
0
230
1
2
SOLID
70
1
71
0
91
1
92
7
72
0
73
1
93
4
10
22.82204724409462
20
25.36205232410464
10
22.82204724409462
20
26.962052324104775
10
24.42204724409453
20
26.962052324104775
10
24.42204724409453
20
25.36205232410464
97
1
330

75
0
76
1
47
0.4128176842155181
98
1
10
34.90568961886538
20
22.81183545379326
450
0
451
0
460
0
461
0
452
1
462
1
453
2
463
0
63
5
421
255
463
1
63
7
421
16777215
470
LINEAR
1001
ACAD
1010
0
1020
0
1030
0
 0
ARC
  5
8dc
330
1F
100
AcDbEntity
  8
TopSolderMaskLayer
100
AcDbCircle
 10
48.260096520192974
 20
25.651350012377407
 30
0.0
 40
0.4254000508001016
100
AcDbArc
 50
180
 51
360
 0
ARC
  5
8dd
330
1F
100
AcDbEntity
  8
TopSolderMaskLayer
100
AcDbCircle
 10
48.260096520192974
 20
25.65675260382784
 30
0.0
 40
0.4254000508001016
100
AcDbArc
 50
360
 51
180
 0
LWPOLYLINE
  5
8de
330
1F
100
AcDbEntity
  8
TopSolderMaskLayer
100
AcDbPolyline
 90
1
 70
 1
 43
0
 10
47.834696469392874
 20
25.65675260382784
 10
47.834696469392874
 20
25.651350012377407
 0
LWPOLYLINE
  5
8df
330
1F
100
AcDbEntity
  8
TopSolderMaskLayer
100
AcDbPolyline
 90
1
 70
 1
 43
0
 10
48.685496570993074
 20
25.65675260382784
 10
48.685496570993074
 20
25.651350012377407
0
HATCH
5
8e0
100
AcDbEntity
8
TopSolderMaskLayer
100
AcDbHatch
10
0
20
0
30
0
210
0
220
0
230
1
2
SOLID
70
1
71
0
91
1
92
7
72
0
73
1
93
4
10
47.40929641859293
20
24.80325120650241
10
47.40929641859293
20
26.504851409702837
10
49.110896621793245
20
26.504851409702837
10
49.110896621793245
20
24.80325120650241
97
1
330

75
0
76
1
47
0.4128176842155181
98
1
10
34.90568961886538
20
22.81183545379326
450
0
451
0
460
0
461
0
452
1
462
1
453
2
463
0
63
5
421
255
463
1
63
7
421
16777215
470
LINEAR
1001
ACAD
1010
0
1020
0
1030
0
 0
ARC
  5
8e3
330
1F
100
AcDbEntity
  8
BottomSolderMaskLayer
100
AcDbCircle
 10
48.260096520192974
 20
25.651350012377407
 30
0.0
 40
0.4254000508001016
100
AcDbArc
 50
180
 51
360
 0
ARC
  5
8e4
330
1F
100
AcDbEntity
  8
BottomSolderMaskLayer
100
AcDbCircle
 10
48.260096520192974
 20
25.65675260382784
 30
0.0
 40
0.4254000508001016
100
AcDbArc
 50
360
 51
180
 0
LWPOLYLINE
  5
8e5
330
1F
100
AcDbEntity
  8
BottomSolderMaskLayer
100
AcDbPolyline
 90
1
 70
 1
 43
0
 10
47.834696469392874
 20
25.65675260382784
 10
47.834696469392874
 20
25.651350012377407
 0
LWPOLYLINE
  5
8e6
330
1F
100
AcDbEntity
  8
BottomSolderMaskLayer
100
AcDbPolyline
 90
1
 70
 1
 43
0
 10
48.685496570993074
 20
25.65675260382784
 10
48.685496570993074
 20
25.651350012377407
0
HATCH
5
8e7
100
AcDbEntity
8
BottomSolderMaskLayer
100
AcDbHatch
10
0
20
0
30
0
210
0
220
0
230
1
2
SOLID
70
1
71
0
91
1
92
7
72
0
73
1
93
4
10
47.40929641859293
20
24.80325120650241
10
47.40929641859293
20
26.504851409702837
10
49.110896621793245
20
26.504851409702837
10
49.110896621793245
20
24.80325120650241
97
1
330

75
0
76
1
47
0.4128176842155181
98
1
10
34.90568961886538
20
22.81183545379326
450
0
451
0
460
0
461
0
452
1
462
1
453
2
463
0
63
5
421
255
463
1
63
7
421
16777215
470
LINEAR
1001
ACAD
1010
0
1020
0
1030
0
 0
ARC
  5
8ea
330
1F
100
AcDbEntity
  8
Multi-Layer
100
AcDbCircle
 10
48.260096520192974
 20
25.65151130302263
 30
0.0
 40
0.4
100
AcDbArc
 50
180
 51
360
 0
ARC
  5
8eb
330
1F
100
AcDbEntity
  8
Multi-Layer
100
AcDbCircle
 10
48.260096520192974
 20
25.65659131318273
 30
0.0
 40
0.4
100
AcDbArc
 50
360
 51
180
 0
LWPOLYLINE
  5
8ec
330
1F
100
AcDbEntity
  8
Multi-Layer
100
AcDbPolyline
 90
1
 70
 1
 43
0
 10
47.860096520192975
 20
25.65659131318273
 10
47.860096520192975
 20
25.65151130302263
 0
LWPOLYLINE
  5
8ed
330
1F
100
AcDbEntity
  8
Multi-Layer
100
AcDbPolyline
 90
1
 70
 1
 43
0
 10
48.66009652019297
 20
25.65659131318273
 10
48.66009652019297
 20
25.65151130302263
0
HATCH
5
8ee
100
AcDbEntity
8
Multi-Layer
100
AcDbHatch
10
0
20
0
30
0
210
0
220
0
230
1
2
SOLID
70
1
71
0
91
1
92
7
72
0
73
1
93
4
10
47.46009652019302
20
24.854051308102612
10
47.46009652019302
20
26.454051308102635
10
49.06009652019293
20
26.454051308102635
10
49.06009652019293
20
24.854051308102612
97
1
330

75
0
76
1
47
0.4128176842155181
98
1
10
34.90568961886538
20
22.81183545379326
450
0
451
0
460
0
461
0
452
1
462
1
453
2
463
0
63
5
421
255
463
1
63
7
421
16777215
470
LINEAR
1001
ACAD
1010
0
1020
0
1030
0
 0
ARC
  5
930
330
1F
100
AcDbEntity
  8
TopSolderMaskLayer
100
AcDbCircle
 10
40.0050800101601
 20
25.77835026637797
 30
0.0
 40
0.4254000508001016
100
AcDbArc
 50
180
 51
360
 0
ARC
  5
931
330
1F
100
AcDbEntity
  8
TopSolderMaskLayer
100
AcDbCircle
 10
40.0050800101601
 20
25.783752857828404
 30
0.0
 40
0.4254000508001016
100
AcDbArc
 50
360
 51
180
 0
LWPOLYLINE
  5
932
330
1F
100
AcDbEntity
  8
TopSolderMaskLayer
100
AcDbPolyline
 90
1
 70
 1
 43
0
 10
39.57967995936
 20
25.783752857828404
 10
39.57967995936
 20
25.77835026637797
 0
LWPOLYLINE
  5
933
330
1F
100
AcDbEntity
  8
TopSolderMaskLayer
100
AcDbPolyline
 90
1
 70
 1
 43
0
 10
40.4304800609602
 20
25.783752857828404
 10
40.4304800609602
 20
25.77835026637797
0
HATCH
5
934
100
AcDbEntity
8
TopSolderMaskLayer
100
AcDbHatch
10
0
20
0
30
0
210
0
220
0
230
1
2
SOLID
70
1
71
0
91
1
92
7
72
0
73
1
93
4
10
39.154279908560056
20
24.930251460502973
10
39.154279908560056
20
26.6318516637034
10
40.85588011176014
20
26.6318516637034
10
40.85588011176014
20
24.930251460502973
97
1
330

75
0
76
1
47
0.4128176842155181
98
1
10
34.90568961886538
20
22.81183545379326
450
0
451
0
460
0
461
0
452
1
462
1
453
2
463
0
63
5
421
255
463
1
63
7
421
16777215
470
LINEAR
1001
ACAD
1010
0
1020
0
1030
0
 0
ARC
  5
937
330
1F
100
AcDbEntity
  8
BottomSolderMaskLayer
100
AcDbCircle
 10
40.0050800101601
 20
25.77835026637797
 30
0.0
 40
0.4254000508001016
100
AcDbArc
 50
180
 51
360
 0
ARC
  5
938
330
1F
100
AcDbEntity
  8
BottomSolderMaskLayer
100
AcDbCircle
 10
40.0050800101601
 20
25.783752857828404
 30
0.0
 40
0.4254000508001016
100
AcDbArc
 50
360
 51
180
 0
LWPOLYLINE
  5
939
330
1F
100
AcDbEntity
  8
BottomSolderMaskLayer
100
AcDbPolyline
 90
1
 70
 1
 43
0
 10
39.57967995936
 20
25.783752857828404
 10
39.57967995936
 20
25.77835026637797
 0
LWPOLYLINE
  5
93a
330
1F
100
AcDbEntity
  8
BottomSolderMaskLayer
100
AcDbPolyline
 90
1
 70
 1
 43
0
 10
40.4304800609602
 20
25.783752857828404
 10
40.4304800609602
 20
25.77835026637797
0
HATCH
5
93b
100
AcDbEntity
8
BottomSolderMaskLayer
100
AcDbHatch
10
0
20
0
30
0
210
0
220
0
230
1
2
SOLID
70
1
71
0
91
1
92
7
72
0
73
1
93
4
10
39.154279908560056
20
24.930251460502973
10
39.154279908560056
20
26.6318516637034
10
40.85588011176014
20
26.6318516637034
10
40.85588011176014
20
24.930251460502973
97
1
330

75
0
76
1
47
0.4128176842155181
98
1
10
34.90568961886538
20
22.81183545379326
450
0
451
0
460
0
461
0
452
1
462
1
453
2
463
0
63
5
421
255
463
1
63
7
421
16777215
470
LINEAR
1001
ACAD
1010
0
1020
0
1030
0
 0
ARC
  5
93e
330
1F
100
AcDbEntity
  8
Multi-Layer
100
AcDbCircle
 10
40.0050800101601
 20
25.77851155702308
 30
0.0
 40
0.4
100
AcDbArc
 50
180
 51
360
 0
ARC
  5
93f
330
1F
100
AcDbEntity
  8
Multi-Layer
100
AcDbCircle
 10
40.0050800101601
 20
25.78359156718318
 30
0.0
 40
0.4
100
AcDbArc
 50
360
 51
180
 0
LWPOLYLINE
  5
940
330
1F
100
AcDbEntity
  8
Multi-Layer
100
AcDbPolyline
 90
1
 70
 1
 43
0
 10
39.6050800101601
 20
25.78359156718318
 10
39.6050800101601
 20
25.77851155702308
 0
LWPOLYLINE
  5
941
330
1F
100
AcDbEntity
  8
Multi-Layer
100
AcDbPolyline
 90
1
 70
 1
 43
0
 10
40.4050800101601
 20
25.78359156718318
 10
40.4050800101601
 20
25.77851155702308
0
HATCH
5
942
100
AcDbEntity
8
Multi-Layer
100
AcDbHatch
10
0
20
0
30
0
210
0
220
0
230
1
2
SOLID
70
1
71
0
91
1
92
7
72
0
73
1
93
4
10
39.205080010160145
20
24.98105156210306
10
39.205080010160145
20
26.581051562103198
10
40.805080010160054
20
26.581051562103198
10
40.805080010160054
20
24.98105156210306
97
1
330

75
0
76
1
47
0.4128176842155181
98
1
10
34.90568961886538
20
22.81183545379326
450
0
451
0
460
0
461
0
452
1
462
1
453
2
463
0
63
5
421
255
463
1
63
7
421
16777215
470
LINEAR
1001
ACAD
1010
0
1020
0
1030
0
  0
CIRCLE
  5
982
330
1F
100
AcDbEntity
  8
TopSolderMaskLayer
100
AcDbCircle
 10
82.93116586233168
 20
50.41910083820176
 30
0.0
 40
0.5169333672000678
0
HATCH
5
984
100
AcDbEntity
8
TopSolderMaskLayer
100
AcDbHatch
10
0
20
0
30
0
210
0
220
0
230
1
2
SOLID
70
1
71
0
91
1
92
7
72
0
73
1
93
4
10
82.15575268139787
20
51.19451401913557
10
83.70657904326572
20
51.19451401913557
10
83.70657904326572
20
49.64368765726783
10
82.15575268139787
20
49.64368765726783
97
1
330

75
0
76
1
47
0.4128176842155181
98
1
10
34.90568961886538
20
22.81183545379326
450
0
451
0
460
0
461
0
452
1
462
1
453
2
463
0
63
5
421
255
463
1
63
7
421
16777215
470
LINEAR
1001
ACAD
1010
0
1020
0
1030
0
  0
CIRCLE
  5
985
330
1F
100
AcDbEntity
  8
BottomSolderMaskLayer
100
AcDbCircle
 10
82.93116586233168
 20
50.41910083820176
 30
0.0
 40
0.5169333672000678
0
HATCH
5
987
100
AcDbEntity
8
BottomSolderMaskLayer
100
AcDbHatch
10
0
20
0
30
0
210
0
220
0
230
1
2
SOLID
70
1
71
0
91
1
92
7
72
0
73
1
93
4
10
82.15575268139787
20
51.19451401913557
10
83.70657904326572
20
51.19451401913557
10
83.70657904326572
20
49.64368765726783
10
82.15575268139787
20
49.64368765726783
97
1
330

75
0
76
1
47
0.4128176842155181
98
1
10
34.90568961886538
20
22.81183545379326
450
0
451
0
460
0
461
0
452
1
462
1
453
2
463
0
63
5
421
255
463
1
63
7
421
16777215
470
LINEAR
1001
ACAD
1010
0
1020
0
1030
0
  0
CIRCLE
  5
988
330
1F
100
AcDbEntity
  8
Multi-Layer
100
AcDbCircle
 10
82.93116586233168
 20
50.41910083820176
 30
0.0
 40
0.5
0
HATCH
5
98a
100
AcDbEntity
8
Multi-Layer
100
AcDbHatch
10
0
20
0
30
0
210
0
220
0
230
1
2
SOLID
70
1
71
0
91
1
92
7
72
0
73
1
93
4
10
82.18115316230637
20
51.169113538227066
10
83.68117856235722
20
51.169113538227066
10
83.68117856235722
20
49.669088138176335
10
82.18115316230637
20
49.669088138176335
97
1
330

75
0
76
1
47
0.4128176842155181
98
1
10
34.90568961886538
20
22.81183545379326
450
0
451
0
460
0
461
0
452
1
462
1
453
2
463
0
63
5
421
255
463
1
63
7
421
16777215
470
LINEAR
1001
ACAD
1010
0
1020
0
1030
0
0
HATCH
5
99f
100
AcDbEntity
8
TopSolderMaskLayer
100
AcDbHatch
10
0
20
0
30
0
210
0
220
0
230
1
2
SOLID
70
1
71
0
91
1
92
7
72
0
73
1
93
4
10
80.85037684368444
20
42.87138231473091
10
79.93194472095865
20
42.87138231473091
10
79.93194472095865
20
43.72527683785381
10
80.85037684368444
20
43.72527683785381
97
1
330

75
0
76
1
47
0.4128176842155181
98
1
10
34.90568961886538
20
22.81183545379326
450
0
451
0
460
0
461
0
452
1
462
1
453
2
463
0
63
5
421
255
463
1
63
7
421
16777215
470
LINEAR
1001
ACAD
1010
0
1020
0
1030
0
0
HATCH
5
9a2
100
AcDbEntity
8
TopLayer
100
AcDbHatch
10
0
20
0
30
0
210
0
220
0
230
1
2
SOLID
70
1
71
0
91
1
92
7
72
0
73
1
93
4
10
80.82316484632952
20
42.89509779019568
10
79.95915671831358
20
42.89509779019568
10
79.95915671831358
20
43.7015748031497
10
80.82316484632952
20
43.7015748031497
97
1
330

75
0
76
1
47
0.4128176842155181
98
1
10
34.90568961886538
20
22.81183545379326
450
0
451
0
460
0
461
0
452
1
462
1
453
2
463
0
63
5
421
255
463
1
63
7
421
16777215
470
LINEAR
1001
ACAD
1010
0
1020
0
1030
0
0
HATCH
5
9a5
100
AcDbEntity
8
TopSolderMaskLayer
100
AcDbHatch
10
0
20
0
30
0
210
0
220
0
230
1
2
SOLID
70
1
71
0
91
1
92
7
72
0
73
1
93
4
10
80.85037684368444
20
42.218787865609556
10
79.93194472095865
20
42.218787865609556
10
79.93194472095865
20
41.36489334248654
10
80.85037684368444
20
41.36489334248654
97
1
330

75
0
76
1
47
0.4128176842155181
98
1
10
34.90568961886538
20
22.81183545379326
450
0
451
0
460
0
461
0
452
1
462
1
453
2
463
0
63
5
421
255
463
1
63
7
421
16777215
470
LINEAR
1001
ACAD
1010
0
1020
0
1030
0
0
HATCH
5
9a8
100
AcDbEntity
8
TopLayer
100
AcDbHatch
10
0
20
0
30
0
210
0
220
0
230
1
2
SOLID
70
1
71
0
91
1
92
7
72
0
73
1
93
4
10
80.82316484632952
20
42.19507239014479
10
79.95915671831358
20
42.19507239014479
10
79.95915671831358
20
41.38859537719077
10
80.82316484632952
20
41.38859537719077
97
1
330

75
0
76
1
47
0.4128176842155181
98
1
10
34.90568961886538
20
22.81183545379326
450
0
451
0
460
0
461
0
452
1
462
1
453
2
463
0
63
5
421
255
463
1
63
7
421
16777215
470
LINEAR
1001
ACAD
1010
0
1020
0
1030
0
0
HATCH
5
9ab
100
AcDbEntity
8
TopSolderMaskLayer
100
AcDbHatch
10
0
20
0
30
0
210
0
220
0
230
1
2
SOLID
70
1
71
0
91
1
92
7
72
0
73
1
93
4
10
83.3903819236948
20
42.87138231473091
10
82.47194980096879
20
42.87138231473091
10
82.47194980096879
20
43.72527683785381
10
83.3903819236948
20
43.72527683785381
97
1
330

75
0
76
1
47
0.4128176842155181
98
1
10
34.90568961886538
20
22.81183545379326
450
0
451
0
460
0
461
0
452
1
462
1
453
2
463
0
63
5
421
255
463
1
63
7
421
16777215
470
LINEAR
1001
ACAD
1010
0
1020
0
1030
0
0
HATCH
5
9ae
100
AcDbEntity
8
TopLayer
100
AcDbHatch
10
0
20
0
30
0
210
0
220
0
230
1
2
SOLID
70
1
71
0
91
1
92
7
72
0
73
1
93
4
10
83.36316992633988
20
42.89509779019568
10
82.49916179832371
20
42.89509779019568
10
82.49916179832371
20
43.7015748031497
10
83.36316992633988
20
43.7015748031497
97
1
330

75
0
76
1
47
0.4128176842155181
98
1
10
34.90568961886538
20
22.81183545379326
450
0
451
0
460
0
461
0
452
1
462
1
453
2
463
0
63
5
421
255
463
1
63
7
421
16777215
470
LINEAR
1001
ACAD
1010
0
1020
0
1030
0
0
HATCH
5
9b1
100
AcDbEntity
8
TopSolderMaskLayer
100
AcDbHatch
10
0
20
0
30
0
210
0
220
0
230
1
2
SOLID
70
1
71
0
91
1
92
7
72
0
73
1
93
4
10
83.3903819236948
20
42.218787865609556
10
82.47194980096879
20
42.218787865609556
10
82.47194980096879
20
41.36489334248654
10
83.3903819236948
20
41.36489334248654
97
1
330

75
0
76
1
47
0.4128176842155181
98
1
10
34.90568961886538
20
22.81183545379326
450
0
451
0
460
0
461
0
452
1
462
1
453
2
463
0
63
5
421
255
463
1
63
7
421
16777215
470
LINEAR
1001
ACAD
1010
0
1020
0
1030
0
0
HATCH
5
9b4
100
AcDbEntity
8
TopLayer
100
AcDbHatch
10
0
20
0
30
0
210
0
220
0
230
1
2
SOLID
70
1
71
0
91
1
92
7
72
0
73
1
93
4
10
83.36316992633988
20
42.19507239014479
10
82.49916179832371
20
42.19507239014479
10
82.49916179832371
20
41.38859537719077
10
83.36316992633988
20
41.38859537719077
97
1
330

75
0
76
1
47
0.4128176842155181
98
1
10
34.90568961886538
20
22.81183545379326
450
0
451
0
460
0
461
0
452
1
462
1
453
2
463
0
63
5
421
255
463
1
63
7
421
16777215
470
LINEAR
1001
ACAD
1010
0
1020
0
1030
0
0
HATCH
5
b7d
100
AcDbEntity
8
Document
100
AcDbHatch
10
0
20
0
30
0
210
0
220
0
230
1
2
SOLID
70
1
71
0
91
1
92
7
72
0
73
1
93
4
10
51.055905511811034
20
45.81488442976888
10
51.055905511811034
20
45.625298450596915
10
51.81432562865143
20
45.625298450596915
10
51.81432562865143
20
45.81488442976888
97
1
330

75
0
76
1
47
0.4128176842155181
98
1
10
34.90568961886538
20
22.81183545379326
450
0
451
0
460
0
461
0
452
1
462
1
453
2
463
0
63
5
421
255
463
1
63
7
421
16777215
470
LINEAR
1001
ACAD
1010
0
1020
0
1030
0
0
HATCH
5
b7f
100
AcDbEntity
8
Document
100
AcDbHatch
10
0
20
0
30
0
210
0
220
0
230
1
2
SOLID
70
1
71
0
91
1
92
7
72
0
73
1
93
4
10
55.02151384302783
20
45.81788163576334
10
55.02151384302783
20
45.628295656591376
10
54.263093726187435
20
45.628295656591376
10
54.263093726187435
20
45.81788163576334
97
1
330

75
0
76
1
47
0.4128176842155181
98
1
10
34.90568961886538
20
22.81183545379326
450
0
451
0
460
0
461
0
452
1
462
1
453
2
463
0
63
5
421
255
463
1
63
7
421
16777215
470
LINEAR
1001
ACAD
1010
0
1020
0
1030
0
0
HATCH
5
b81
100
AcDbEntity
8
Document
100
AcDbHatch
10
0
20
0
30
0
210
0
220
0
230
1
2
SOLID
70
1
71
0
91
1
92
7
72
0
73
1
93
4
10
54.73710947421887
20
46.35509271018543
10
54.73710947421887
20
45.091084582169174
10
54.54749809499617
20
45.091084582169174
10
54.54749809499617
20
46.35509271018543
97
1
330

75
0
76
1
47
0.4128176842155181
98
1
10
34.90568961886538
20
22.81183545379326
450
0
451
0
460
0
461
0
452
1
462
1
453
2
463
0
63
5
421
255
463
1
63
7
421
16777215
470
LINEAR
1001
ACAD
1010
0
1020
0
1030
0
0
HATCH
5
b83
100
AcDbEntity
8
Document
100
AcDbHatch
10
0
20
0
30
0
210
0
220
0
230
1
2
SOLID
70
1
71
0
91
1
92
7
72
0
73
1
93
4
10
35.053873507747085
20
45.941884683769445
10
35.053873507747085
20
45.75229870459748
10
35.81229362458748
20
45.75229870459748
10
35.81229362458748
20
45.941884683769445
97
1
330

75
0
76
1
47
0.4128176842155181
98
1
10
34.90568961886538
20
22.81183545379326
450
0
451
0
460
0
461
0
452
1
462
1
453
2
463
0
63
5
421
255
463
1
63
7
421
16777215
470
LINEAR
1001
ACAD
1010
0
1020
0
1030
0
0
HATCH
5
b85
100
AcDbEntity
8
Document
100
AcDbHatch
10
0
20
0
30
0
210
0
220
0
230
1
2
SOLID
70
1
71
0
91
1
92
7
72
0
73
1
93
4
10
39.01948183896366
20
45.944881889763906
10
39.01948183896366
20
45.75529591059194
10
38.26106172212326
20
45.75529591059194
10
38.26106172212326
20
45.944881889763906
97
1
330

75
0
76
1
47
0.4128176842155181
98
1
10
34.90568961886538
20
22.81183545379326
450
0
451
0
460
0
461
0
452
1
462
1
453
2
463
0
63
5
421
255
463
1
63
7
421
16777215
470
LINEAR
1001
ACAD
1010
0
1020
0
1030
0
0
HATCH
5
b87
100
AcDbEntity
8
Document
100
AcDbHatch
10
0
20
0
30
0
210
0
220
0
230
1
2
SOLID
70
1
71
0
91
1
92
7
72
0
73
1
93
4
10
38.73507747015492
20
46.482092964185995
10
38.73507747015492
20
45.21808483616974
10
38.54546609093222
20
45.21808483616974
10
38.54546609093222
20
46.482092964185995
97
1
330

75
0
76
1
47
0.4128176842155181
98
1
10
34.90568961886538
20
22.81183545379326
450
0
451
0
460
0
461
0
452
1
462
1
453
2
463
0
63
5
421
255
463
1
63
7
421
16777215
470
LINEAR
1001
ACAD
1010
0
1020
0
1030
0
0
HATCH
5
b89
100
AcDbEntity
8
Document
100
AcDbHatch
10
0
20
0
30
0
210
0
220
0
230
1
2
SOLID
70
1
71
0
91
1
92
7
72
0
73
1
93
4
10
20.32184404368809
20
45.941884683769445
10
20.32184404368809
20
45.75229870459748
10
21.080264160528486
20
45.75229870459748
10
21.080264160528486
20
45.941884683769445
97
1
330

75
0
76
1
47
0.4128176842155181
98
1
10
34.90568961886538
20
22.81183545379326
450
0
451
0
460
0
461
0
452
1
462
1
453
2
463
0
63
5
421
255
463
1
63
7
421
16777215
470
LINEAR
1001
ACAD
1010
0
1020
0
1030
0
0
HATCH
5
b8b
100
AcDbEntity
8
Document
100
AcDbHatch
10
0
20
0
30
0
210
0
220
0
230
1
2
SOLID
70
1
71
0
91
1
92
7
72
0
73
1
93
4
10
24.287452374904888
20
45.944881889763906
10
24.287452374904888
20
45.75529591059194
10
23.52903225806449
20
45.75529591059194
10
23.52903225806449
20
45.944881889763906
97
1
330

75
0
76
1
47
0.4128176842155181
98
1
10
34.90568961886538
20
22.81183545379326
450
0
451
0
460
0
461
0
452
1
462
1
453
2
463
0
63
5
421
255
463
1
63
7
421
16777215
470
LINEAR
1001
ACAD
1010
0
1020
0
1030
0
0
HATCH
5
b8d
100
AcDbEntity
8
Document
100
AcDbHatch
10
0
20
0
30
0
210
0
220
0
230
1
2
SOLID
70
1
71
0
91
1
92
7
72
0
73
1
93
4
10
24.003048006095923
20
46.482092964185995
10
24.003048006095923
20
45.21808483616974
10
23.813436626873226
20
45.21808483616974
10
23.813436626873226
20
46.482092964185995
97
1
330

75
0
76
1
47
0.4128176842155181
98
1
10
34.90568961886538
20
22.81183545379326
450
0
451
0
460
0
461
0
452
1
462
1
453
2
463
0
63
5
421
255
463
1
63
7
421
16777215
470
LINEAR
1001
ACAD
1010
0
1020
0
1030
0
0
HATCH
5
b8f
100
AcDbEntity
8
Document
100
AcDbHatch
10
0
20
0
30
0
210
0
220
0
230
1
2
SOLID
70
1
71
0
91
1
92
7
72
0
73
1
93
4
10
2.9228092456185095
20
46.068884937769894
10
2.9228092456185095
20
45.87929895859793
10
3.68122936245868
20
45.87929895859793
10
3.68122936245868
20
46.068884937769894
97
1
330

75
0
76
1
47
0.4128176842155181
98
1
10
34.90568961886538
20
22.81183545379326
450
0
451
0
460
0
461
0
452
1
462
1
453
2
463
0
63
5
421
255
463
1
63
7
421
16777215
470
LINEAR
1001
ACAD
1010
0
1020
0
1030
0
0
HATCH
5
b91
100
AcDbEntity
8
Document
100
AcDbHatch
10
0
20
0
30
0
210
0
220
0
230
1
2
SOLID
70
1
71
0
91
1
92
7
72
0
73
1
93
4
10
6.888417576835309
20
46.071882143764356
10
6.888417576835309
20
45.88229616459239
10
6.129997459994911
20
45.88229616459239
10
6.129997459994911
20
46.071882143764356
97
1
330

75
0
76
1
47
0.4128176842155181
98
1
10
34.90568961886538
20
22.81183545379326
450
0
451
0
460
0
461
0
452
1
462
1
453
2
463
0
63
5
421
255
463
1
63
7
421
16777215
470
LINEAR
1001
ACAD
1010
0
1020
0
1030
0
0
HATCH
5
b93
100
AcDbEntity
8
Document
100
AcDbHatch
10
0
20
0
30
0
210
0
220
0
230
1
2
SOLID
70
1
71
0
91
1
92
7
72
0
73
1
93
4
10
6.604013208026345
20
46.609093218186445
10
6.604013208026345
20
45.34508509017019
10
6.414401828803648
20
45.34508509017019
10
6.414401828803648
20
46.609093218186445
97
1
330

75
0
76
1
47
0.4128176842155181
98
1
10
34.90568961886538
20
22.81183545379326
450
0
451
0
460
0
461
0
452
1
462
1
453
2
463
0
63
5
421
255
463
1
63
7
421
16777215
470
LINEAR
1001
ACAD
1010
0
1020
0
1030
0
0
HATCH
5
b95
100
AcDbEntity
8
TopPasteMaskLayer
100
AcDbHatch
10
0
20
0
30
0
210
0
220
0
230
1
2
SOLID
70
1
71
0
91
1
92
7
72
0
73
1
93
12
10
73.22113284226566
20
24.967030734061495
10
73.22113284226566
20
25.767030734061564
10
73.1711201422404
20
25.81704343408694
10
72.94315468630953
20
25.81704343408694
10
72.94315468630953
20
25.44704089408185
10
72.61315722631434
20
25.44704089408185
10
72.61315722631434
20
25.81704343408694
10
72.37112014224044
20
25.81704343408694
10
72.32113284226557
20
25.767030734061564
10
72.32113284226557
20
24.967030734061495
10
72.37112014224044
20
24.91704343408685
10
73.1711201422404
20
24.91704343408685
97
1
330

75
0
76
1
47
0.4128176842155181
98
1
10
34.90568961886538
20
22.81183545379326
450
0
451
0
460
0
461
0
452
1
462
1
453
2
463
0
63
5
421
255
463
1
63
7
421
16777215
470
LINEAR
1001
ACAD
1010
0
1020
0
1030
0
0
HATCH
5
b97
100
AcDbEntity
8
TopPasteMaskLayer
100
AcDbHatch
10
0
20
0
30
0
210
0
220
0
230
1
2
SOLID
70
1
71
0
91
1
92
7
72
0
73
1
93
12
10
72.32115824231641
20
27.357073914147804
10
72.32115824231641
20
26.55707391414785
10
72.3711709423419
20
26.507061214122473
10
72.59913639827278
20
26.507061214122473
10
72.59913639827278
20
26.877063754127562
10
72.92913385826773
20
26.877063754127562
10
72.92913385826773
20
26.507061214122473
10
73.17117094234186
20
26.507061214122473
10
73.2211582423165
20
26.55707391414785
10
73.2211582423165
20
27.357073914147804
10
73.17117094234186
20
27.40706121412245
10
72.3711709423419
20
27.40706121412245
97
1
330

75
0
76
1
47
0.4128176842155181
98
1
10
34.90568961886538
20
22.81183545379326
450
0
451
0
460
0
461
0
452
1
462
1
453
2
463
0
63
5
421
255
463
1
63
7
421
16777215
470
LINEAR
1001
ACAD
1010
0
1020
0
1030
0
0
HATCH
5
b99
100
AcDbEntity
8
TopPasteMaskLayer
100
AcDbHatch
10
0
20
0
30
0
210
0
220
0
230
1
2
SOLID
70
1
71
0
91
1
92
7
72
0
73
1
93
12
10
75.7611379222758
20
24.967030734061495
10
75.7611379222758
20
25.767030734061564
10
75.71112522225053
20
25.81704343408694
10
75.48315976631966
20
25.81704343408694
10
75.48315976631966
20
25.44704089408185
10
75.15316230632448
20
25.44704089408185
10
75.15316230632448
20
25.81704343408694
10
74.91112522225058
20
25.81704343408694
10
74.8611379222757
20
25.767030734061564
10
74.8611379222757
20
24.967030734061495
10
74.91112522225058
20
24.91704343408685
10
75.71112522225053
20
24.91704343408685
97
1
330

75
0
76
1
47
0.4128176842155181
98
1
10
34.90568961886538
20
22.81183545379326
450
0
451
0
460
0
461
0
452
1
462
1
453
2
463
0
63
5
421
255
463
1
63
7
421
16777215
470
LINEAR
1001
ACAD
1010
0
1020
0
1030
0
0
HATCH
5
b9b
100
AcDbEntity
8
TopPasteMaskLayer
100
AcDbHatch
10
0
20
0
30
0
210
0
220
0
230
1
2
SOLID
70
1
71
0
91
1
92
7
72
0
73
1
93
12
10
74.86116332232677
20
27.357073914147804
10
74.86116332232677
20
26.55707391414785
10
74.91117602235204
20
26.507061214122473
10
75.13914147828291
20
26.507061214122473
10
75.13914147828291
20
26.877063754127562
10
75.46913893827787
20
26.877063754127562
10
75.46913893827787
20
26.507061214122473
10
75.71117602235199
20
26.507061214122473
10
75.76116332232664
20
26.55707391414785
10
75.76116332232664
20
27.357073914147804
10
75.71117602235199
20
27.40706121412245
10
74.91117602235204
20
27.40706121412245
97
1
330

75
0
76
1
47
0.4128176842155181
98
1
10
34.90568961886538
20
22.81183545379326
450
0
451
0
460
0
461
0
452
1
462
1
453
2
463
0
63
5
421
255
463
1
63
7
421
16777215
470
LINEAR
1001
ACAD
1010
0
1020
0
1030
0
0
HATCH
5
b9d
100
AcDbEntity
8
TopPasteMaskLayer
100
AcDbHatch
10
0
20
0
30
0
210
0
220
0
230
1
2
SOLID
70
1
71
0
91
1
92
7
72
0
73
1
93
12
10
78.30114300228615
20
24.967030734061495
10
78.30114300228615
20
25.767030734061564
10
78.25113030226066
20
25.81704343408694
10
78.02316484632979
20
25.81704343408694
10
78.02316484632979
20
25.44704089408185
10
77.69316738633484
20
25.44704089408185
10
77.69316738633484
20
25.81704343408694
10
77.45113030226071
20
25.81704343408694
10
77.40114300228606
20
25.767030734061564
10
77.40114300228606
20
24.967030734061495
10
77.45113030226071
20
24.91704343408685
10
78.25113030226066
20
24.91704343408685
97
1
330

75
0
76
1
47
0.4128176842155181
98
1
10
34.90568961886538
20
22.81183545379326
450
0
451
0
460
0
461
0
452
1
462
1
453
2
463
0
63
5
421
255
463
1
63
7
421
16777215
470
LINEAR
1001
ACAD
1010
0
1020
0
1030
0
0
HATCH
5
b9f
100
AcDbEntity
8
TopPasteMaskLayer
100
AcDbHatch
10
0
20
0
30
0
210
0
220
0
230
1
2
SOLID
70
1
71
0
91
1
92
7
72
0
73
1
93
12
10
77.4011684023369
20
27.357073914147804
10
77.4011684023369
20
26.55707391414785
10
77.45118110236217
20
26.507061214122473
10
77.67914655829304
20
26.507061214122473
10
77.67914655829304
20
26.877063754127562
10
78.00914401828823
20
26.877063754127562
10
78.00914401828823
20
26.507061214122473
10
78.25118110236212
20
26.507061214122473
10
78.301168402337
20
26.55707391414785
10
78.301168402337
20
27.357073914147804
10
78.25118110236212
20
27.40706121412245
10
77.45118110236217
20
27.40706121412245
97
1
330

75
0
76
1
47
0.4128176842155181
98
1
10
34.90568961886538
20
22.81183545379326
450
0
451
0
460
0
461
0
452
1
462
1
453
2
463
0
63
5
421
255
463
1
63
7
421
16777215
470
LINEAR
1001
ACAD
1010
0
1020
0
1030
0
0
HATCH
5
ba1
100
AcDbEntity
8
TopPasteMaskLayer
100
AcDbHatch
10
0
20
0
30
0
210
0
220
0
230
1
2
SOLID
70
1
71
0
91
1
92
7
72
0
73
1
93
12
10
80.84114808229629
20
24.967030734061495
10
80.84114808229629
20
25.767030734061564
10
80.7911353822708
20
25.81704343408694
10
80.56316992633992
20
25.81704343408694
10
80.56316992633992
20
25.44704089408185
10
80.23317246634497
20
25.44704089408185
10
80.23317246634497
20
25.81704343408694
10
79.99113538227084
20
25.81704343408694
10
79.9411480822962
20
25.767030734061564
10
79.9411480822962
20
24.967030734061495
10
79.99113538227084
20
24.91704343408685
10
80.7911353822708
20
24.91704343408685
97
1
330

75
0
76
1
47
0.4128176842155181
98
1
10
34.90568961886538
20
22.81183545379326
450
0
451
0
460
0
461
0
452
1
462
1
453
2
463
0
63
5
421
255
463
1
63
7
421
16777215
470
LINEAR
1001
ACAD
1010
0
1020
0
1030
0
0
HATCH
5
ba3
100
AcDbEntity
8
TopPasteMaskLayer
100
AcDbHatch
10
0
20
0
30
0
210
0
220
0
230
1
2
SOLID
70
1
71
0
91
1
92
7
72
0
73
1
93
12
10
79.94117348234704
20
27.357073914147804
10
79.94117348234704
20
26.55707391414785
10
79.9911861823723
20
26.507061214122473
10
80.21915163830317
20
26.507061214122473
10
80.21915163830317
20
26.877063754127562
10
80.54914909829836
20
26.877063754127562
10
80.54914909829836
20
26.507061214122473
10
80.79118618237226
20
26.507061214122473
10
80.84117348234713
20
26.55707391414785
10
80.84117348234713
20
27.357073914147804
10
80.79118618237226
20
27.40706121412245
10
79.9911861823723
20
27.40706121412245
97
1
330

75
0
76
1
47
0.4128176842155181
98
1
10
34.90568961886538
20
22.81183545379326
450
0
451
0
460
0
461
0
452
1
462
1
453
2
463
0
63
5
421
255
463
1
63
7
421
16777215
470
LINEAR
1001
ACAD
1010
0
1020
0
1030
0
0
HATCH
5
ba5
100
AcDbEntity
8
TopPasteMaskLayer
100
AcDbHatch
10
0
20
0
30
0
210
0
220
0
230
1
2
SOLID
70
1
71
0
91
1
92
7
72
0
73
1
93
12
10
47.810109220218465
20
24.182067564135195
10
47.810109220218465
20
23.382067564135127
10
47.86012192024373
20
23.33205486410975
10
48.088087376174826
20
23.33205486410975
10
48.088087376174826
20
23.70205740411484
10
48.41808483616978
20
23.70205740411484
10
48.41808483616978
20
23.33205486410975
10
48.66012192024368
20
23.33205486410975
10
48.710109220218555
20
23.382067564135127
10
48.710109220218555
20
24.182067564135195
10
48.66012192024368
20
24.23205486410984
10
47.86012192024373
20
24.23205486410984
97
1
330

75
0
76
1
47
0.4128176842155181
98
1
10
34.90568961886538
20
22.81183545379326
450
0
451
0
460
0
461
0
452
1
462
1
453
2
463
0
63
5
421
255
463
1
63
7
421
16777215
470
LINEAR
1001
ACAD
1010
0
1020
0
1030
0
0
HATCH
5
ba7
100
AcDbEntity
8
TopPasteMaskLayer
100
AcDbHatch
10
0
20
0
30
0
210
0
220
0
230
1
2
SOLID
70
1
71
0
91
1
92
7
72
0
73
1
93
12
10
48.71008382016771
20
21.792024384048773
10
48.71008382016771
20
22.59202438404884
10
48.66007112014222
20
22.642037084074218
10
48.43210566421135
20
22.642037084074218
10
48.43210566421135
20
22.27203454406913
10
48.10210820421639
20
22.27203454406913
10
48.10210820421639
20
22.642037084074218
10
47.860071120142265
20
22.642037084074218
10
47.81008382016762
20
22.59202438404884
10
47.81008382016762
20
21.792024384048773
10
47.860071120142265
20
21.742037084074127
10
48.66007112014222
20
21.742037084074127
97
1
330

75
0
76
1
47
0.4128176842155181
98
1
10
34.90568961886538
20
22.81183545379326
450
0
451
0
460
0
461
0
452
1
462
1
453
2
463
0
63
5
421
255
463
1
63
7
421
16777215
470
LINEAR
1001
ACAD
1010
0
1020
0
1030
0
0
HATCH
5
ba9
100
AcDbEntity
8
TopPasteMaskLayer
100
AcDbHatch
10
0
20
0
30
0
210
0
220
0
230
1
2
SOLID
70
1
71
0
91
1
92
7
72
0
73
1
93
12
10
39.55509271018536
20
24.309067818135645
10
39.55509271018536
20
23.509067818135577
10
39.605105410210854
20
23.4590551181102
10
39.833070866141725
20
23.4590551181102
10
39.833070866141725
20
23.829057658115403
10
40.16306832613668
20
23.829057658115403
10
40.16306832613668
20
23.4590551181102
10
40.40510541021081
20
23.4590551181102
10
40.455092710185454
20
23.509067818135577
10
40.455092710185454
20
24.309067818135645
10
40.40510541021081
20
24.35905511811029
10
39.605105410210854
20
24.35905511811029
97
1
330

75
0
76
1
47
0.4128176842155181
98
1
10
34.90568961886538
20
22.81183545379326
450
0
451
0
460
0
461
0
452
1
462
1
453
2
463
0
63
5
421
255
463
1
63
7
421
16777215
470
LINEAR
1001
ACAD
1010
0
1020
0
1030
0
0
HATCH
5
bab
100
AcDbEntity
8
TopPasteMaskLayer
100
AcDbHatch
10
0
20
0
30
0
210
0
220
0
230
1
2
SOLID
70
1
71
0
91
1
92
7
72
0
73
1
93
12
10
40.45506731013461
20
21.919024638049336
10
40.45506731013461
20
22.719024638049405
10
40.405054610109346
20
22.76903733807478
10
40.17708915417825
20
22.76903733807478
10
40.17708915417825
20
22.39903479806958
10
39.84709169418329
20
22.39903479806958
10
39.84709169418329
20
22.76903733807478
10
39.60505461010939
20
22.76903733807478
10
39.55506731013452
20
22.719024638049405
10
39.55506731013452
20
21.919024638049336
10
39.60505461010939
20
21.86903733807469
10
40.405054610109346
20
21.86903733807469
97
1
330

75
0
76
1
47
0.4128176842155181
98
1
10
34.90568961886538
20
22.81183545379326
450
0
451
0
460
0
461
0
452
1
462
1
453
2
463
0
63
5
421
255
463
1
63
7
421
16777215
470
LINEAR
1001
ACAD
1010
0
1020
0
1030
0
0
HATCH
5
bad
100
AcDbEntity
8
TopPasteMaskLayer
100
AcDbHatch
10
0
20
0
30
0
210
0
220
0
230
1
2
SOLID
70
1
71
0
91
1
92
7
72
0
73
1
93
12
10
50.3501143002286
20
37.136093472186985
10
50.3501143002286
20
36.33609347218692
10
50.40012700025409
20
36.28608077216154
10
50.62809245618496
20
36.28608077216154
10
50.62809245618496
20
36.65608331216663
10
50.958089916179915
20
36.65608331216663
10
50.958089916179915
20
36.28608077216154
10
51.200127000253815
20
36.28608077216154
10
51.25011430022869
20
36.33609347218692
10
51.25011430022869
20
37.136093472186985
10
51.200127000253815
20
37.18608077216163
10
50.40012700025409
20
37.18608077216163
97
1
330

75
0
76
1
47
0.4128176842155181
98
1
10
34.90568961886538
20
22.81183545379326
450
0
451
0
460
0
461
0
452
1
462
1
453
2
463
0
63
5
421
255
463
1
63
7
421
16777215
470
LINEAR
1001
ACAD
1010
0
1020
0
1030
0
0
HATCH
5
baf
100
AcDbEntity
8
TopPasteMaskLayer
100
AcDbHatch
10
0
20
0
30
0
210
0
220
0
230
1
2
SOLID
70
1
71
0
91
1
92
7
72
0
73
1
93
12
10
51.25008890017784
20
34.74605029210056
10
51.25008890017784
20
35.54605029210063
10
51.20007620015235
20
35.59606299212601
10
50.97211074422148
20
35.59606299212601
10
50.97211074422148
20
35.22606045212092
10
50.642113284226525
20
35.22606045212092
10
50.642113284226525
20
35.59606299212601
10
50.400076200152625
20
35.59606299212601
10
50.35008890017775
20
35.54605029210063
10
50.35008890017775
20
34.74605029210056
10
50.400076200152625
20
34.69606299212592
10
51.20007620015235
20
34.69606299212592
97
1
330

75
0
76
1
47
0.4128176842155181
98
1
10
34.90568961886538
20
22.81183545379326
450
0
451
0
460
0
461
0
452
1
462
1
453
2
463
0
63
5
421
255
463
1
63
7
421
16777215
470
LINEAR
1001
ACAD
1010
0
1020
0
1030
0
0
HATCH
5
bb1
100
AcDbEntity
8
TopPasteMaskLayer
100
AcDbHatch
10
0
20
0
30
0
210
0
220
0
230
1
2
SOLID
70
1
71
0
91
1
92
7
72
0
73
1
93
12
10
42.095097790195496
20
37.390093980188
10
42.095097790195496
20
36.59009398018793
10
42.145110490220986
20
36.54008128016255
10
42.37307594615186
20
36.54008128016255
10
42.37307594615186
20
36.91008382016764
10
42.703073406146814
20
36.91008382016764
10
42.703073406146814
20
36.54008128016255
10
42.94511049022094
20
36.54008128016255
10
42.99509779019559
20
36.59009398018793
10
42.99509779019559
20
37.390093980188
10
42.94511049022094
20
37.440081280162644
10
42.145110490220986
20
37.440081280162644
97
1
330

75
0
76
1
47
0.4128176842155181
98
1
10
34.90568961886538
20
22.81183545379326
450
0
451
0
460
0
461
0
452
1
462
1
453
2
463
0
63
5
421
255
463
1
63
7
421
16777215
470
LINEAR
1001
ACAD
1010
0
1020
0
1030
0
0
HATCH
5
bb3
100
AcDbEntity
8
TopPasteMaskLayer
100
AcDbHatch
10
0
20
0
30
0
210
0
220
0
230
1
2
SOLID
70
1
71
0
91
1
92
7
72
0
73
1
93
12
10
42.99507239014474
20
35.000050800101576
10
42.99507239014474
20
35.800050800101644
10
42.94505969011948
20
35.85006350012702
10
42.71709423418861
20
35.85006350012702
10
42.71709423418861
20
35.48006096012193
10
42.387096774193424
20
35.48006096012193
10
42.387096774193424
20
35.85006350012702
10
42.145059690119524
20
35.85006350012702
10
42.09507239014465
20
35.800050800101644
10
42.09507239014465
20
35.000050800101576
10
42.145059690119524
20
34.950063500127044
10
42.94505969011948
20
34.950063500127044
97
1
330

75
0
76
1
47
0.4128176842155181
98
1
10
34.90568961886538
20
22.81183545379326
450
0
451
0
460
0
461
0
452
1
462
1
453
2
463
0
63
5
421
255
463
1
63
7
421
16777215
470
LINEAR
1001
ACAD
1010
0
1020
0
1030
0
0
HATCH
5
bb5
100
AcDbEntity
8
TopPasteMaskLayer
100
AcDbHatch
10
0
20
0
30
0
210
0
220
0
230
1
2
SOLID
70
1
71
0
91
1
92
7
72
0
73
1
93
12
10
32.189077978155865
20
24.309067818135645
10
32.189077978155865
20
23.509067818135577
10
32.239090678181356
20
23.4590551181102
10
32.46705613411223
20
23.4590551181102
10
32.46705613411223
20
23.829057658115403
10
32.79705359410718
20
23.829057658115403
10
32.79705359410718
20
23.4590551181102
10
33.03909067818131
20
23.4590551181102
10
33.089077978155956
20
23.509067818135577
10
33.089077978155956
20
24.309067818135645
10
33.03909067818131
20
24.35905511811029
10
32.239090678181356
20
24.35905511811029
97
1
330

75
0
76
1
47
0.4128176842155181
98
1
10
34.90568961886538
20
22.81183545379326
450
0
451
0
460
0
461
0
452
1
462
1
453
2
463
0
63
5
421
255
463
1
63
7
421
16777215
470
LINEAR
1001
ACAD
1010
0
1020
0
1030
0
0
HATCH
5
bb7
100
AcDbEntity
8
TopPasteMaskLayer
100
AcDbHatch
10
0
20
0
30
0
210
0
220
0
230
1
2
SOLID
70
1
71
0
91
1
92
7
72
0
73
1
93
12
10
33.08905257810511
20
21.919024638049336
10
33.08905257810511
20
22.719024638049405
10
33.03903987807985
20
22.76903733807478
10
32.81107442214898
20
22.76903733807478
10
32.81107442214898
20
22.39903479806958
10
32.48107696215379
20
22.39903479806958
10
32.48107696215379
20
22.76903733807478
10
32.23903987807989
20
22.76903733807478
10
32.18905257810502
20
22.719024638049405
10
32.18905257810502
20
21.919024638049336
10
32.23903987807989
20
21.86903733807469
10
33.03903987807985
20
21.86903733807469
97
1
330

75
0
76
1
47
0.4128176842155181
98
1
10
34.90568961886538
20
22.81183545379326
450
0
451
0
460
0
461
0
452
1
462
1
453
2
463
0
63
5
421
255
463
1
63
7
421
16777215
470
LINEAR
1001
ACAD
1010
0
1020
0
1030
0
0
HATCH
5
bb9
100
AcDbEntity
8
TopPasteMaskLayer
100
AcDbHatch
10
0
20
0
30
0
210
0
220
0
230
1
2
SOLID
70
1
71
0
91
1
92
7
72
0
73
1
93
12
10
34.729083058166225
20
37.390093980188
10
34.729083058166225
20
36.59009398018793
10
34.77909575819149
20
36.54008128016255
10
35.00706121412236
20
36.54008128016255
10
35.00706121412236
20
36.91008382016764
10
35.33705867411754
20
36.91008382016764
10
35.33705867411754
20
36.54008128016255
10
35.57909575819144
20
36.54008128016255
10
35.62908305816609
20
36.59009398018793
10
35.62908305816609
20
37.390093980188
10
35.57909575819144
20
37.440081280162644
10
34.77909575819149
20
37.440081280162644
97
1
330

75
0
76
1
47
0.4128176842155181
98
1
10
34.90568961886538
20
22.81183545379326
450
0
451
0
460
0
461
0
452
1
462
1
453
2
463
0
63
5
421
255
463
1
63
7
421
16777215
470
LINEAR
1001
ACAD
1010
0
1020
0
1030
0
0
HATCH
5
bbb
100
AcDbEntity
8
TopPasteMaskLayer
100
AcDbHatch
10
0
20
0
30
0
210
0
220
0
230
1
2
SOLID
70
1
71
0
91
1
92
7
72
0
73
1
93
12
10
35.629057658115244
20
35.000050800101576
10
35.629057658115244
20
35.800050800101644
10
35.57904495808998
20
35.85006350012702
10
35.35107950215911
20
35.85006350012702
10
35.35107950215911
20
35.48006096012193
10
35.021082042163926
20
35.48006096012193
10
35.021082042163926
20
35.85006350012702
10
34.779044958090026
20
35.85006350012702
10
34.72905765811538
20
35.800050800101644
10
34.72905765811538
20
35.000050800101576
10
34.779044958090026
20
34.950063500127044
10
35.57904495808998
20
34.950063500127044
97
1
330

75
0
76
1
47
0.4128176842155181
98
1
10
34.90568961886538
20
22.81183545379326
450
0
451
0
460
0
461
0
452
1
462
1
453
2
463
0
63
5
421
255
463
1
63
7
421
16777215
470
LINEAR
1001
ACAD
1010
0
1020
0
1030
0
0
HATCH
5
bbd
100
AcDbEntity
8
TopPasteMaskLayer
100
AcDbHatch
10
0
20
0
30
0
210
0
220
0
230
1
2
SOLID
70
1
71
0
91
1
92
7
72
0
73
1
93
12
10
23.172059944119837
20
24.309067818135645
10
23.172059944119837
20
23.509067818135577
10
23.222072644145328
20
23.4590551181102
10
23.4500381000762
20
23.4590551181102
10
23.4500381000762
20
23.829057658115403
10
23.780035560071155
20
23.829057658115403
10
23.780035560071155
20
23.4590551181102
10
24.022072644145283
20
23.4590551181102
10
24.07205994411993
20
23.509067818135577
10
24.07205994411993
20
24.309067818135645
10
24.022072644145283
20
24.35905511811029
10
23.222072644145328
20
24.35905511811029
97
1
330

75
0
76
1
47
0.4128176842155181
98
1
10
34.90568961886538
20
22.81183545379326
450
0
451
0
460
0
461
0
452
1
462
1
453
2
463
0
63
5
421
255
463
1
63
7
421
16777215
470
LINEAR
1001
ACAD
1010
0
1020
0
1030
0
0
HATCH
5
bbf
100
AcDbEntity
8
TopPasteMaskLayer
100
AcDbHatch
10
0
20
0
30
0
210
0
220
0
230
1
2
SOLID
70
1
71
0
91
1
92
7
72
0
73
1
93
12
10
24.072034544069083
20
21.919024638049336
10
24.072034544069083
20
22.719024638049405
10
24.02202184404382
20
22.76903733807478
10
23.794056388112722
20
22.76903733807478
10
23.794056388112722
20
22.39903479806958
10
23.464058928117765
20
22.39903479806958
10
23.464058928117765
20
22.76903733807478
10
23.222021844043866
20
22.76903733807478
10
23.172034544068993
20
22.719024638049405
10
23.172034544068993
20
21.919024638049336
10
23.222021844043866
20
21.86903733807469
10
24.02202184404382
20
21.86903733807469
97
1
330

75
0
76
1
47
0.4128176842155181
98
1
10
34.90568961886538
20
22.81183545379326
450
0
451
0
460
0
461
0
452
1
462
1
453
2
463
0
63
5
421
255
463
1
63
7
421
16777215
470
LINEAR
1001
ACAD
1010
0
1020
0
1030
0
0
HATCH
5
bc1
100
AcDbEntity
8
TopPasteMaskLayer
100
AcDbHatch
10
0
20
0
30
0
210
0
220
0
230
1
2
SOLID
70
1
71
0
91
1
92
7
72
0
73
1
93
12
10
25.71206502412997
20
37.64409448818901
10
25.71206502412997
20
36.844094488188944
10
25.76207772415546
20
36.79408178816357
10
25.99004318008633
20
36.79408178816357
10
25.99004318008633
20
37.164084328168656
10
26.320040640081288
20
37.164084328168656
10
26.320040640081288
20
36.79408178816357
10
26.562077724155415
20
36.79408178816357
10
26.61206502413006
20
36.844094488188944
10
26.61206502413006
20
37.64409448818901
10
26.562077724155415
20
37.69408178816366
10
25.76207772415546
20
37.69408178816366
97
1
330

75
0
76
1
47
0.4128176842155181
98
1
10
34.90568961886538
20
22.81183545379326
450
0
451
0
460
0
461
0
452
1
462
1
453
2
463
0
63
5
421
255
463
1
63
7
421
16777215
470
LINEAR
1001
ACAD
1010
0
1020
0
1030
0
0
HATCH
5
bc3
100
AcDbEntity
8
TopPasteMaskLayer
100
AcDbHatch
10
0
20
0
30
0
210
0
220
0
230
1
2
SOLID
70
1
71
0
91
1
92
7
72
0
73
1
93
12
10
26.612039624079216
20
35.2540513081027
10
26.612039624079216
20
36.05405130810266
10
26.562026924053953
20
36.104064008128034
10
26.334061468123082
20
36.104064008128034
10
26.334061468123082
20
35.734061468122945
10
26.004064008127898
20
35.734061468122945
10
26.004064008127898
20
36.104064008128034
10
25.762026924054
20
36.104064008128034
10
25.712039624079125
20
36.05405130810266
10
25.712039624079125
20
35.2540513081027
10
25.762026924054
20
35.20406400812806
10
26.562026924053953
20
35.20406400812806
97
1
330

75
0
76
1
47
0.4128176842155181
98
1
10
34.90568961886538
20
22.81183545379326
450
0
451
0
460
0
461
0
452
1
462
1
453
2
463
0
63
5
421
255
463
1
63
7
421
16777215
470
LINEAR
1001
ACAD
1010
0
1020
0
1030
0
0
HATCH
5
bc5
100
AcDbEntity
8
TopPasteMaskLayer
100
AcDbHatch
10
0
20
0
30
0
210
0
220
0
230
1
2
SOLID
70
1
71
0
91
1
92
7
72
0
73
1
93
12
10
4.259994919989822
20
20.268021336042693
10
4.259994919989822
20
21.06802133604276
10
4.209982219964559
20
21.11803403606814
10
3.9820167640334603
20
21.11803403606814
10
3.9820167640334603
20
20.74803149606305
10
3.652019304038731
20
20.74803149606305
10
3.652019304038731
20
21.11803403606814
10
3.409982219964377
20
21.11803403606814
10
3.3599949199899584
20
21.06802133604276
10
3.3599949199899584
20
20.268021336042693
10
3.409982219964377
20
20.218034036068047
10
4.209982219964559
20
20.218034036068047
97
1
330

75
0
76
1
47
0.4128176842155181
98
1
10
34.90568961886538
20
22.81183545379326
450
0
451
0
460
0
461
0
452
1
462
1
453
2
463
0
63
5
421
255
463
1
63
7
421
16777215
470
LINEAR
1001
ACAD
1010
0
1020
0
1030
0
0
HATCH
5
bc7
100
AcDbEntity
8
TopPasteMaskLayer
100
AcDbHatch
10
0
20
0
30
0
210
0
220
0
230
1
2
SOLID
70
1
71
0
91
1
92
7
72
0
73
1
93
12
10
3.360020320040576
20
22.658064516129002
10
3.360020320040576
20
21.858064516129048
10
3.4100330200660665
20
21.80805181610367
10
3.6379984759969375
20
21.80805181610367
10
3.6379984759969375
20
22.17805435610876
10
3.967995935991894
20
22.17805435610876
10
3.967995935991894
20
21.80805181610367
10
4.210033020066021
20
21.80805181610367
10
4.260020320040667
20
21.858064516129048
10
4.260020320040667
20
22.658064516129002
10
4.210033020066021
20
22.708051816103648
10
3.4100330200660665
20
22.708051816103648
97
1
330

75
0
76
1
47
0.4128176842155181
98
1
10
34.90568961886538
20
22.81183545379326
450
0
451
0
460
0
461
0
452
1
462
1
453
2
463
0
63
5
421
255
463
1
63
7
421
16777215
470
LINEAR
1001
ACAD
1010
0
1020
0
1030
0
0
HATCH
5
bc9
100
AcDbEntity
8
Document
100
AcDbHatch
10
0
20
0
30
0
210
0
220
0
230
1
2
SOLID
70
1
71
0
91
1
92
7
72
0
73
1
93
79
10
96.93992887985792
20
63.5372110744222
10
96.93992887985792
20
61.44678689357386
10
96.93884237507928
20
61.43021003400827
10
96.93560145114179
20
61.41391680910567
10
96.93026156115207
20
61.39818600046169
10
96.92291407210882
20
61.38328676657363
10
96.91368470158659
20
61.36947403746399
10
96.9027313666736
20
61.35698415275772
10
96.890241481967
20
61.346030817844735
10
96.87642875285746
20
61.33680144732239
10
96.86152951896929
20
61.329453958279146
10
96.84579871032543
20
61.32411406828953
10
96.82950548542317
20
61.320873144351935
10
96.81292862585724
20
61.319786639573294
10
94.55740411480838
20
61.319786639573294
10
94.54082725524245
20
61.320873144351935
10
94.52453403034019
20
61.32411406828953
10
94.5088032216961
20
61.329453958279146
10
94.49390398780793
20
61.33680144732239
10
94.48009125869862
20
61.346030817844735
10
94.46760137399201
20
61.35698415275772
10
94.45664803907903
20
61.36947403746399
10
94.4474186685568
20
61.38328676657363
10
94.44007117951355
20
61.39818600046169
10
94.43473128952382
20
61.41391680910567
10
94.43149036558611
20
61.43021003400827
10
94.4304038608077
20
61.44678689357386
10
94.4304038608077
20
63.5372110744222
10
94.43149036558611
20
63.553787933987905
10
94.43473128952382
20
63.57008115889039
10
94.44007117951355
20
63.58581196753437
10
94.4474186685568
20
63.60071120142243
10
94.45664803907903
20
63.61452393053207
10
94.46760137399201
20
63.627013815238456
10
94.48009125869862
20
63.637967150151326
10
94.49390398780793
20
63.647196520673674
10
94.5088032216961
20
63.65454400971703
10
94.52453403034019
20
63.65988389970664
10
94.54082725524245
20
63.663124823644125
10
94.55740411480838
20
63.664211328422766
10
94.57398097437408
20
63.663124823644125
10
94.59027419927634
20
63.65988389970664
10
94.60600500792043
20
63.65454400971703
10
94.6209042418086
20
63.647196520673674
10
94.6347169709179
20
63.637967150151326
10
94.64720685562452
20
63.627013815238456
10
94.6581601905375
20
63.61452393053207
10
94.66738956105974
20
63.60071120142243
10
94.67473705010298
20
63.58581196753437
10
94.6800769400927
20
63.57008115889039
10
94.68331786403041
20
63.553787933987905
10
94.68440436880883
20
63.5372110744222
10
94.68440436880883
20
61.57378714757442
10
96.68592837185679
20
61.57378714757442
10
96.68592837185679
20
63.5372110744222
10
96.6870148766352
20
63.553787933987905
10
96.69025580057291
20
63.57008115889039
10
96.69559569056264
20
63.58581196753437
10
96.70294317960588
20
63.60071120142243
10
96.71217255012812
20
63.61452393053207
10
96.7231258850411
20
63.627013815238456
10
96.73561576974748
20
63.637967150151326
10
96.74942849885701
20
63.647196520673674
10
96.76432773274519
20
63.65454400971703
10
96.78005854138905
20
63.65988389970664
10
96.79635176629154
20
63.663124823644125
10
96.81292862585724
20
63.664211328422766
10
96.82950548542317
20
63.663124823644125
10
96.84579871032543
20
63.65988389970664
10
96.86152951896929
20
63.65454400971703
10
96.87642875285746
20
63.647196520673674
10
96.890241481967
20
63.637967150151326
10
96.9027313666736
20
63.627013815238456
10
96.91368470158659
20
63.61452393053207
10
96.92291407210882
20
63.60071120142243
10
96.93026156115207
20
63.58581196753437
10
96.93560145114179
20
63.57008115889039
10
96.93884237507928
20
63.553787933987905
10
96.93992887985792
20
63.5372110744222
97
1
330

75
0
76
1
47
0.4128176842155181
98
1
10
34.90568961886538
20
22.81183545379326
450
0
451
0
460
0
461
0
452
1
462
1
453
2
463
0
63
5
421
255
463
1
63
7
421
16777215
470
LINEAR
1001
ACAD
1010
0
1020
0
1030
0
0
HATCH
5
bcb
100
AcDbEntity
8
Document
100
AcDbHatch
10
0
20
0
30
0
210
0
220
0
230
1
2
SOLID
70
1
71
0
91
1
92
7
72
0
73
1
93
9
10
96.03512827025656
20
63.53604267208539
10
96.03512827025656
20
62.436042672085364
10
96.53512827025656
20
62.436042672085364
10
96.53512827025656
20
62.436042672085364
10
95.73512827025661
20
61.636042672085296
10
95.6351282702567
20
61.636042672085296
10
94.83512827025652
20
62.436042672085364
10
95.33512827025652
20
62.436042672085364
10
95.33512827025652
20
63.53604267208539
97
1
330

75
0
76
1
47
0.4128176842155181
98
1
10
34.90568961886538
20
22.81183545379326
450
0
451
0
460
0
461
0
452
1
462
1
453
2
463
0
63
5
421
255
463
1
63
7
421
16777215
470
LINEAR
1001
ACAD
1010
0
1020
0
1030
0
0
HATCH
5
bcd
100
AcDbEntity
8
Document
100
AcDbHatch
10
0
20
0
30
0
210
0
220
0
230
1
2
SOLID
70
1
71
0
91
1
92
7
72
0
73
1
93
9
10
91.03512827025656
20
63.53614427228854
10
91.03512827025656
20
62.436144272288516
10
91.53512827025656
20
62.436144272288516
10
91.53512827025656
20
62.436144272288516
10
90.73512827025638
20
61.63614427228856
10
90.63512827025647
20
61.63614427228856
10
89.83512827025675
20
62.436144272288516
10
90.33512827025652
20
62.436144272288516
10
90.33512827025652
20
63.53614427228854
97
1
330

75
0
76
1
47
0.4128176842155181
98
1
10
34.90568961886538
20
22.81183545379326
450
0
451
0
460
0
461
0
452
1
462
1
453
2
463
0
63
5
421
255
463
1
63
7
421
16777215
470
LINEAR
1001
ACAD
1010
0
1020
0
1030
0
0
HATCH
5
bcf
100
AcDbEntity
8
Document
100
AcDbHatch
10
0
20
0
30
0
210
0
220
0
230
1
2
SOLID
70
1
71
0
91
1
92
7
72
0
73
1
93
79
10
91.93992887985769
20
63.537312674625355
10
91.93992887985769
20
61.44688849377701
10
91.93884237507928
20
61.43031163421142
10
91.93560145114157
20
61.414018409308824
10
91.93026156115207
20
61.398287600664844
10
91.9229140721086
20
61.383388366776785
10
91.91368470158636
20
61.36957563766714
10
91.90273136667338
20
61.35708575296087
10
91.890241481967
20
61.34613241804789
10
91.87642875285746
20
61.33690304752554
10
91.86152951896929
20
61.3295555584823
10
91.84579871032543
20
61.324215668492684
10
91.82950548542294
20
61.32097474455509
10
91.81292862585724
20
61.31988823977656
10
89.55740411480815
20
61.31988823977656
10
89.54082725524245
20
61.32097474455509
10
89.52453403033996
20
61.324215668492684
10
89.5088032216961
20
61.3295555584823
10
89.49390398780793
20
61.33690304752554
10
89.4800912586984
20
61.34613241804789
10
89.46760137399201
20
61.35708575296087
10
89.45664803907903
20
61.36957563766714
10
89.4474186685568
20
61.383388366776785
10
89.44007117951332
20
61.398287600664844
10
89.43473128952382
20
61.414018409308824
10
89.43149036558611
20
61.43031163421142
10
89.4304038608077
20
61.44688849377701
10
89.4304038608077
20
63.537312674625355
10
89.43149036558611
20
63.55388953419106
10
89.43473128952382
20
63.57018275909354
10
89.44007117951332
20
63.585913567737634
10
89.4474186685568
20
63.60081280162569
10
89.45664803907903
20
63.614625530735225
10
89.46760137399201
20
63.62711541544161
10
89.4800912586984
20
63.63806875035448
10
89.49390398780793
20
63.647298120876826
10
89.5088032216961
20
63.65464560992018
10
89.52453403033996
20
63.659985499909794
10
89.54082725524245
20
63.66322642384739
10
89.55740411480815
20
63.66431292862592
10
89.57398097437385
20
63.66322642384739
10
89.59027419927634
20
63.659985499909794
10
89.6060050079202
20
63.65464560992018
10
89.62090424180838
20
63.647298120876826
10
89.6347169709179
20
63.63806875035448
10
89.64720685562429
20
63.62711541544161
10
89.6581601905375
20
63.614625530735225
10
89.66738956105974
20
63.60081280162569
10
89.67473705010298
20
63.585913567737634
10
89.68007694009248
20
63.57018275909354
10
89.68331786403019
20
63.55388953419106
10
89.6844043688086
20
63.537312674625355
10
89.6844043688086
20
61.57388874777757
10
91.68592837185679
20
61.57388874777757
10
91.68592837185679
20
63.537312674625355
10
91.6870148766352
20
63.55388953419106
10
91.69025580057291
20
63.57018275909354
10
91.69559569056241
20
63.585913567737634
10
91.70294317960565
20
63.60081280162569
10
91.71217255012789
20
63.614625530735225
10
91.7231258850411
20
63.62711541544161
10
91.73561576974748
20
63.63806875035448
10
91.74942849885701
20
63.647298120876826
10
91.76432773274519
20
63.65464560992018
10
91.78005854138905
20
63.659985499909794
10
91.79635176629154
20
63.66322642384739
10
91.81292862585724
20
63.66431292862592
10
91.82950548542294
20
63.66322642384739
10
91.84579871032543
20
63.659985499909794
10
91.86152951896929
20
63.65464560992018
10
91.87642875285746
20
63.647298120876826
10
91.890241481967
20
63.63806875035448
10
91.90273136667338
20
63.62711541544161
10
91.91368470158636
20
63.614625530735225
10
91.9229140721086
20
63.60081280162569
10
91.93026156115207
20
63.585913567737634
10
91.93560145114157
20
63.57018275909354
10
91.93884237507928
20
63.55388953419106
10
91.93992887985769
20
63.537312674625355
97
1
330

75
0
76
1
47
0.4128176842155181
98
1
10
34.90568961886538
20
22.81183545379326
450
0
451
0
460
0
461
0
452
1
462
1
453
2
463
0
63
5
421
255
463
1
63
7
421
16777215
470
LINEAR
1001
ACAD
1010
0
1020
0
1030
0
0
HATCH
5
bd1
100
AcDbEntity
8
Document
100
AcDbHatch
10
0
20
0
30
0
210
0
220
0
230
1
2
SOLID
70
1
71
0
91
1
92
7
72
0
73
1
93
9
10
86.03512827025656
20
63.525908051816145
10
86.03512827025656
20
62.42590805181612
10
86.53512827025656
20
62.42590805181612
10
86.53512827025656
20
62.42590805181612
10
85.73512827025661
20
61.62590805181617
10
85.63512827025647
20
61.62590805181617
10
84.83512827025652
20
62.42590805181612
10
85.33512827025652
20
62.42590805181612
10
85.33512827025652
20
63.525908051816145
97
1
330

75
0
76
1
47
0.4128176842155181
98
1
10
34.90568961886538
20
22.81183545379326
450
0
451
0
460
0
461
0
452
1
462
1
453
2
463
0
63
5
421
255
463
1
63
7
421
16777215
470
LINEAR
1001
ACAD
1010
0
1020
0
1030
0
0
HATCH
5
bd3
100
AcDbEntity
8
Document
100
AcDbHatch
10
0
20
0
30
0
210
0
220
0
230
1
2
SOLID
70
1
71
0
91
1
92
7
72
0
73
1
93
79
10
86.93995427990853
20
63.52707645415296
10
86.93995427990853
20
61.43665227330462
10
86.93886777513012
20
61.420075413738914
10
86.93562685119241
20
61.40378218883643
10
86.93028696120268
20
61.38805138019234
10
86.92293947215944
20
61.37315214630428
10
86.91371010163721
20
61.35933941719475
10
86.90275676672422
20
61.34684953248836
10
86.89026688201761
20
61.335896197575494
10
86.87645415290831
20
61.326666827053145
10
86.86155491902014
20
61.31931933800979
10
86.84582411037604
20
61.31397944802018
10
86.82953088547379
20
61.31073852408258
10
86.81295402590786
20
61.30965201930405
10
84.55742951485922
20
61.30965201930405
10
84.54085265529329
20
61.31073852408258
10
84.52455943039104
20
61.31397944802018
10
84.50882862174717
20
61.31931933800979
10
84.493929387859
20
61.326666827053145
10
84.48011665874947
20
61.335896197575494
10
84.46762677404286
20
61.34684953248836
10
84.45667343912987
20
61.35933941719475
10
84.44744406860764
20
61.37315214630428
10
84.4400965795644
20
61.38805138019234
10
84.43475668957467
20
61.40378218883643
10
84.43151576563719
20
61.420075413738914
10
84.43042926085855
20
61.43665227330462
10
84.43042926085855
20
63.52707645415296
10
84.43151576563719
20
63.54365331371855
10
84.43475668957467
20
63.55994653862115
10
84.4400965795644
20
63.57567734726513
10
84.44744406860764
20
63.59057658115319
10
84.45667343912987
20
63.60438931026283
10
84.46762677404286
20
63.6168791949691
10
84.48011665874947
20
63.627832529882085
10
84.493929387859
20
63.63706190040443
10
84.50882862174717
20
63.644409389447674
10
84.52455943039104
20
63.64974927943729
10
84.54085265529329
20
63.652990203374884
10
84.55742951485922
20
63.65407670815341
10
84.57400637442493
20
63.652990203374884
10
84.59029959932741
20
63.64974927943729
10
84.60603040797128
20
63.644409389447674
10
84.62092964185945
20
63.63706190040443
10
84.63474237096898
20
63.627832529882085
10
84.64723225567536
20
63.6168791949691
10
84.65818559058835
20
63.60438931026283
10
84.66741496111058
20
63.59057658115319
10
84.67476245015382
20
63.57567734726513
10
84.68010234014355
20
63.55994653862115
10
84.68334326408126
20
63.54365331371855
10
84.68442976885967
20
63.52707645415296
10
84.68442976885967
20
61.56365252730507
10
86.6859537719074
20
61.56365252730507
10
86.6859537719074
20
63.52707645415296
10
86.68704027668582
20
63.54365331371855
10
86.69028120062353
20
63.55994653862115
10
86.69562109061326
20
63.57567734726513
10
86.7029685796565
20
63.59057658115319
10
86.71219795017873
20
63.60438931026283
10
86.72315128509172
20
63.6168791949691
10
86.73564116979833
20
63.627832529882085
10
86.74945389890763
20
63.63706190040443
10
86.7643531327958
20
63.644409389447674
10
86.7800839414399
20
63.64974927943729
10
86.79637716634215
20
63.652990203374884
10
86.81295402590786
20
63.65407670815341
10
86.82953088547379
20
63.652990203374884
10
86.84582411037604
20
63.64974927943729
10
86.86155491902014
20
63.644409389447674
10
86.87645415290831
20
63.63706190040443
10
86.89026688201761
20
63.627832529882085
10
86.90275676672422
20
63.6168791949691
10
86.91371010163721
20
63.60438931026283
10
86.92293947215944
20
63.59057658115319
10
86.93028696120268
20
63.57567734726513
10
86.93562685119241
20
63.55994653862115
10
86.93886777513012
20
63.54365331371855
10
86.93995427990853
20
63.52707645415296
97
1
330

75
0
76
1
47
0.4128176842155181
98
1
10
34.90568961886538
20
22.81183545379326
450
0
451
0
460
0
461
0
452
1
462
1
453
2
463
0
63
5
421
255
463
1
63
7
421
16777215
470
LINEAR
1001
ACAD
1010
0
1020
0
1030
0
0
HATCH
5
bd5
100
AcDbEntity
8
Document
100
AcDbHatch
10
0
20
0
30
0
210
0
220
0
230
1
2
SOLID
70
1
71
0
91
1
92
7
72
0
73
1
93
9
10
81.03515367030741
20
63.53614427228854
10
81.03515367030741
20
62.436144272288516
10
81.53515367030718
20
62.436144272288516
10
81.53515367030718
20
62.436144272288516
10
80.73515367030745
20
61.63614427228856
10
80.63515367030755
20
61.63614427228856
10
79.83515367030736
20
62.436144272288516
10
80.33515367030736
20
62.436144272288516
10
80.33515367030736
20
63.53614427228854
97
1
330

75
0
76
1
47
0.4128176842155181
98
1
10
34.90568961886538
20
22.81183545379326
450
0
451
0
460
0
461
0
452
1
462
1
453
2
463
0
63
5
421
255
463
1
63
7
421
16777215
470
LINEAR
1001
ACAD
1010
0
1020
0
1030
0
0
HATCH
5
bd7
100
AcDbEntity
8
Document
100
AcDbHatch
10
0
20
0
30
0
210
0
220
0
230
1
2
SOLID
70
1
71
0
91
1
92
7
72
0
73
1
93
79
10
81.94000508001
20
63.537312674625355
10
81.94000508001
20
61.44688849377701
10
81.93891857523158
20
61.43031163421142
10
81.93567765129387
20
61.414018409308824
10
81.93033776130437
20
61.398287600664844
10
81.92299027226113
20
61.383388366776785
10
81.9137609017389
20
61.36957563766714
10
81.90280756682569
20
61.35708575296087
10
81.8903176821193
20
61.34613241804789
10
81.87650495300977
20
61.33690304752554
10
81.8616057191216
20
61.3295555584823
10
81.84587491047773
20
61.324215668492684
10
81.82958168557525
20
61.32097474455509
10
81.81300482600955
20
61.31988823977656
10
79.55748031496069
20
61.31988823977656
10
79.54090345539498
20
61.32097474455509
10
79.5246102304925
20
61.324215668492684
10
79.50887942184863
20
61.3295555584823
10
79.49398018796046
20
61.33690304752554
10
79.48016745885093
20
61.34613241804789
10
79.46767757414455
20
61.35708575296087
10
79.45672423923156
20
61.36957563766714
10
79.44749486870933
20
61.383388366776785
10
79.44014737966609
20
61.398287600664844
10
79.43480748967636
20
61.414018409308824
10
79.43156656573865
20
61.43031163421142
10
79.43048006096024
20
61.44688849377701
10
79.43048006096024
20
63.537312674625355
10
79.43156656573865
20
63.55388953419106
10
79.43480748967636
20
63.57018275909354
10
79.44014737966609
20
63.585913567737634
10
79.44749486870933
20
63.60081280162569
10
79.45672423923156
20
63.614625530735225
10
79.46767757414455
20
63.62711541544161
10
79.48016745885093
20
63.63806875035448
10
79.49398018796046
20
63.647298120876826
10
79.50887942184863
20
63.65464560992018
10
79.5246102304925
20
63.659985499909794
10
79.54090345539498
20
63.66322642384739
10
79.55748031496069
20
63.66431292862592
10
79.57405717452639
20
63.66322642384739
10
79.59035039942887
20
63.659985499909794
10
79.60608120807274
20
63.65464560992018
10
79.62098044196091
20
63.647298120876826
10
79.63479317107044
20
63.63806875035448
10
79.64728305577682
20
63.62711541544161
10
79.65823639069004
20
63.614625530735225
10
79.66746576121227
20
63.60081280162569
10
79.67481325025551
20
63.585913567737634
10
79.68015314024501
20
63.57018275909354
10
79.68339406418272
20
63.55388953419106
10
79.68448056896136
20
63.537312674625355
10
79.68448056896136
20
61.57388874777757
10
81.6860045720091
20
61.57388874777757
10
81.6860045720091
20
63.537312674625355
10
81.68709107678751
20
63.55388953419106
10
81.69033200072522
20
63.57018275909354
10
81.69567189071472
20
63.585913567737634
10
81.70301937975819
20
63.60081280162569
10
81.71224875028042
20
63.614625530735225
10
81.7232020851934
20
63.62711541544161
10
81.73569196989979
20
63.63806875035448
10
81.74950469900932
20
63.647298120876826
10
81.7644039328975
20
63.65464560992018
10
81.78013474154136
20
63.659985499909794
10
81.79642796644384
20
63.66322642384739
10
81.81300482600955
20
63.66431292862592
10
81.82958168557525
20
63.66322642384739
10
81.84587491047773
20
63.659985499909794
10
81.8616057191216
20
63.65464560992018
10
81.87650495300977
20
63.647298120876826
10
81.8903176821193
20
63.63806875035448
10
81.90280756682569
20
63.62711541544161
10
81.9137609017389
20
63.614625530735225
10
81.92299027226113
20
63.60081280162569
10
81.93033776130437
20
63.585913567737634
10
81.93567765129387
20
63.57018275909354
10
81.93891857523158
20
63.55388953419106
10
81.94000508001
20
63.537312674625355
97
1
330

75
0
76
1
47
0.4128176842155181
98
1
10
34.90568961886538
20
22.81183545379326
450
0
451
0
460
0
461
0
452
1
462
1
453
2
463
0
63
5
421
255
463
1
63
7
421
16777215
470
LINEAR
1001
ACAD
1010
0
1020
0
1030
0
0
HATCH
5
bd9
100
AcDbEntity
8
Document
100
AcDbHatch
10
0
20
0
30
0
210
0
220
0
230
1
2
SOLID
70
1
71
0
91
1
92
7
72
0
73
1
93
9
10
76.03512827025656
20
63.53614427228854
10
76.03512827025656
20
62.436144272288516
10
76.53512827025656
20
62.436144272288516
10
76.53512827025656
20
62.436144272288516
10
75.73512827025661
20
61.63614427228856
10
75.63512827025647
20
61.63614427228856
10
74.83512827025652
20
62.436144272288516
10
75.33512827025652
20
62.436144272288516
10
75.33512827025652
20
63.53614427228854
97
1
330

75
0
76
1
47
0.4128176842155181
98
1
10
34.90568961886538
20
22.81183545379326
450
0
451
0
460
0
461
0
452
1
462
1
453
2
463
0
63
5
421
255
463
1
63
7
421
16777215
470
LINEAR
1001
ACAD
1010
0
1020
0
1030
0
0
HATCH
5
bdb
100
AcDbEntity
8
Document
100
AcDbHatch
10
0
20
0
30
0
210
0
220
0
230
1
2
SOLID
70
1
71
0
91
1
92
7
72
0
73
1
93
79
10
76.94000508001022
20
63.537312674625355
10
76.94000508001022
20
61.44688849377701
10
76.93891857523181
20
61.43031163421142
10
76.9356776512941
20
61.414018409308824
10
76.93033776130437
20
61.398287600664844
10
76.92299027226113
20
61.383388366776785
10
76.9137609017389
20
61.36957563766714
10
76.90280756682591
20
61.35708575296087
10
76.89031768211953
20
61.34613241804789
10
76.87650495301
20
61.33690304752554
10
76.86160571912183
20
61.3295555584823
10
76.84587491047796
20
61.324215668492684
10
76.82958168557548
20
61.32097474455509
10
76.81300482600977
20
61.31988823977656
10
74.55748031496069
20
61.31988823977656
10
74.54090345539498
20
61.32097474455509
10
74.5246102304925
20
61.324215668492684
10
74.50887942184863
20
61.3295555584823
10
74.49398018796046
20
61.33690304752554
10
74.48016745885093
20
61.34613241804789
10
74.46767757414455
20
61.35708575296087
10
74.45672423923133
20
61.36957563766714
10
74.4474948687091
20
61.383388366776785
10
74.44014737966586
20
61.398287600664844
10
74.43480748967636
20
61.414018409308824
10
74.43156656573865
20
61.43031163421142
10
74.43048006096024
20
61.44688849377701
10
74.43048006096024
20
63.537312674625355
10
74.43156656573865
20
63.55388953419106
10
74.43480748967636
20
63.57018275909354
10
74.44014737966586
20
63.585913567737634
10
74.4474948687091
20
63.60081280162569
10
74.45672423923133
20
63.614625530735225
10
74.46767757414455
20
63.62711541544161
10
74.48016745885093
20
63.63806875035448
10
74.49398018796046
20
63.647298120876826
10
74.50887942184863
20
63.65464560992018
10
74.5246102304925
20
63.659985499909794
10
74.54090345539498
20
63.66322642384739
10
74.55748031496069
20
63.66431292862592
10
74.57405717452639
20
63.66322642384739
10
74.59035039942887
20
63.659985499909794
10
74.60608120807274
20
63.65464560992018
10
74.62098044196091
20
63.647298120876826
10
74.63479317107044
20
63.63806875035448
10
74.64728305577682
20
63.62711541544161
10
74.65823639068981
20
63.614625530735225
10
74.66746576121204
20
63.60081280162569
10
74.67481325025551
20
63.585913567737634
10
74.68015314024501
20
63.57018275909354
10
74.68339406418272
20
63.55388953419106
10
74.68448056896113
20
63.537312674625355
10
74.68448056896113
20
61.57388874777757
10
76.6860045720091
20
61.57388874777757
10
76.6860045720091
20
63.537312674625355
10
76.68709107678774
20
63.55388953419106
10
76.69033200072522
20
63.57018275909354
10
76.69567189071495
20
63.585913567737634
10
76.70301937975819
20
63.60081280162569
10
76.71224875028042
20
63.614625530735225
10
76.7232020851934
20
63.62711541544161
10
76.73569196990002
20
63.63806875035448
10
76.74950469900955
20
63.647298120876826
10
76.76440393289772
20
63.65464560992018
10
76.78013474154159
20
63.659985499909794
10
76.79642796644384
20
63.66322642384739
10
76.81300482600977
20
63.66431292862592
10
76.82958168557548
20
63.66322642384739
10
76.84587491047796
20
63.659985499909794
10
76.86160571912183
20
63.65464560992018
10
76.87650495301
20
63.647298120876826
10
76.89031768211953
20
63.63806875035448
10
76.90280756682591
20
63.62711541544161
10
76.9137609017389
20
63.614625530735225
10
76.92299027226113
20
63.60081280162569
10
76.93033776130437
20
63.585913567737634
10
76.9356776512941
20
63.57018275909354
10
76.93891857523181
20
63.55388953419106
10
76.94000508001022
20
63.537312674625355
97
1
330

75
0
76
1
47
0.4128176842155181
98
1
10
34.90568961886538
20
22.81183545379326
450
0
451
0
460
0
461
0
452
1
462
1
453
2
463
0
63
5
421
255
463
1
63
7
421
16777215
470
LINEAR
1001
ACAD
1010
0
1020
0
1030
0
0
HATCH
5
bdd
100
AcDbEntity
8
Document
100
AcDbHatch
10
0
20
0
30
0
210
0
220
0
230
1
2
SOLID
70
1
71
0
91
1
92
7
72
0
73
1
93
9
10
71.03515367030741
20
63.53614427228854
10
71.03515367030741
20
62.436144272288516
10
71.53515367030741
20
62.436144272288516
10
71.53515367030741
20
62.436144272288516
10
70.73515367030745
20
61.63614427228856
10
70.63515367030755
20
61.63614427228856
10
69.83515367030736
20
62.436144272288516
10
70.33515367030736
20
62.436144272288516
10
70.33515367030736
20
63.53614427228854
97
1
330

75
0
76
1
47
0.4128176842155181
98
1
10
34.90568961886538
20
22.81183545379326
450
0
451
0
460
0
461
0
452
1
462
1
453
2
463
0
63
5
421
255
463
1
63
7
421
16777215
470
LINEAR
1001
ACAD
1010
0
1020
0
1030
0
0
HATCH
5
bdf
100
AcDbEntity
8
Document
100
AcDbHatch
10
0
20
0
30
0
210
0
220
0
230
1
2
SOLID
70
1
71
0
91
1
92
7
72
0
73
1
93
79
10
71.93995427990853
20
63.537312674625355
10
71.93995427990853
20
61.44688849377701
10
71.93886777513012
20
61.43031163421142
10
71.93562685119241
20
61.414018409308824
10
71.93028696120291
20
61.398287600664844
10
71.92293947215967
20
61.383388366776785
10
71.91371010163743
20
61.36957563766714
10
71.90275676672422
20
61.35708575296087
10
71.89026688201784
20
61.34613241804789
10
71.87645415290831
20
61.33690304752554
10
71.86155491902014
20
61.3295555584823
10
71.84582411037627
20
61.324215668492684
10
71.82953088547379
20
61.32097474455509
10
71.81295402590808
20
61.31988823977656
10
69.557429514859
20
61.31988823977656
10
69.54085265529329
20
61.32097474455509
10
69.52455943039081
20
61.324215668492684
10
69.50882862174694
20
61.3295555584823
10
69.49392938785877
20
61.33690304752554
10
69.48011665874924
20
61.34613241804789
10
69.46762677404286
20
61.35708575296087
10
69.45667343912987
20
61.36957563766714
10
69.44744406860764
20
61.383388366776785
10
69.4400965795644
20
61.398287600664844
10
69.43475668957467
20
61.414018409308824
10
69.43151576563696
20
61.43031163421142
10
69.43042926085855
20
61.44688849377701
10
69.43042926085855
20
63.537312674625355
10
69.43151576563696
20
63.55388953419106
10
69.43475668957467
20
63.57018275909354
10
69.4400965795644
20
63.585913567737634
10
69.44744406860764
20
63.60081280162569
10
69.45667343912987
20
63.614625530735225
10
69.46762677404286
20
63.62711541544161
10
69.48011665874924
20
63.63806875035448
10
69.49392938785877
20
63.647298120876826
10
69.50882862174694
20
63.65464560992018
10
69.52455943039081
20
63.659985499909794
10
69.54085265529329
20
63.66322642384739
10
69.557429514859
20
63.66431292862592
10
69.57400637442493
20
63.66322642384739
10
69.59029959932718
20
63.659985499909794
10
69.60603040797105
20
63.65464560992018
10
69.62092964185922
20
63.647298120876826
10
69.63474237096875
20
63.63806875035448
10
69.64723225567536
20
63.62711541544161
10
69.65818559058835
20
63.614625530735225
10
69.66741496111058
20
63.60081280162569
10
69.67476245015382
20
63.585913567737634
10
69.68010234014355
20
63.57018275909354
10
69.68334326408103
20
63.55388953419106
10
69.68442976885967
20
63.537312674625355
10
69.68442976885967
20
61.57388874777757
10
71.68595377190763
20
61.57388874777757
10
71.68595377190763
20
63.537312674625355
10
71.68704027668605
20
63.55388953419106
10
71.69028120062376
20
63.57018275909354
10
71.69562109061326
20
63.585913567737634
10
71.70296857965673
20
63.60081280162569
10
71.71219795017896
20
63.614625530735225
10
71.72315128509194
20
63.62711541544161
10
71.73564116979833
20
63.63806875035448
10
71.74945389890786
20
63.647298120876826
10
71.76435313279603
20
63.65464560992018
10
71.7800839414399
20
63.659985499909794
10
71.79637716634238
20
63.66322642384739
10
71.81295402590808
20
63.66431292862592
10
71.82953088547379
20
63.66322642384739
10
71.84582411037627
20
63.659985499909794
10
71.86155491902014
20
63.65464560992018
10
71.87645415290831
20
63.647298120876826
10
71.89026688201784
20
63.63806875035448
10
71.90275676672422
20
63.62711541544161
10
71.91371010163743
20
63.614625530735225
10
71.92293947215967
20
63.60081280162569
10
71.93028696120291
20
63.585913567737634
10
71.93562685119241
20
63.57018275909354
10
71.93886777513012
20
63.55388953419106
10
71.93995427990853
20
63.537312674625355
97
1
330

75
0
76
1
47
0.4128176842155181
98
1
10
34.90568961886538
20
22.81183545379326
450
0
451
0
460
0
461
0
452
1
462
1
453
2
463
0
63
5
421
255
463
1
63
7
421
16777215
470
LINEAR
1001
ACAD
1010
0
1020
0
1030
0
0
HATCH
5
be1
100
AcDbEntity
8
TopSilkLayer
100
AcDbHatch
10
0
20
0
30
0
210
0
220
0
230
1
2
SOLID
70
1
71
0
91
1
92
7
72
0
73
1
93
9
10
96.03512827025656
20
63.53604267208539
10
96.03512827025656
20
62.436042672085364
10
96.53512827025656
20
62.436042672085364
10
96.53512827025656
20
62.436042672085364
10
95.73512827025661
20
61.636042672085296
10
95.6351282702567
20
61.636042672085296
10
94.83512827025652
20
62.436042672085364
10
95.33512827025652
20
62.436042672085364
10
95.33512827025652
20
63.53604267208539
97
1
330

75
0
76
1
47
0.4128176842155181
98
1
10
34.90568961886538
20
22.81183545379326
450
0
451
0
460
0
461
0
452
1
462
1
453
2
463
0
63
5
421
255
463
1
63
7
421
16777215
470
LINEAR
1001
ACAD
1010
0
1020
0
1030
0
0
HATCH
5
be3
100
AcDbEntity
8
TopSilkLayer
100
AcDbHatch
10
0
20
0
30
0
210
0
220
0
230
1
2
SOLID
70
1
71
0
91
1
92
7
72
0
73
1
93
9
10
91.03512827025656
20
63.53614427228854
10
91.03512827025656
20
62.436144272288516
10
91.53512827025656
20
62.436144272288516
10
91.53512827025656
20
62.436144272288516
10
90.73512827025638
20
61.63614427228856
10
90.63512827025647
20
61.63614427228856
10
89.83512827025675
20
62.436144272288516
10
90.33512827025652
20
62.436144272288516
10
90.33512827025652
20
63.53614427228854
97
1
330

75
0
76
1
47
0.4128176842155181
98
1
10
34.90568961886538
20
22.81183545379326
450
0
451
0
460
0
461
0
452
1
462
1
453
2
463
0
63
5
421
255
463
1
63
7
421
16777215
470
LINEAR
1001
ACAD
1010
0
1020
0
1030
0
0
HATCH
5
be5
100
AcDbEntity
8
TopSilkLayer
100
AcDbHatch
10
0
20
0
30
0
210
0
220
0
230
1
2
SOLID
70
1
71
0
91
1
92
7
72
0
73
1
93
9
10
86.03512827025656
20
63.525908051816145
10
86.03512827025656
20
62.42590805181612
10
86.53512827025656
20
62.42590805181612
10
86.53512827025656
20
62.42590805181612
10
85.73512827025661
20
61.62590805181617
10
85.63512827025647
20
61.62590805181617
10
84.83512827025652
20
62.42590805181612
10
85.33512827025652
20
62.42590805181612
10
85.33512827025652
20
63.525908051816145
97
1
330

75
0
76
1
47
0.4128176842155181
98
1
10
34.90568961886538
20
22.81183545379326
450
0
451
0
460
0
461
0
452
1
462
1
453
2
463
0
63
5
421
255
463
1
63
7
421
16777215
470
LINEAR
1001
ACAD
1010
0
1020
0
1030
0
0
HATCH
5
be7
100
AcDbEntity
8
TopSilkLayer
100
AcDbHatch
10
0
20
0
30
0
210
0
220
0
230
1
2
SOLID
70
1
71
0
91
1
92
7
72
0
73
1
93
9
10
81.03515367030741
20
63.53614427228854
10
81.03515367030741
20
62.436144272288516
10
81.53515367030718
20
62.436144272288516
10
81.53515367030718
20
62.436144272288516
10
80.73515367030745
20
61.63614427228856
10
80.63515367030755
20
61.63614427228856
10
79.83515367030736
20
62.436144272288516
10
80.33515367030736
20
62.436144272288516
10
80.33515367030736
20
63.53614427228854
97
1
330

75
0
76
1
47
0.4128176842155181
98
1
10
34.90568961886538
20
22.81183545379326
450
0
451
0
460
0
461
0
452
1
462
1
453
2
463
0
63
5
421
255
463
1
63
7
421
16777215
470
LINEAR
1001
ACAD
1010
0
1020
0
1030
0
0
HATCH
5
be9
100
AcDbEntity
8
TopSilkLayer
100
AcDbHatch
10
0
20
0
30
0
210
0
220
0
230
1
2
SOLID
70
1
71
0
91
1
92
7
72
0
73
1
93
9
10
76.03512827025656
20
63.53614427228854
10
76.03512827025656
20
62.436144272288516
10
76.53512827025656
20
62.436144272288516
10
76.53512827025656
20
62.436144272288516
10
75.73512827025661
20
61.63614427228856
10
75.63512827025647
20
61.63614427228856
10
74.83512827025652
20
62.436144272288516
10
75.33512827025652
20
62.436144272288516
10
75.33512827025652
20
63.53614427228854
97
1
330

75
0
76
1
47
0.4128176842155181
98
1
10
34.90568961886538
20
22.81183545379326
450
0
451
0
460
0
461
0
452
1
462
1
453
2
463
0
63
5
421
255
463
1
63
7
421
16777215
470
LINEAR
1001
ACAD
1010
0
1020
0
1030
0
0
HATCH
5
beb
100
AcDbEntity
8
TopSilkLayer
100
AcDbHatch
10
0
20
0
30
0
210
0
220
0
230
1
2
SOLID
70
1
71
0
91
1
92
7
72
0
73
1
93
9
10
71.03515367030741
20
63.53614427228854
10
71.03515367030741
20
62.436144272288516
10
71.53515367030741
20
62.436144272288516
10
71.53515367030741
20
62.436144272288516
10
70.73515367030745
20
61.63614427228856
10
70.63515367030755
20
61.63614427228856
10
69.83515367030736
20
62.436144272288516
10
70.33515367030736
20
62.436144272288516
10
70.33515367030736
20
63.53614427228854
97
1
330

75
0
76
1
47
0.4128176842155181
98
1
10
34.90568961886538
20
22.81183545379326
450
0
451
0
460
0
461
0
452
1
462
1
453
2
463
0
63
5
421
255
463
1
63
7
421
16777215
470
LINEAR
1001
ACAD
1010
0
1020
0
1030
0
0
HATCH
5
bed
100
AcDbEntity
8
Document
100
AcDbHatch
10
0
20
0
30
0
210
0
220
0
230
1
2
SOLID
70
1
71
0
91
1
92
7
72
0
73
1
93
79
10
45.50736601473204
20
10.24991109982227
10
45.50736601473204
20
12.340335280670615
10
45.50845251951068
20
12.356912140236204
10
45.511693443448394
20
12.373205365138801
10
45.517033333437894
20
12.388936173782781
10
45.524380822481135
20
12.40383540767084
10
45.53361019300337
20
12.417648136780485
10
45.54456352791635
20
12.430138021486755
10
45.55705341262296
20
12.441091356399738
10
45.570866141732495
20
12.450320726922087
10
45.58576537562067
20
12.457668215965327
10
45.60149618426453
20
12.463008105954941
10
45.61778940916679
20
12.466249029892538
10
45.63436626873272
20
12.467335534671065
10
47.88989077978158
20
12.467335534671065
10
47.906467639347284
20
12.466249029892538
10
47.92276086424954
20
12.463008105954941
10
47.93849167289363
20
12.457668215965327
10
47.953390906781806
20
12.450320726922087
10
47.96720363589111
20
12.441091356399738
10
47.97969352059772
20
12.430138021486755
10
47.990646855510704
20
12.417648136780485
10
47.99987622603294
20
12.40383540767084
10
48.00722371507618
20
12.388936173782781
10
48.01256360506591
20
12.373205365138801
10
48.01580452900362
20
12.356912140236204
10
48.01689103378203
20
12.340335280670615
10
48.01689103378203
20
10.24991109982227
10
48.01580452900362
20
10.233334240256568
10
48.01256360506591
20
10.217041015354084
10
48.00722371507618
20
10.20131020670999
10
47.99987622603294
20
10.186410972821932
10
47.990646855510704
20
10.1725982437124
10
47.97969352059772
20
10.160108359006017
10
47.96720363589111
20
10.149155024093147
10
47.953390906781806
20
10.1399256535708
10
47.93849167289363
20
10.132578164527445
10
47.92276086424954
20
10.12723827453783
10
47.906467639347284
20
10.123997350600348
10
47.88989077978158
20
10.122910845821707
10
47.87331392021565
20
10.123997350600348
10
47.857020695313395
20
10.12723827453783
10
47.8412898866693
20
10.132578164527445
10
47.82639065278113
20
10.1399256535708
10
47.812577923671824
20
10.149155024093147
10
47.800088038965214
20
10.160108359006017
10
47.78913470405223
20
10.1725982437124
10
47.779905333529996
20
10.186410972821932
10
47.772557844486755
20
10.20131020670999
10
47.76721795449703
20
10.217041015354084
10
47.76397703055932
20
10.233334240256568
10
47.762890525780904
20
10.24991109982227
10
47.762890525780904
20
12.213335026670052
10
45.76136652273317
20
12.213335026670052
10
45.76136652273317
20
10.24991109982227
10
45.760280017954756
20
10.233334240256568
10
45.757039094017045
20
10.217041015354084
10
45.75169920402732
20
10.20131020670999
10
45.74435171498408
20
10.186410972821932
10
45.73512234446184
20
10.1725982437124
10
45.72416900954886
20
10.160108359006017
10
45.711679124842476
20
10.149155024093147
10
45.697866395732945
20
10.1399256535708
10
45.68296716184477
20
10.132578164527445
10
45.667236353200906
20
10.12723827453783
10
45.65094312829842
20
10.123997350600348
10
45.63436626873272
20
10.122910845821707
10
45.61778940916679
20
10.123997350600348
10
45.60149618426453
20
10.12723827453783
10
45.58576537562067
20
10.132578164527445
10
45.570866141732495
20
10.1399256535708
10
45.55705341262296
20
10.149155024093147
10
45.54456352791635
20
10.160108359006017
10
45.53361019300337
20
10.1725982437124
10
45.524380822481135
20
10.186410972821932
10
45.517033333437894
20
10.20131020670999
10
45.511693443448394
20
10.217041015354084
10
45.50845251951068
20
10.233334240256568
10
45.50736601473204
20
10.24991109982227
97
1
330

75
0
76
1
47
0.4128176842155181
98
1
10
34.90568961886538
20
22.81183545379326
450
0
451
0
460
0
461
0
452
1
462
1
453
2
463
0
63
5
421
255
463
1
63
7
421
16777215
470
LINEAR
1001
ACAD
1010
0
1020
0
1030
0
0
HATCH
5
bef
100
AcDbEntity
8
Document
100
AcDbHatch
10
0
20
0
30
0
210
0
220
0
230
1
2
SOLID
70
1
71
0
91
1
92
7
72
0
73
1
93
9
10
46.41216662433317
20
10.251079502158973
10
46.41216662433317
20
11.351079502158996
10
45.91216662433317
20
11.351079502158996
10
45.91216662433317
20
11.351079502158996
10
46.71216662433335
20
12.151079502159064
10
46.81216662433326
20
12.151079502159064
10
47.61216662433321
20
11.351079502158996
10
47.11216662433321
20
11.351079502158996
10
47.11216662433321
20
10.251079502158973
97
1
330

75
0
76
1
47
0.4128176842155181
98
1
10
34.90568961886538
20
22.81183545379326
450
0
451
0
460
0
461
0
452
1
462
1
453
2
463
0
63
5
421
255
463
1
63
7
421
16777215
470
LINEAR
1001
ACAD
1010
0
1020
0
1030
0
0
HATCH
5
bf1
100
AcDbEntity
8
Document
100
AcDbHatch
10
0
20
0
30
0
210
0
220
0
230
1
2
SOLID
70
1
71
0
91
1
92
7
72
0
73
1
93
9
10
51.412166624333395
20
10.250977901955821
10
51.412166624333395
20
11.350977901955844
10
50.912166624333395
20
11.350977901955844
10
50.912166624333395
20
11.350977901955844
10
51.71216662433335
20
12.150977901955798
10
51.81216662433326
20
12.150977901955798
10
52.61216662433344
20
11.350977901955844
10
52.11216662433344
20
11.350977901955844
10
52.11216662433344
20
10.250977901955821
97
1
330

75
0
76
1
47
0.4128176842155181
98
1
10
34.90568961886538
20
22.81183545379326
450
0
451
0
460
0
461
0
452
1
462
1
453
2
463
0
63
5
421
255
463
1
63
7
421
16777215
470
LINEAR
1001
ACAD
1010
0
1020
0
1030
0
0
HATCH
5
bf3
100
AcDbEntity
8
Document
100
AcDbHatch
10
0
20
0
30
0
210
0
220
0
230
1
2
SOLID
70
1
71
0
91
1
92
7
72
0
73
1
93
79
10
50.50736601473204
20
10.249809499619118
10
50.50736601473204
20
12.340233680467463
10
50.508452519510456
20
12.356810540033052
10
50.511693443448166
20
12.37310376493565
10
50.517033333437666
20
12.38883457357963
10
50.524380822481135
20
12.403733807467688
10
50.53361019300337
20
12.417546536577333
10
50.54456352791635
20
12.430036421283603
10
50.557053412622736
20
12.440989756196586
10
50.57086614173227
20
12.450219126718935
10
50.58576537562044
20
12.457566615762175
10
50.601496184264306
20
12.46290650575179
10
50.61778940916679
20
12.466147429689386
10
50.63436626873249
20
12.467233934467913
10
52.88989077978158
20
12.467233934467913
10
52.906467639347284
20
12.466147429689386
10
52.92276086424977
20
12.46290650575179
10
52.93849167289363
20
12.457566615762175
10
52.953390906781806
20
12.450219126718935
10
52.96720363589134
20
12.440989756196586
10
52.97969352059772
20
12.430036421283603
10
52.990646855510704
20
12.417546536577333
10
52.99987622603294
20
12.403733807467688
10
53.00722371507641
20
12.38883457357963
10
53.01256360506591
20
12.37310376493565
10
53.01580452900362
20
12.356810540033052
10
53.01689103378203
20
12.340233680467463
10
53.01689103378203
20
10.249809499619118
10
53.01580452900362
20
10.233232640053416
10
53.01256360506591
20
10.216939415150932
10
53.00722371507641
20
10.201208606506839
10
52.99987622603294
20
10.18630937261878
10
52.990646855510704
20
10.172496643509248
10
52.97969352059772
20
10.160006758802865
10
52.96720363589134
20
10.149053423889995
10
52.953390906781806
20
10.139824053367647
10
52.93849167289363
20
10.132476564324293
10
52.92276086424977
20
10.127136674334679
10
52.906467639347284
20
10.123895750397082
10
52.88989077978158
20
10.122809245618555
10
52.87331392021588
20
10.123895750397082
10
52.857020695313395
20
10.127136674334679
10
52.84128988666953
20
10.132476564324293
10
52.826390652781356
20
10.139824053367647
10
52.812577923671824
20
10.149053423889995
10
52.80008803896544
20
10.160006758802865
10
52.78913470405223
20
10.172496643509248
10
52.779905333529996
20
10.18630937261878
10
52.772557844486755
20
10.201208606506839
10
52.767217954497255
20
10.216939415150932
10
52.763977030559545
20
10.233232640053416
10
52.76289052578113
20
10.249809499619118
10
52.76289052578113
20
12.2132334264669
10
50.76136652273294
20
12.2132334264669
10
50.76136652273294
20
10.249809499619118
10
50.76028001795453
20
10.233232640053416
10
50.75703909401682
20
10.216939415150932
10
50.75169920402732
20
10.201208606506839
10
50.74435171498408
20
10.18630937261878
10
50.73512234446184
20
10.172496643509248
10
50.72416900954863
20
10.160006758802865
10
50.71167912484225
20
10.149053423889995
10
50.69786639573272
20
10.139824053367647
10
50.682967161844545
20
10.132476564324293
10
50.66723635320068
20
10.127136674334679
10
50.650943128298195
20
10.123895750397082
10
50.63436626873249
20
10.122809245618555
10
50.61778940916679
20
10.123895750397082
10
50.601496184264306
20
10.127136674334679
10
50.58576537562044
20
10.132476564324293
10
50.57086614173227
20
10.139824053367647
10
50.557053412622736
20
10.149053423889995
10
50.54456352791635
20
10.160006758802865
10
50.53361019300337
20
10.172496643509248
10
50.524380822481135
20
10.18630937261878
10
50.517033333437666
20
10.201208606506839
10
50.511693443448166
20
10.216939415150932
10
50.508452519510456
20
10.233232640053416
10
50.50736601473204
20
10.249809499619118
97
1
330

75
0
76
1
47
0.4128176842155181
98
1
10
34.90568961886538
20
22.81183545379326
450
0
451
0
460
0
461
0
452
1
462
1
453
2
463
0
63
5
421
255
463
1
63
7
421
16777215
470
LINEAR
1001
ACAD
1010
0
1020
0
1030
0
0
HATCH
5
bf5
100
AcDbEntity
8
Document
100
AcDbHatch
10
0
20
0
30
0
210
0
220
0
230
1
2
SOLID
70
1
71
0
91
1
92
7
72
0
73
1
93
9
10
56.41216662433317
20
10.261214122428328
10
56.41216662433317
20
11.361214122428237
10
55.91216662433317
20
11.361214122428237
10
55.91216662433317
20
11.361214122428237
10
56.71216662433335
20
12.161214122428305
10
56.81216662433326
20
12.161214122428305
10
57.61216662433321
20
11.361214122428237
10
57.11216662433321
20
11.361214122428237
10
57.11216662433321
20
10.261214122428328
97
1
330

75
0
76
1
47
0.4128176842155181
98
1
10
34.90568961886538
20
22.81183545379326
450
0
451
0
460
0
461
0
452
1
462
1
453
2
463
0
63
5
421
255
463
1
63
7
421
16777215
470
LINEAR
1001
ACAD
1010
0
1020
0
1030
0
0
HATCH
5
bf7
100
AcDbEntity
8
Document
100
AcDbHatch
10
0
20
0
30
0
210
0
220
0
230
1
2
SOLID
70
1
71
0
91
1
92
7
72
0
73
1
93
79
10
55.5073406146812
20
10.260045720091398
10
55.5073406146812
20
12.350469900939743
10
55.50842711945961
20
12.367046760505445
10
55.51166804339732
20
12.383339985407929
10
55.51700793338705
20
12.399070794052022
10
55.52435542243029
20
12.413970027940081
10
55.533584792952524
20
12.427782757049613
10
55.54453812786551
20
12.440272641755996
10
55.55702801257212
20
12.451225976668866
10
55.57084074168142
20
12.460455347191214
10
55.585739975569595
20
12.467802836234569
10
55.60147078421369
20
12.473142726224182
10
55.617764009115945
20
12.476383650161779
10
55.634340868681875
20
12.477470154940306
10
57.889865379730736
20
12.477470154940306
10
57.906442239296666
20
12.476383650161779
10
57.92273546419892
20
12.473142726224182
10
57.938466272843016
20
12.467802836234569
10
57.95336550673119
20
12.460455347191214
10
57.96717823584049
20
12.451225976668866
10
57.9796681205471
20
12.440272641755996
10
57.99062145546009
20
12.427782757049613
10
57.99985082598232
20
12.413970027940081
10
58.00719831502556
20
12.399070794052022
10
58.01253820501529
20
12.383339985407929
10
58.01577912895277
20
12.367046760505445
10
58.01686563373141
20
12.350469900939743
10
58.01686563373141
20
10.260045720091398
10
58.01577912895277
20
10.243468860525809
10
58.01253820501529
20
10.227175635623212
10
58.00719831502556
20
10.211444826979232
10
57.99985082598232
20
10.196545593091173
10
57.99062145546009
20
10.182732863981528
10
57.9796681205471
20
10.170242979275258
10
57.96717823584049
20
10.159289644362275
10
57.95336550673119
20
10.150060273839927
10
57.938466272843016
20
10.142712784796686
10
57.92273546419892
20
10.137372894807072
10
57.906442239296666
20
10.134131970869475
10
57.889865379730736
20
10.133045466090948
10
57.87328852016503
20
10.134131970869475
10
57.85699529526255
20
10.137372894807072
10
57.841264486618684
20
10.142712784796686
10
57.82636525273051
20
10.150060273839927
10
57.81255252362098
20
10.159289644362275
10
57.800062638914596
20
10.170242979275258
10
57.78910930400161
20
10.182732863981528
10
57.77987993347938
20
10.196545593091173
10
57.77253244443614
20
10.211444826979232
10
57.76719255444641
20
10.227175635623212
10
57.7639516305087
20
10.243468860525809
10
57.762865125730286
20
10.260045720091398
10
57.762865125730286
20
12.223469646939293
10
55.761341122682325
20
12.223469646939293
10
55.761341122682325
20
10.260045720091398
10
55.76025461790391
20
10.243468860525809
10
55.7570136939662
20
10.227175635623212
10
55.75167380397647
20
10.211444826979232
10
55.74432631493323
20
10.196545593091173
10
55.735096944411
20
10.182732863981528
10
55.724143609498014
20
10.170242979275258
10
55.71165372479163
20
10.159289644362275
10
55.6978409956821
20
10.150060273839927
10
55.68294176179393
20
10.142712784796686
10
55.66721095315006
20
10.137372894807072
10
55.65091772824758
20
10.134131970869475
10
55.634340868681875
20
10.133045466090948
10
55.617764009115945
20
10.134131970869475
10
55.60147078421369
20
10.137372894807072
10
55.585739975569595
20
10.142712784796686
10
55.57084074168142
20
10.150060273839927
10
55.55702801257212
20
10.159289644362275
10
55.54453812786551
20
10.170242979275258
10
55.533584792952524
20
10.182732863981528
10
55.52435542243029
20
10.196545593091173
10
55.51700793338705
20
10.211444826979232
10
55.51166804339732
20
10.227175635623212
10
55.50842711945961
20
10.243468860525809
10
55.5073406146812
20
10.260045720091398
97
1
330

75
0
76
1
47
0.4128176842155181
98
1
10
34.90568961886538
20
22.81183545379326
450
0
451
0
460
0
461
0
452
1
462
1
453
2
463
0
63
5
421
255
463
1
63
7
421
16777215
470
LINEAR
1001
ACAD
1010
0
1020
0
1030
0
0
HATCH
5
bf9
100
AcDbEntity
8
Document
100
AcDbHatch
10
0
20
0
30
0
210
0
220
0
230
1
2
SOLID
70
1
71
0
91
1
92
7
72
0
73
1
93
9
10
61.41214122428232
20
10.250977901955821
10
61.41214122428232
20
11.350977901955844
10
60.91214122428255
20
11.350977901955844
10
60.91214122428255
20
11.350977901955844
10
61.71214122428228
20
12.150977901955798
10
61.81214122428241
20
12.150977901955798
10
62.61214122428237
20
11.350977901955844
10
62.11214122428237
20
11.350977901955844
10
62.11214122428237
20
10.250977901955821
97
1
330

75
0
76
1
47
0.4128176842155181
98
1
10
34.90568961886538
20
22.81183545379326
450
0
451
0
460
0
461
0
452
1
462
1
453
2
463
0
63
5
421
255
463
1
63
7
421
16777215
470
LINEAR
1001
ACAD
1010
0
1020
0
1030
0
0
HATCH
5
bfb
100
AcDbEntity
8
Document
100
AcDbHatch
10
0
20
0
30
0
210
0
220
0
230
1
2
SOLID
70
1
71
0
91
1
92
7
72
0
73
1
93
79
10
60.507289814579735
20
10.249809499619118
10
60.507289814579735
20
12.340233680467463
10
60.50837631935815
20
12.356810540033052
10
60.51161724329586
20
12.37310376493565
10
60.51695713328536
20
12.38883457357963
10
60.5243046223286
20
12.403733807467688
10
60.533533992850835
20
12.417546536577333
10
60.544487327764045
20
12.430036421283603
10
60.55697721247043
20
12.440989756196586
10
60.57078994157996
20
12.450219126718935
10
60.58568917546813
20
12.457566615762175
10
60.601419984112
20
12.46290650575179
10
60.61771320901448
20
12.466147429689386
10
60.634290068580185
20
12.467233934467913
10
62.889814579629274
20
12.467233934467913
10
62.90639143919498
20
12.466147429689386
10
62.92268466409746
20
12.46290650575179
10
62.938415472741326
20
12.457566615762175
10
62.9533147066295
20
12.450219126718935
10
62.96712743573903
20
12.440989756196586
10
62.97961732044541
20
12.430036421283603
10
62.9905706553584
20
12.417546536577333
10
62.99980002588063
20
12.403733807467688
10
63.00714751492387
20
12.38883457357963
10
63.0124874049136
20
12.37310376493565
10
63.01572832885131
20
12.356810540033052
10
63.016814833629724
20
12.340233680467463
10
63.016814833629724
20
10.249809499619118
10
63.01572832885131
20
10.233232640053416
10
63.0124874049136
20
10.216939415150932
10
63.00714751492387
20
10.201208606506839
10
62.99980002588063
20
10.18630937261878
10
62.9905706553584
20
10.172496643509248
10
62.97961732044541
20
10.160006758802865
10
62.96712743573903
20
10.149053423889995
10
62.9533147066295
20
10.139824053367647
10
62.938415472741326
20
10.132476564324293
10
62.92268466409746
20
10.127136674334679
10
62.90639143919498
20
10.123895750397082
10
62.889814579629274
20
10.122809245618555
10
62.87323772006357
20
10.123895750397082
10
62.85694449516109
20
10.127136674334679
10
62.84121368651722
20
10.132476564324293
10
62.82631445262905
20
10.139824053367647
10
62.81250172351952
20
10.149053423889995
10
62.800011838813134
20
10.160006758802865
10
62.78905850389992
20
10.172496643509248
10
62.77982913337769
20
10.18630937261878
10
62.77248164433445
20
10.201208606506839
10
62.76714175434495
20
10.216939415150932
10
62.76390083040724
20
10.233232640053416
10
62.762814325628824
20
10.249809499619118
10
62.762814325628824
20
12.2132334264669
10
60.761290322580635
20
12.2132334264669
10
60.761290322580635
20
10.249809499619118
10
60.76020381780222
20
10.233232640053416
10
60.75696289386451
20
10.216939415150932
10
60.75162300387501
20
10.201208606506839
10
60.74427551483154
20
10.18630937261878
10
60.73504614430931
20
10.172496643509248
10
60.724092809396325
20
10.160006758802865
10
60.71160292468994
20
10.149053423889995
10
60.69779019558041
20
10.139824053367647
10
60.68289096169224
20
10.132476564324293
10
60.66716015304837
20
10.127136674334679
10
60.65086692814589
20
10.123895750397082
10
60.634290068580185
20
10.122809245618555
10
60.61771320901448
20
10.123895750397082
10
60.601419984112
20
10.127136674334679
10
60.58568917546813
20
10.132476564324293
10
60.57078994157996
20
10.139824053367647
10
60.55697721247043
20
10.149053423889995
10
60.544487327764045
20
10.160006758802865
10
60.533533992850835
20
10.172496643509248
10
60.5243046223286
20
10.18630937261878
10
60.51695713328536
20
10.201208606506839
10
60.51161724329586
20
10.216939415150932
10
60.50837631935815
20
10.233232640053416
10
60.507289814579735
20
10.249809499619118
97
1
330

75
0
76
1
47
0.4128176842155181
98
1
10
34.90568961886538
20
22.81183545379326
450
0
451
0
460
0
461
0
452
1
462
1
453
2
463
0
63
5
421
255
463
1
63
7
421
16777215
470
LINEAR
1001
ACAD
1010
0
1020
0
1030
0
0
HATCH
5
bfd
100
AcDbEntity
8
Document
100
AcDbHatch
10
0
20
0
30
0
210
0
220
0
230
1
2
SOLID
70
1
71
0
91
1
92
7
72
0
73
1
93
9
10
66.4121666243334
20
10.250977901955821
10
66.4121666243334
20
11.350977901955844
10
65.91216662433317
20
11.350977901955844
10
65.91216662433317
20
11.350977901955844
10
66.71216662433335
20
12.150977901955798
10
66.81216662433326
20
12.150977901955798
10
67.61216662433321
20
11.350977901955844
10
67.11216662433321
20
11.350977901955844
10
67.11216662433321
20
10.250977901955821
97
1
330

75
0
76
1
47
0.4128176842155181
98
1
10
34.90568961886538
20
22.81183545379326
450
0
451
0
460
0
461
0
452
1
462
1
453
2
463
0
63
5
421
255
463
1
63
7
421
16777215
470
LINEAR
1001
ACAD
1010
0
1020
0
1030
0
0
HATCH
5
bff
100
AcDbEntity
8
Document
100
AcDbHatch
10
0
20
0
30
0
210
0
220
0
230
1
2
SOLID
70
1
71
0
91
1
92
7
72
0
73
1
93
79
10
65.50728981457974
20
10.249809499619118
10
65.50728981457974
20
12.340233680467463
10
65.50837631935815
20
12.356810540033052
10
65.51161724329586
20
12.37310376493565
10
65.51695713328559
20
12.38883457357963
10
65.52430462232883
20
12.403733807467688
10
65.53353399285106
20
12.417546536577333
10
65.54448732776405
20
12.430036421283603
10
65.55697721247043
20
12.440989756196586
10
65.57078994157996
20
12.450219126718935
10
65.58568917546813
20
12.457566615762175
10
65.601419984112
20
12.46290650575179
10
65.61771320901448
20
12.466147429689386
10
65.63429006858019
20
12.467233934467913
10
67.88981457962905
20
12.467233934467913
10
67.90639143919475
20
12.466147429689386
10
67.92268466409723
20
12.46290650575179
10
67.9384154727411
20
12.457566615762175
10
67.95331470662927
20
12.450219126718935
10
67.9671274357388
20
12.440989756196586
10
67.97961732044519
20
12.430036421283603
10
67.9905706553584
20
12.417546536577333
10
67.99980002588063
20
12.403733807467688
10
68.00714751492387
20
12.38883457357963
10
68.01248740491337
20
12.37310376493565
10
68.01572832885108
20
12.356810540033052
10
68.0168148336295
20
12.340233680467463
10
68.0168148336295
20
10.249809499619118
10
68.01572832885108
20
10.233232640053416
10
68.01248740491337
20
10.216939415150932
10
68.00714751492387
20
10.201208606506839
10
67.99980002588063
20
10.18630937261878
10
67.9905706553584
20
10.172496643509248
10
67.97961732044519
20
10.160006758802865
10
67.9671274357388
20
10.149053423889995
10
67.95331470662927
20
10.139824053367647
10
67.9384154727411
20
10.132476564324293
10
67.92268466409723
20
10.127136674334679
10
67.90639143919475
20
10.123895750397082
10
67.88981457962905
20
10.122809245618555
10
67.87323772006334
20
10.123895750397082
10
67.85694449516086
20
10.127136674334679
10
67.841213686517
20
10.132476564324293
10
67.82631445262882
20
10.139824053367647
10
67.81250172351929
20
10.149053423889995
10
67.8000118388129
20
10.160006758802865
10
67.78905850389992
20
10.172496643509248
10
67.77982913337769
20
10.18630937261878
10
67.77248164433445
20
10.201208606506839
10
67.76714175434472
20
10.216939415150932
10
67.76390083040701
20
10.233232640053416
10
67.7628143256286
20
10.249809499619118
10
67.7628143256286
20
12.2132334264669
10
65.76129032258086
20
12.2132334264669
10
65.76129032258086
20
10.249809499619118
10
65.76020381780222
20
10.233232640053416
10
65.75696289386474
20
10.216939415150932
10
65.75162300387501
20
10.201208606506839
10
65.74427551483177
20
10.18630937261878
10
65.73504614430954
20
10.172496643509248
10
65.72409280939655
20
10.160006758802865
10
65.71160292468994
20
10.149053423889995
10
65.69779019558064
20
10.139824053367647
10
65.68289096169246
20
10.132476564324293
10
65.66716015304837
20
10.127136674334679
10
65.65086692814612
20
10.123895750397082
10
65.63429006858019
20
10.122809245618555
10
65.61771320901448
20
10.123895750397082
10
65.601419984112
20
10.127136674334679
10
65.58568917546813
20
10.132476564324293
10
65.57078994157996
20
10.139824053367647
10
65.55697721247043
20
10.149053423889995
10
65.54448732776405
20
10.160006758802865
10
65.53353399285106
20
10.172496643509248
10
65.52430462232883
20
10.18630937261878
10
65.51695713328559
20
10.201208606506839
10
65.51161724329586
20
10.216939415150932
10
65.50837631935815
20
10.233232640053416
10
65.50728981457974
20
10.249809499619118
97
1
330

75
0
76
1
47
0.4128176842155181
98
1
10
34.90568961886538
20
22.81183545379326
450
0
451
0
460
0
461
0
452
1
462
1
453
2
463
0
63
5
421
255
463
1
63
7
421
16777215
470
LINEAR
1001
ACAD
1010
0
1020
0
1030
0
0
HATCH
5
c01
100
AcDbEntity
8
Document
100
AcDbHatch
10
0
20
0
30
0
210
0
220
0
230
1
2
SOLID
70
1
71
0
91
1
92
7
72
0
73
1
93
9
10
71.41214122428232
20
10.250977901955821
10
71.41214122428232
20
11.350977901955844
10
70.91214122428232
20
11.350977901955844
10
70.91214122428232
20
11.350977901955844
10
71.7121412242825
20
12.150977901955798
10
71.81214122428241
20
12.150977901955798
10
72.61214122428237
20
11.350977901955844
10
72.11214122428237
20
11.350977901955844
10
72.11214122428237
20
10.250977901955821
97
1
330

75
0
76
1
47
0.4128176842155181
98
1
10
34.90568961886538
20
22.81183545379326
450
0
451
0
460
0
461
0
452
1
462
1
453
2
463
0
63
5
421
255
463
1
63
7
421
16777215
470
LINEAR
1001
ACAD
1010
0
1020
0
1030
0
0
HATCH
5
c03
100
AcDbEntity
8
Document
100
AcDbHatch
10
0
20
0
30
0
210
0
220
0
230
1
2
SOLID
70
1
71
0
91
1
92
7
72
0
73
1
93
79
10
70.50734061468142
20
10.249809499619118
10
70.50734061468142
20
12.340233680467463
10
70.50842711945984
20
12.356810540033052
10
70.51166804339755
20
12.37310376493565
10
70.51700793338705
20
12.38883457357963
10
70.52435542243029
20
12.403733807467688
10
70.53358479295252
20
12.417546536577333
10
70.54453812786574
20
12.430036421283603
10
70.55702801257212
20
12.440989756196586
10
70.57084074168165
20
12.450219126718935
10
70.58573997556982
20
12.457566615762175
10
70.60147078421369
20
12.46290650575179
10
70.61776400911617
20
12.466147429689386
10
70.63434086868187
20
12.467233934467913
10
72.88986537973096
20
12.467233934467913
10
72.90644223929667
20
12.466147429689386
10
72.92273546419915
20
12.46290650575179
10
72.93846627284302
20
12.457566615762175
10
72.95336550673119
20
12.450219126718935
10
72.96717823584072
20
12.440989756196586
10
72.9796681205471
20
12.430036421283603
10
72.99062145546009
20
12.417546536577333
10
72.99985082598232
20
12.403733807467688
10
73.00719831502556
20
12.38883457357963
10
73.01253820501529
20
12.37310376493565
10
73.015779128953
20
12.356810540033052
10
73.01686563373141
20
12.340233680467463
10
73.01686563373141
20
10.249809499619118
10
73.015779128953
20
10.233232640053416
10
73.01253820501529
20
10.216939415150932
10
73.00719831502556
20
10.201208606506839
10
72.99985082598232
20
10.18630937261878
10
72.99062145546009
20
10.172496643509248
10
72.9796681205471
20
10.160006758802865
10
72.96717823584072
20
10.149053423889995
10
72.95336550673119
20
10.139824053367647
10
72.93846627284302
20
10.132476564324293
10
72.92273546419915
20
10.127136674334679
10
72.90644223929667
20
10.123895750397082
10
72.88986537973096
20
10.122809245618555
10
72.87328852016526
20
10.123895750397082
10
72.85699529526278
20
10.127136674334679
10
72.84126448661891
20
10.132476564324293
10
72.82636525273074
20
10.139824053367647
10
72.8125525236212
20
10.149053423889995
10
72.80006263891482
20
10.160006758802865
10
72.78910930400161
20
10.172496643509248
10
72.77987993347938
20
10.18630937261878
10
72.77253244443614
20
10.201208606506839
10
72.76719255444664
20
10.216939415150932
10
72.76395163050893
20
10.233232640053416
10
72.76286512573029
20
10.249809499619118
10
72.76286512573029
20
12.2132334264669
10
70.76134112268232
20
12.2132334264669
10
70.76134112268232
20
10.249809499619118
10
70.76025461790391
20
10.233232640053416
10
70.7570136939662
20
10.216939415150932
10
70.7516738039767
20
10.201208606506839
10
70.74432631493323
20
10.18630937261878
10
70.735096944411
20
10.172496643509248
10
70.72414360949801
20
10.160006758802865
10
70.71165372479163
20
10.149053423889995
10
70.6978409956821
20
10.139824053367647
10
70.68294176179393
20
10.132476564324293
10
70.66721095315006
20
10.127136674334679
10
70.65091772824758
20
10.123895750397082
10
70.63434086868187
20
10.122809245618555
10
70.61776400911617
20
10.123895750397082
10
70.60147078421369
20
10.127136674334679
10
70.58573997556982
20
10.132476564324293
10
70.57084074168165
20
10.139824053367647
10
70.55702801257212
20
10.149053423889995
10
70.54453812786574
20
10.160006758802865
10
70.53358479295252
20
10.172496643509248
10
70.52435542243029
20
10.18630937261878
10
70.51700793338705
20
10.201208606506839
10
70.51166804339755
20
10.216939415150932
10
70.50842711945984
20
10.233232640053416
10
70.50734061468142
20
10.249809499619118
97
1
330

75
0
76
1
47
0.4128176842155181
98
1
10
34.90568961886538
20
22.81183545379326
450
0
451
0
460
0
461
0
452
1
462
1
453
2
463
0
63
5
421
255
463
1
63
7
421
16777215
470
LINEAR
1001
ACAD
1010
0
1020
0
1030
0
0
HATCH
5
c05
100
AcDbEntity
8
Document
100
AcDbHatch
10
0
20
0
30
0
210
0
220
0
230
1
2
SOLID
70
1
71
0
91
1
92
7
72
0
73
1
93
9
10
76.41214122428255
20
10.250977901955821
10
76.41214122428255
20
11.350977901955844
10
75.91214122428255
20
11.350977901955844
10
75.91214122428255
20
11.350977901955844
10
76.7121412242825
20
12.150977901955798
10
76.81214122428241
20
12.150977901955798
10
77.6121412242826
20
11.350977901955844
10
77.1121412242826
20
11.350977901955844
10
77.1121412242826
20
10.250977901955821
97
1
330

75
0
76
1
47
0.4128176842155181
98
1
10
34.90568961886538
20
22.81183545379326
450
0
451
0
460
0
461
0
452
1
462
1
453
2
463
0
63
5
421
255
463
1
63
7
421
16777215
470
LINEAR
1001
ACAD
1010
0
1020
0
1030
0
0
HATCH
5
c07
100
AcDbEntity
8
Document
100
AcDbHatch
10
0
20
0
30
0
210
0
220
0
230
1
2
SOLID
70
1
71
0
91
1
92
7
72
0
73
1
93
79
10
75.50731521463035
20
10.249809499619118
10
75.50731521463035
20
12.340233680467463
10
75.50840171940877
20
12.356810540033052
10
75.51164264334648
20
12.37310376493565
10
75.5169825333362
20
12.38883457357963
10
75.52433002237944
20
12.403733807467688
10
75.53355939290168
20
12.417546536577333
10
75.54451272781466
20
12.430036421283603
10
75.55700261252105
20
12.440989756196586
10
75.57081534163058
20
12.450219126718935
10
75.58571457551875
20
12.457566615762175
10
75.60144538416262
20
12.46290650575179
10
75.6177386090651
20
12.466147429689386
10
75.6343154686308
20
12.467233934467913
10
77.88983997967989
20
12.467233934467913
10
77.9064168392456
20
12.466147429689386
10
77.92271006414808
20
12.46290650575179
10
77.93844087279194
20
12.457566615762175
10
77.95334010668012
20
12.450219126718935
10
77.96715283578965
20
12.440989756196586
10
77.97964272049603
20
12.430036421283603
10
77.99059605540924
20
12.417546536577333
10
77.99982542593148
20
12.403733807467688
10
78.00717291497472
20
12.38883457357963
10
78.01251280496422
20
12.37310376493565
10
78.01575372890193
20
12.356810540033052
10
78.01684023368034
20
12.340233680467463
10
78.01684023368034
20
10.249809499619118
10
78.01575372890193
20
10.233232640053416
10
78.01251280496422
20
10.216939415150932
10
78.00717291497472
20
10.201208606506839
10
77.99982542593148
20
10.18630937261878
10
77.99059605540924
20
10.172496643509248
10
77.97964272049603
20
10.160006758802865
10
77.96715283578965
20
10.149053423889995
10
77.95334010668012
20
10.139824053367647
10
77.93844087279194
20
10.132476564324293
10
77.92271006414808
20
10.127136674334679
10
77.9064168392456
20
10.123895750397082
10
77.88983997967989
20
10.122809245618555
10
77.87326312011419
20
10.123895750397082
10
77.8569698952117
20
10.127136674334679
10
77.84123908656784
20
10.132476564324293
10
77.82633985267967
20
10.139824053367647
10
77.81252712357013
20
10.149053423889995
10
77.80003723886375
20
10.160006758802865
10
77.78908390395077
20
10.172496643509248
10
77.77985453342853
20
10.18630937261878
10
77.77250704438507
20
10.201208606506839
10
77.76716715439557
20
10.216939415150932
10
77.76392623045786
20
10.233232640053416
10
77.76283972567944
20
10.249809499619118
10
77.76283972567944
20
12.2132334264669
10
75.76131572263148
20
12.2132334264669
10
75.76131572263148
20
10.249809499619118
10
75.76022921785284
20
10.233232640053416
10
75.75698829391513
20
10.216939415150932
10
75.75164840392563
20
10.201208606506839
10
75.74430091488239
20
10.18630937261878
10
75.73507154436015
20
10.172496643509248
10
75.72411820944717
20
10.160006758802865
10
75.71162832474056
20
10.149053423889995
10
75.69781559563103
20
10.139824053367647
10
75.68291636174285
20
10.132476564324293
10
75.66718555309899
20
10.127136674334679
10
75.65089232819673
20
10.123895750397082
10
75.6343154686308
20
10.122809245618555
10
75.6177386090651
20
10.123895750397082
10
75.60144538416262
20
10.127136674334679
10
75.58571457551875
20
10.132476564324293
10
75.57081534163058
20
10.139824053367647
10
75.55700261252105
20
10.149053423889995
10
75.54451272781466
20
10.160006758802865
10
75.53355939290168
20
10.172496643509248
10
75.52433002237944
20
10.18630937261878
10
75.5169825333362
20
10.201208606506839
10
75.51164264334648
20
10.216939415150932
10
75.50840171940877
20
10.233232640053416
10
75.50731521463035
20
10.249809499619118
97
1
330

75
0
76
1
47
0.4128176842155181
98
1
10
34.90568961886538
20
22.81183545379326
450
0
451
0
460
0
461
0
452
1
462
1
453
2
463
0
63
5
421
255
463
1
63
7
421
16777215
470
LINEAR
1001
ACAD
1010
0
1020
0
1030
0
0
HATCH
5
c09
100
AcDbEntity
8
Document
100
AcDbHatch
10
0
20
0
30
0
210
0
220
0
230
1
2
SOLID
70
1
71
0
91
1
92
7
72
0
73
1
93
9
10
81.41209042418086
20
10.250977901955821
10
81.41209042418086
20
11.350977901955844
10
80.91209042418086
20
11.350977901955844
10
80.91209042418086
20
11.350977901955844
10
81.71209042418081
20
12.150977901955798
10
81.81209042418072
20
12.150977901955798
10
82.6120904241809
20
11.350977901955844
10
82.1120904241809
20
11.350977901955844
10
82.1120904241809
20
10.250977901955821
97
1
330

75
0
76
1
47
0.4128176842155181
98
1
10
34.90568961886538
20
22.81183545379326
450
0
451
0
460
0
461
0
452
1
462
1
453
2
463
0
63
5
421
255
463
1
63
7
421
16777215
470
LINEAR
1001
ACAD
1010
0
1020
0
1030
0
0
HATCH
5
c0b
100
AcDbEntity
8
Document
100
AcDbHatch
10
0
20
0
30
0
210
0
220
0
230
1
2
SOLID
70
1
71
0
91
1
92
7
72
0
73
1
93
79
10
80.50728981457951
20
10.249809499619118
10
80.50728981457951
20
12.340233680467463
10
80.50837631935815
20
12.356810540033052
10
80.51161724329586
20
12.37310376493565
10
80.51695713328536
20
12.38883457357963
10
80.5243046223286
20
12.403733807467688
10
80.53353399285083
20
12.417546536577333
10
80.54448732776405
20
12.430036421283603
10
80.55697721247043
20
12.440989756196586
10
80.57078994157996
20
12.450219126718935
10
80.58568917546813
20
12.457566615762175
10
80.601419984112
20
12.46290650575179
10
80.61771320901448
20
12.466147429689386
10
80.63429006858019
20
12.467233934467913
10
82.88981457962927
20
12.467233934467913
10
82.90639143919498
20
12.466147429689386
10
82.92268466409746
20
12.46290650575179
10
82.93841547274133
20
12.457566615762175
10
82.9533147066295
20
12.450219126718935
10
82.96712743573903
20
12.440989756196586
10
82.97961732044541
20
12.430036421283603
10
82.9905706553584
20
12.417546536577333
10
82.99980002588063
20
12.403733807467688
10
83.00714751492387
20
12.38883457357963
10
83.0124874049136
20
12.37310376493565
10
83.01572832885131
20
12.356810540033052
10
83.01681483362972
20
12.340233680467463
10
83.01681483362972
20
10.249809499619118
10
83.01572832885131
20
10.233232640053416
10
83.0124874049136
20
10.216939415150932
10
83.00714751492387
20
10.201208606506839
10
82.99980002588063
20
10.18630937261878
10
82.9905706553584
20
10.172496643509248
10
82.97961732044541
20
10.160006758802865
10
82.96712743573903
20
10.149053423889995
10
82.9533147066295
20
10.139824053367647
10
82.93841547274133
20
10.132476564324293
10
82.92268466409746
20
10.127136674334679
10
82.90639143919498
20
10.123895750397082
10
82.88981457962927
20
10.122809245618555
10
82.87323772006334
20
10.123895750397082
10
82.85694449516109
20
10.127136674334679
10
82.841213686517
20
10.132476564324293
10
82.82631445262882
20
10.139824053367647
10
82.81250172351952
20
10.149053423889995
10
82.8000118388129
20
10.160006758802865
10
82.78905850389992
20
10.172496643509248
10
82.77982913337769
20
10.18630937261878
10
82.77248164433445
20
10.201208606506839
10
82.76714175434472
20
10.216939415150932
10
82.76390083040701
20
10.233232640053416
10
82.7628143256286
20
10.249809499619118
10
82.7628143256286
20
12.2132334264669
10
80.76129032258063
20
12.2132334264669
10
80.76129032258063
20
10.249809499619118
10
80.76020381780222
20
10.233232640053416
10
80.75696289386451
20
10.216939415150932
10
80.75162300387478
20
10.201208606506839
10
80.74427551483154
20
10.18630937261878
10
80.73504614430931
20
10.172496643509248
10
80.72409280939632
20
10.160006758802865
10
80.71160292468994
20
10.149053423889995
10
80.69779019558041
20
10.139824053367647
10
80.68289096169224
20
10.132476564324293
10
80.66716015304837
20
10.127136674334679
10
80.65086692814589
20
10.123895750397082
10
80.63429006858019
20
10.122809245618555
10
80.61771320901448
20
10.123895750397082
10
80.601419984112
20
10.127136674334679
10
80.58568917546813
20
10.132476564324293
10
80.57078994157996
20
10.139824053367647
10
80.55697721247043
20
10.149053423889995
10
80.54448732776405
20
10.160006758802865
10
80.53353399285083
20
10.172496643509248
10
80.5243046223286
20
10.18630937261878
10
80.51695713328536
20
10.201208606506839
10
80.51161724329586
20
10.216939415150932
10
80.50837631935815
20
10.233232640053416
10
80.50728981457951
20
10.249809499619118
97
1
330

75
0
76
1
47
0.4128176842155181
98
1
10
34.90568961886538
20
22.81183545379326
450
0
451
0
460
0
461
0
452
1
462
1
453
2
463
0
63
5
421
255
463
1
63
7
421
16777215
470
LINEAR
1001
ACAD
1010
0
1020
0
1030
0
0
HATCH
5
c0d
100
AcDbEntity
8
TopSilkLayer
100
AcDbHatch
10
0
20
0
30
0
210
0
220
0
230
1
2
SOLID
70
1
71
0
91
1
92
7
72
0
73
1
93
9
10
46.41216662433317
20
10.251079502158973
10
46.41216662433317
20
11.351079502158996
10
45.91216662433317
20
11.351079502158996
10
45.91216662433317
20
11.351079502158996
10
46.71216662433335
20
12.151079502159064
10
46.81216662433326
20
12.151079502159064
10
47.61216662433321
20
11.351079502158996
10
47.11216662433321
20
11.351079502158996
10
47.11216662433321
20
10.251079502158973
97
1
330

75
0
76
1
47
0.4128176842155181
98
1
10
34.90568961886538
20
22.81183545379326
450
0
451
0
460
0
461
0
452
1
462
1
453
2
463
0
63
5
421
255
463
1
63
7
421
16777215
470
LINEAR
1001
ACAD
1010
0
1020
0
1030
0
0
HATCH
5
c0f
100
AcDbEntity
8
TopSilkLayer
100
AcDbHatch
10
0
20
0
30
0
210
0
220
0
230
1
2
SOLID
70
1
71
0
91
1
92
7
72
0
73
1
93
9
10
51.412166624333395
20
10.250977901955821
10
51.412166624333395
20
11.350977901955844
10
50.912166624333395
20
11.350977901955844
10
50.912166624333395
20
11.350977901955844
10
51.71216662433335
20
12.150977901955798
10
51.81216662433326
20
12.150977901955798
10
52.61216662433344
20
11.350977901955844
10
52.11216662433344
20
11.350977901955844
10
52.11216662433344
20
10.250977901955821
97
1
330

75
0
76
1
47
0.4128176842155181
98
1
10
34.90568961886538
20
22.81183545379326
450
0
451
0
460
0
461
0
452
1
462
1
453
2
463
0
63
5
421
255
463
1
63
7
421
16777215
470
LINEAR
1001
ACAD
1010
0
1020
0
1030
0
0
HATCH
5
c11
100
AcDbEntity
8
TopSilkLayer
100
AcDbHatch
10
0
20
0
30
0
210
0
220
0
230
1
2
SOLID
70
1
71
0
91
1
92
7
72
0
73
1
93
9
10
56.41216662433317
20
10.261214122428328
10
56.41216662433317
20
11.361214122428237
10
55.91216662433317
20
11.361214122428237
10
55.91216662433317
20
11.361214122428237
10
56.71216662433335
20
12.161214122428305
10
56.81216662433326
20
12.161214122428305
10
57.61216662433321
20
11.361214122428237
10
57.11216662433321
20
11.361214122428237
10
57.11216662433321
20
10.261214122428328
97
1
330

75
0
76
1
47
0.4128176842155181
98
1
10
34.90568961886538
20
22.81183545379326
450
0
451
0
460
0
461
0
452
1
462
1
453
2
463
0
63
5
421
255
463
1
63
7
421
16777215
470
LINEAR
1001
ACAD
1010
0
1020
0
1030
0
0
HATCH
5
c13
100
AcDbEntity
8
TopSilkLayer
100
AcDbHatch
10
0
20
0
30
0
210
0
220
0
230
1
2
SOLID
70
1
71
0
91
1
92
7
72
0
73
1
93
9
10
61.41214122428232
20
10.250977901955821
10
61.41214122428232
20
11.350977901955844
10
60.91214122428255
20
11.350977901955844
10
60.91214122428255
20
11.350977901955844
10
61.71214122428228
20
12.150977901955798
10
61.81214122428241
20
12.150977901955798
10
62.61214122428237
20
11.350977901955844
10
62.11214122428237
20
11.350977901955844
10
62.11214122428237
20
10.250977901955821
97
1
330

75
0
76
1
47
0.4128176842155181
98
1
10
34.90568961886538
20
22.81183545379326
450
0
451
0
460
0
461
0
452
1
462
1
453
2
463
0
63
5
421
255
463
1
63
7
421
16777215
470
LINEAR
1001
ACAD
1010
0
1020
0
1030
0
0
HATCH
5
c15
100
AcDbEntity
8
TopSilkLayer
100
AcDbHatch
10
0
20
0
30
0
210
0
220
0
230
1
2
SOLID
70
1
71
0
91
1
92
7
72
0
73
1
93
9
10
66.4121666243334
20
10.250977901955821
10
66.4121666243334
20
11.350977901955844
10
65.91216662433317
20
11.350977901955844
10
65.91216662433317
20
11.350977901955844
10
66.71216662433335
20
12.150977901955798
10
66.81216662433326
20
12.150977901955798
10
67.61216662433321
20
11.350977901955844
10
67.11216662433321
20
11.350977901955844
10
67.11216662433321
20
10.250977901955821
97
1
330

75
0
76
1
47
0.4128176842155181
98
1
10
34.90568961886538
20
22.81183545379326
450
0
451
0
460
0
461
0
452
1
462
1
453
2
463
0
63
5
421
255
463
1
63
7
421
16777215
470
LINEAR
1001
ACAD
1010
0
1020
0
1030
0
0
HATCH
5
c17
100
AcDbEntity
8
TopSilkLayer
100
AcDbHatch
10
0
20
0
30
0
210
0
220
0
230
1
2
SOLID
70
1
71
0
91
1
92
7
72
0
73
1
93
9
10
71.41214122428232
20
10.250977901955821
10
71.41214122428232
20
11.350977901955844
10
70.91214122428232
20
11.350977901955844
10
70.91214122428232
20
11.350977901955844
10
71.7121412242825
20
12.150977901955798
10
71.81214122428241
20
12.150977901955798
10
72.61214122428237
20
11.350977901955844
10
72.11214122428237
20
11.350977901955844
10
72.11214122428237
20
10.250977901955821
97
1
330

75
0
76
1
47
0.4128176842155181
98
1
10
34.90568961886538
20
22.81183545379326
450
0
451
0
460
0
461
0
452
1
462
1
453
2
463
0
63
5
421
255
463
1
63
7
421
16777215
470
LINEAR
1001
ACAD
1010
0
1020
0
1030
0
0
HATCH
5
c19
100
AcDbEntity
8
TopSilkLayer
100
AcDbHatch
10
0
20
0
30
0
210
0
220
0
230
1
2
SOLID
70
1
71
0
91
1
92
7
72
0
73
1
93
9
10
76.41214122428255
20
10.250977901955821
10
76.41214122428255
20
11.350977901955844
10
75.91214122428255
20
11.350977901955844
10
75.91214122428255
20
11.350977901955844
10
76.7121412242825
20
12.150977901955798
10
76.81214122428241
20
12.150977901955798
10
77.6121412242826
20
11.350977901955844
10
77.1121412242826
20
11.350977901955844
10
77.1121412242826
20
10.250977901955821
97
1
330

75
0
76
1
47
0.4128176842155181
98
1
10
34.90568961886538
20
22.81183545379326
450
0
451
0
460
0
461
0
452
1
462
1
453
2
463
0
63
5
421
255
463
1
63
7
421
16777215
470
LINEAR
1001
ACAD
1010
0
1020
0
1030
0
0
HATCH
5
c1b
100
AcDbEntity
8
TopSilkLayer
100
AcDbHatch
10
0
20
0
30
0
210
0
220
0
230
1
2
SOLID
70
1
71
0
91
1
92
7
72
0
73
1
93
9
10
81.41209042418086
20
10.250977901955821
10
81.41209042418086
20
11.350977901955844
10
80.91209042418086
20
11.350977901955844
10
80.91209042418086
20
11.350977901955844
10
81.71209042418081
20
12.150977901955798
10
81.81209042418072
20
12.150977901955798
10
82.6120904241809
20
11.350977901955844
10
82.1120904241809
20
11.350977901955844
10
82.1120904241809
20
10.250977901955821
97
1
330

75
0
76
1
47
0.4128176842155181
98
1
10
34.90568961886538
20
22.81183545379326
450
0
451
0
460
0
461
0
452
1
462
1
453
2
463
0
63
5
421
255
463
1
63
7
421
16777215
470
LINEAR
1001
ACAD
1010
0
1020
0
1030
0
0
HATCH
5
c1d
100
AcDbEntity
8
Document
100
AcDbHatch
10
0
20
0
30
0
210
0
220
0
230
1
2
SOLID
70
1
71
0
91
1
92
7
72
0
73
1
93
79
10
2.675260350520716
20
10.24991109982227
10
2.675260350520716
20
12.340335280670615
10
2.6763468552992435
20
12.356912140236204
10
2.67958777923684
20
12.373205365138801
10
2.684927669226454
20
12.388936173782781
10
2.6922751582696947
20
12.40383540767084
10
2.701504528792043
20
12.417648136780485
10
2.7124578637050263
20
12.430138021486755
10
2.724947748411296
20
12.441091356399738
10
2.738760477520941
20
12.450320726922087
10
2.753659711409
20
12.457668215965327
10
2.76939052005298
20
12.463008105954941
10
2.785683744955577
20
12.466249029892538
10
2.802260604521166
20
12.467335534671065
10
5.057785115570141
20
12.467335534671065
10
5.074361975135844
20
12.466249029892538
10
5.090655200038327
20
12.463008105954941
10
5.106386008682421
20
12.457668215965327
10
5.121285242570366
20
12.450320726922087
10
5.135097971680125
20
12.441091356399738
10
5.147587856386508
20
12.430138021486755
10
5.158541191299264
20
12.417648136780485
10
5.167770561821726
20
12.40383540767084
10
5.175118050864967
20
12.388936173782781
10
5.180457940854694
20
12.373205365138801
10
5.183698864792177
20
12.356912140236204
10
5.184785369570818
20
12.340335280670615
10
5.184785369570818
20
10.24991109982227
10
5.183698864792177
20
10.233334240256568
10
5.180457940854694
20
10.217041015354084
10
5.175118050864967
20
10.20131020670999
10
5.167770561821726
20
10.186410972821932
10
5.158541191299264
20
10.1725982437124
10
5.147587856386508
20
10.160108359006017
10
5.135097971680125
20
10.149155024093147
10
5.121285242570366
20
10.1399256535708
10
5.106386008682421
20
10.132578164527445
10
5.090655200038327
20
10.12723827453783
10
5.074361975135844
20
10.123997350600348
10
5.057785115570141
20
10.122910845821707
10
5.041208256004666
20
10.123997350600348
10
5.024915031101955
20
10.12723827453783
10
5.009184222458089
20
10.132578164527445
10
4.994284988569916
20
10.1399256535708
10
4.9804722594603845
20
10.149155024093147
10
4.967982374754001
20
10.160108359006017
10
4.957029039841018
20
10.1725982437124
10
4.947799669318783
20
10.186410972821932
10
4.940452180275543
20
10.20131020670999
10
4.935112290285815
20
10.217041015354084
10
4.931871366348332
20
10.233334240256568
10
4.930784861569691
20
10.24991109982227
10
4.930784861569691
20
12.213335026670052
10
2.9292608585217295
20
12.213335026670052
10
2.9292608585217295
20
10.24991109982227
10
2.9281743537430884
20
10.233334240256568
10
2.9249334298056056
20
10.217041015354084
10
2.919593539815878
20
10.20131020670999
10
2.9122460507726373
20
10.186410972821932
10
2.903016680250289
20
10.1725982437124
10
2.8920633453374194
20
10.160108359006017
10
2.879573460631036
20
10.149155024093147
10
2.865760731521391
20
10.1399256535708
10
2.850861497633332
20
10.132578164527445
10
2.835130688989352
20
10.12723827453783
10
2.818837464086755
20
10.123997350600348
10
2.802260604521166
20
10.122910845821707
10
2.785683744955577
20
10.123997350600348
10
2.76939052005298
20
10.12723827453783
10
2.753659711409
20
10.132578164527445
10
2.738760477520941
20
10.1399256535708
10
2.724947748411296
20
10.149155024093147
10
2.7124578637050263
20
10.160108359006017
10
2.701504528792043
20
10.1725982437124
10
2.6922751582696947
20
10.186410972821932
10
2.684927669226454
20
10.20131020670999
10
2.67958777923684
20
10.217041015354084
10
2.6763468552992435
20
10.233334240256568
10
2.675260350520716
20
10.24991109982227
97
1
330

75
0
76
1
47
0.4128176842155181
98
1
10
34.90568961886538
20
22.81183545379326
450
0
451
0
460
0
461
0
452
1
462
1
453
2
463
0
63
5
421
255
463
1
63
7
421
16777215
470
LINEAR
1001
ACAD
1010
0
1020
0
1030
0
0
HATCH
5
c1f
100
AcDbEntity
8
Document
100
AcDbHatch
10
0
20
0
30
0
210
0
220
0
230
1
2
SOLID
70
1
71
0
91
1
92
7
72
0
73
1
93
9
10
3.580060960121955
20
10.251079502158973
10
3.580060960121955
20
11.351079502158996
10
3.080060960121955
20
11.351079502158996
10
3.080060960121955
20
11.351079502158996
10
3.8800609601219094
20
12.151079502159064
10
3.9800609601218184
20
12.151079502159064
10
4.780060960122
20
11.351079502158996
10
4.280060960122
20
11.351079502158996
10
4.280060960122
20
10.251079502158973
97
1
330

75
0
76
1
47
0.4128176842155181
98
1
10
34.90568961886538
20
22.81183545379326
450
0
451
0
460
0
461
0
452
1
462
1
453
2
463
0
63
5
421
255
463
1
63
7
421
16777215
470
LINEAR
1001
ACAD
1010
0
1020
0
1030
0
0
HATCH
5
c21
100
AcDbEntity
8
Document
100
AcDbHatch
10
0
20
0
30
0
210
0
220
0
230
1
2
SOLID
70
1
71
0
91
1
92
7
72
0
73
1
93
9
10
8.580060960121955
20
10.250977901955821
10
8.580060960121955
20
11.350977901955844
10
8.080060960121955
20
11.350977901955844
10
8.080060960121955
20
11.350977901955844
10
8.88006096012191
20
12.150977901955798
10
8.980060960121818
20
12.150977901955798
10
9.780060960122
20
11.350977901955844
10
9.280060960122
20
11.350977901955844
10
9.280060960122
20
10.250977901955821
97
1
330

75
0
76
1
47
0.4128176842155181
98
1
10
34.90568961886538
20
22.81183545379326
450
0
451
0
460
0
461
0
452
1
462
1
453
2
463
0
63
5
421
255
463
1
63
7
421
16777215
470
LINEAR
1001
ACAD
1010
0
1020
0
1030
0
0
HATCH
5
c23
100
AcDbEntity
8
Document
100
AcDbHatch
10
0
20
0
30
0
210
0
220
0
230
1
2
SOLID
70
1
71
0
91
1
92
7
72
0
73
1
93
79
10
7.67526035052083
20
10.249809499619118
10
7.67526035052083
20
12.340233680467463
10
7.6763468552992435
20
12.356810540033052
10
7.679587779236954
20
12.37310376493565
10
7.684927669226454
20
12.38883457357963
10
7.692275158269695
20
12.403733807467688
10
7.701504528792157
20
12.417546536577333
10
7.71245786370514
20
12.430036421283603
10
7.724947748411523
20
12.440989756196586
10
7.738760477521055
20
12.450219126718935
10
7.753659711409
20
12.457566615762175
10
7.7693905200530935
20
12.46290650575179
10
7.785683744955577
20
12.466147429689386
10
7.80226060452128
20
12.467233934467913
10
10.057785115570141
20
12.467233934467913
10
10.074361975135844
20
12.466147429689386
10
10.090655200038327
20
12.46290650575179
10
10.10638600868242
20
12.457566615762175
10
10.121285242570366
20
12.450219126718935
10
10.135097971680125
20
12.440989756196586
10
10.147587856386508
20
12.430036421283603
10
10.158541191299264
20
12.417546536577333
10
10.167770561821726
20
12.403733807467688
10
10.175118050864967
20
12.38883457357963
10
10.180457940854467
20
12.37310376493565
10
10.183698864792177
20
12.356810540033052
10
10.184785369570818
20
12.340233680467463
10
10.184785369570818
20
10.249809499619118
10
10.183698864792177
20
10.233232640053416
10
10.180457940854467
20
10.216939415150932
10
10.175118050864967
20
10.201208606506839
10
10.167770561821726
20
10.18630937261878
10
10.158541191299264
20
10.172496643509248
10
10.147587856386508
20
10.160006758802865
10
10.135097971680125
20
10.149053423889995
10
10.121285242570366
20
10.139824053367647
10
10.10638600868242
20
10.132476564324293
10
10.090655200038327
20
10.127136674334679
10
10.074361975135844
20
10.123895750397082
10
10.057785115570141
20
10.122809245618555
10
10.041208256004666
20
10.123895750397082
10
10.024915031101955
20
10.127136674334679
10
10.009184222458089
20
10.132476564324293
10
9.994284988569916
20
10.139824053367647
10
9.980472259460385
20
10.149053423889995
10
9.967982374754001
20
10.160006758802865
10
9.957029039841018
20
10.172496643509248
10
9.947799669318783
20
10.18630937261878
10
9.940452180275543
20
10.201208606506839
10
9.935112290285815
20
10.216939415150932
10
9.931871366348332
20
10.233232640053416
10
9.930784861569691
20
10.249809499619118
10
9.930784861569691
20
12.2132334264669
10
7.9292608585217295
20
12.2132334264669
10
7.9292608585217295
20
10.249809499619118
10
7.928174353743316
20
10.233232640053416
10
7.9249334298056056
20
10.216939415150932
10
7.9195935398161055
20
10.201208606506839
10
7.912246050772637
20
10.18630937261878
10
7.903016680250403
20
10.172496643509248
10
7.892063345337419
20
10.160006758802865
10
7.879573460631036
20
10.149053423889995
10
7.865760731521505
20
10.139824053367647
10
7.850861497633559
20
10.132476564324293
10
7.835130688989466
20
10.127136674334679
10
7.818837464086982
20
10.123895750397082
10
7.80226060452128
20
10.122809245618555
10
7.785683744955577
20
10.123895750397082
10
7.7693905200530935
20
10.127136674334679
10
7.753659711409
20
10.132476564324293
10
7.738760477521055
20
10.139824053367647
10
7.724947748411523
20
10.149053423889995
10
7.71245786370514
20
10.160006758802865
10
7.701504528792157
20
10.172496643509248
10
7.692275158269695
20
10.18630937261878
10
7.684927669226454
20
10.201208606506839
10
7.679587779236954
20
10.216939415150932
10
7.6763468552992435
20
10.233232640053416
10
7.67526035052083
20
10.249809499619118
97
1
330

75
0
76
1
47
0.4128176842155181
98
1
10
34.90568961886538
20
22.81183545379326
450
0
451
0
460
0
461
0
452
1
462
1
453
2
463
0
63
5
421
255
463
1
63
7
421
16777215
470
LINEAR
1001
ACAD
1010
0
1020
0
1030
0
0
HATCH
5
c25
100
AcDbEntity
8
Document
100
AcDbHatch
10
0
20
0
30
0
210
0
220
0
230
1
2
SOLID
70
1
71
0
91
1
92
7
72
0
73
1
93
9
10
13.580060960121955
20
10.261214122428328
10
13.580060960121955
20
11.361214122428237
10
13.080060960121955
20
11.361214122428237
10
13.080060960121955
20
11.361214122428237
10
13.88006096012191
20
12.161214122428305
10
13.980060960121818
20
12.161214122428305
10
14.780060960122
20
11.361214122428237
10
14.280060960122
20
11.361214122428237
10
14.280060960122
20
10.261214122428328
97
1
330

75
0
76
1
47
0.4128176842155181
98
1
10
34.90568961886538
20
22.81183545379326
450
0
451
0
460
0
461
0
452
1
462
1
453
2
463
0
63
5
421
255
463
1
63
7
421
16777215
470
LINEAR
1001
ACAD
1010
0
1020
0
1030
0
0
HATCH
5
c27
100
AcDbEntity
8
Document
100
AcDbHatch
10
0
20
0
30
0
210
0
220
0
230
1
2
SOLID
70
1
71
0
91
1
92
7
72
0
73
1
93
79
10
12.675234950469985
20
10.260045720091398
10
12.675234950469985
20
12.350469900939743
10
12.676321455248399
20
12.367046760505445
10
12.679562379186109
20
12.383339985407929
10
12.684902269175609
20
12.399070794052022
10
12.69224975821885
20
12.413970027940081
10
12.701479128741312
20
12.427782757049613
10
12.712432463654295
20
12.440272641755996
10
12.724922348360451
20
12.451225976668866
10
12.73873507747021
20
12.460455347191214
10
12.753634311358155
20
12.467802836234569
10
12.769365120002249
20
12.473142726224182
10
12.785658344904732
20
12.476383650161779
10
12.802235204470435
20
12.477470154940306
10
15.057759715519524
20
12.477470154940306
10
15.074336575084999
20
12.476383650161779
10
15.09062979998771
20
12.473142726224182
10
15.106360608631576
20
12.467802836234569
10
15.121259842519748
20
12.460455347191214
10
15.13507257162928
20
12.451225976668866
10
15.147562456335663
20
12.440272641755996
10
15.158515791248647
20
12.427782757049613
10
15.167745161770881
20
12.413970027940081
10
15.175092650814122
20
12.399070794052022
10
15.18043254080385
20
12.383339985407929
10
15.183673464741332
20
12.367046760505445
10
15.184759969519973
20
12.350469900939743
10
15.184759969519973
20
10.260045720091398
10
15.183673464741332
20
10.243468860525809
10
15.18043254080385
20
10.227175635623212
10
15.175092650814122
20
10.211444826979232
10
15.167745161770881
20
10.196545593091173
10
15.158515791248647
20
10.182732863981528
10
15.147562456335663
20
10.170242979275258
10
15.13507257162928
20
10.159289644362275
10
15.121259842519748
20
10.150060273839927
10
15.106360608631576
20
10.142712784796686
10
15.09062979998771
20
10.137372894807072
10
15.074336575084999
20
10.134131970869475
10
15.057759715519524
20
10.133045466090948
10
15.04118285595382
20
10.134131970869475
10
15.024889631051337
20
10.137372894807072
10
15.009158822407244
20
10.142712784796686
10
14.994259588519299
20
10.150060273839927
10
14.98044685940954
20
10.159289644362275
10
14.967956974703384
20
10.170242979275258
10
14.9570036397904
20
10.182732863981528
10
14.947774269267939
20
10.196545593091173
10
14.940426780224698
20
10.211444826979232
10
14.935086890235198
20
10.227175635623212
10
14.931845966297487
20
10.243468860525809
10
14.930759461518846
20
10.260045720091398
10
14.930759461518846
20
12.223469646939293
10
12.929235458470885
20
12.223469646939293
10
12.929235458470885
20
10.260045720091398
10
12.928148953692244
20
10.243468860525809
10
12.92490802975476
20
10.227175635623212
10
12.91956813976526
20
10.211444826979232
10
12.912220650721792
20
10.196545593091173
10
12.902991280199558
20
10.182732863981528
10
12.892037945286575
20
10.170242979275258
10
12.879548060580191
20
10.159289644362275
10
12.86573533147066
20
10.150060273839927
10
12.850836097582715
20
10.142712784796686
10
12.835105288938621
20
10.137372894807072
10
12.818812064036138
20
10.134131970869475
10
12.802235204470435
20
10.133045466090948
10
12.785658344904732
20
10.134131970869475
10
12.769365120002249
20
10.137372894807072
10
12.753634311358155
20
10.142712784796686
10
12.73873507747021
20
10.150060273839927
10
12.724922348360451
20
10.159289644362275
10
12.712432463654295
20
10.170242979275258
10
12.701479128741312
20
10.182732863981528
10
12.69224975821885
20
10.196545593091173
10
12.684902269175609
20
10.211444826979232
10
12.679562379186109
20
10.227175635623212
10
12.676321455248399
20
10.243468860525809
10
12.675234950469985
20
10.260045720091398
97
1
330

75
0
76
1
47
0.4128176842155181
98
1
10
34.90568961886538
20
22.81183545379326
450
0
451
0
460
0
461
0
452
1
462
1
453
2
463
0
63
5
421
255
463
1
63
7
421
16777215
470
LINEAR
1001
ACAD
1010
0
1020
0
1030
0
0
HATCH
5
c29
100
AcDbEntity
8
Document
100
AcDbHatch
10
0
20
0
30
0
210
0
220
0
230
1
2
SOLID
70
1
71
0
91
1
92
7
72
0
73
1
93
9
10
18.58003556007111
20
10.250977901955821
10
18.58003556007111
20
11.350977901955844
10
18.08003556007111
20
11.350977901955844
10
18.08003556007111
20
11.350977901955844
10
18.880035560071065
20
12.150977901955798
10
18.9800355600712
20
12.150977901955798
10
19.780035560071155
20
11.350977901955844
10
19.280035560071155
20
11.350977901955844
10
19.280035560071155
20
10.250977901955821
97
1
330

75
0
76
1
47
0.4128176842155181
98
1
10
34.90568961886538
20
22.81183545379326
450
0
451
0
460
0
461
0
452
1
462
1
453
2
463
0
63
5
421
255
463
1
63
7
421
16777215
470
LINEAR
1001
ACAD
1010
0
1020
0
1030
0
0
HATCH
5
c2b
100
AcDbEntity
8
Document
100
AcDbHatch
10
0
20
0
30
0
210
0
220
0
230
1
2
SOLID
70
1
71
0
91
1
92
7
72
0
73
1
93
79
10
17.675184150368295
20
10.249809499619118
10
17.675184150368295
20
12.340233680467463
10
17.676270655146936
20
12.356810540033052
10
17.67951157908442
20
12.37310376493565
10
17.684851469074147
20
12.38883457357963
10
17.692198958117388
20
12.403733807467688
10
17.701428328639622
20
12.417546536577333
10
17.712381663552605
20
12.430036421283603
10
17.72487154825899
20
12.440989756196586
10
17.73868427736852
20
12.450219126718935
10
17.753583511256693
20
12.457566615762175
10
17.76931431990056
20
12.46290650575179
10
17.78560754480327
20
12.466147429689386
10
17.802184404368745
20
12.467233934467913
10
20.057708915417834
20
12.467233934467913
10
20.074285774983537
20
12.466147429689386
10
20.09057899988602
20
12.46290650575179
10
20.106309808529886
20
12.457566615762175
10
20.12120904241806
20
12.450219126718935
10
20.13502177152759
20
12.440989756196586
10
20.147511656233974
20
12.430036421283603
10
20.158464991147184
20
12.417546536577333
10
20.16769436166942
20
12.403733807467688
10
20.17504185071266
20
12.38883457357963
10
20.18038174070216
20
12.37310376493565
10
20.18362266463987
20
12.356810540033052
10
20.184709169418284
20
12.340233680467463
10
20.184709169418284
20
10.249809499619118
10
20.18362266463987
20
10.233232640053416
10
20.18038174070216
20
10.216939415150932
10
20.17504185071266
20
10.201208606506839
10
20.16769436166942
20
10.18630937261878
10
20.158464991147184
20
10.172496643509248
10
20.147511656233974
20
10.160006758802865
10
20.13502177152759
20
10.149053423889995
10
20.12120904241806
20
10.139824053367647
10
20.106309808529886
20
10.132476564324293
10
20.09057899988602
20
10.127136674334679
10
20.074285774983537
20
10.123895750397082
10
20.057708915417834
20
10.122809245618555
10
20.04113205585213
20
10.123895750397082
10
20.024838830949648
20
10.127136674334679
10
20.00910802230578
20
10.132476564324293
10
19.99420878841761
20
10.139824053367647
10
19.980396059308077
20
10.149053423889995
10
19.967906174601694
20
10.160006758802865
10
19.95695283968871
20
10.172496643509248
10
19.947723469166476
20
10.18630937261878
10
19.940375980123008
20
10.201208606506839
10
19.935036090133508
20
10.216939415150932
10
19.931795166195798
20
10.233232640053416
10
19.930708661417384
20
10.249809499619118
10
19.930708661417384
20
12.2132334264669
10
17.929184658369422
20
12.2132334264669
10
17.929184658369422
20
10.249809499619118
10
17.92809815359078
20
10.233232640053416
10
17.92485722965307
20
10.216939415150932
10
17.91951733966357
20
10.201208606506839
10
17.91216985062033
20
10.18630937261878
10
17.902940480097868
20
10.172496643509248
10
17.891987145185112
20
10.160006758802865
10
17.87949726047873
20
10.149053423889995
10
17.86568453136897
20
10.139824053367647
10
17.850785297481025
20
10.132476564324293
10
17.83505448883693
20
10.127136674334679
10
17.818761263934448
20
10.123895750397082
10
17.802184404368745
20
10.122809245618555
10
17.78560754480327
20
10.123895750397082
10
17.76931431990056
20
10.127136674334679
10
17.753583511256693
20
10.132476564324293
10
17.73868427736852
20
10.139824053367647
10
17.72487154825899
20
10.149053423889995
10
17.712381663552605
20
10.160006758802865
10
17.701428328639622
20
10.172496643509248
10
17.692198958117388
20
10.18630937261878
10
17.684851469074147
20
10.201208606506839
10
17.67951157908442
20
10.216939415150932
10
17.676270655146936
20
10.233232640053416
10
17.675184150368295
20
10.249809499619118
97
1
330

75
0
76
1
47
0.4128176842155181
98
1
10
34.90568961886538
20
22.81183545379326
450
0
451
0
460
0
461
0
452
1
462
1
453
2
463
0
63
5
421
255
463
1
63
7
421
16777215
470
LINEAR
1001
ACAD
1010
0
1020
0
1030
0
0
HATCH
5
c2d
100
AcDbEntity
8
TopSilkLayer
100
AcDbHatch
10
0
20
0
30
0
210
0
220
0
230
1
2
SOLID
70
1
71
0
91
1
92
7
72
0
73
1
93
9
10
3.580060960121955
20
10.251079502158973
10
3.580060960121955
20
11.351079502158996
10
3.080060960121955
20
11.351079502158996
10
3.080060960121955
20
11.351079502158996
10
3.8800609601219094
20
12.151079502159064
10
3.9800609601218184
20
12.151079502159064
10
4.780060960122
20
11.351079502158996
10
4.280060960122
20
11.351079502158996
10
4.280060960122
20
10.251079502158973
97
1
330

75
0
76
1
47
0.4128176842155181
98
1
10
34.90568961886538
20
22.81183545379326
450
0
451
0
460
0
461
0
452
1
462
1
453
2
463
0
63
5
421
255
463
1
63
7
421
16777215
470
LINEAR
1001
ACAD
1010
0
1020
0
1030
0
0
HATCH
5
c2f
100
AcDbEntity
8
TopSilkLayer
100
AcDbHatch
10
0
20
0
30
0
210
0
220
0
230
1
2
SOLID
70
1
71
0
91
1
92
7
72
0
73
1
93
9
10
8.580060960121955
20
10.250977901955821
10
8.580060960121955
20
11.350977901955844
10
8.080060960121955
20
11.350977901955844
10
8.080060960121955
20
11.350977901955844
10
8.88006096012191
20
12.150977901955798
10
8.980060960121818
20
12.150977901955798
10
9.780060960122
20
11.350977901955844
10
9.280060960122
20
11.350977901955844
10
9.280060960122
20
10.250977901955821
97
1
330

75
0
76
1
47
0.4128176842155181
98
1
10
34.90568961886538
20
22.81183545379326
450
0
451
0
460
0
461
0
452
1
462
1
453
2
463
0
63
5
421
255
463
1
63
7
421
16777215
470
LINEAR
1001
ACAD
1010
0
1020
0
1030
0
0
HATCH
5
c31
100
AcDbEntity
8
TopSilkLayer
100
AcDbHatch
10
0
20
0
30
0
210
0
220
0
230
1
2
SOLID
70
1
71
0
91
1
92
7
72
0
73
1
93
9
10
13.580060960121955
20
10.261214122428328
10
13.580060960121955
20
11.361214122428237
10
13.080060960121955
20
11.361214122428237
10
13.080060960121955
20
11.361214122428237
10
13.88006096012191
20
12.161214122428305
10
13.980060960121818
20
12.161214122428305
10
14.780060960122
20
11.361214122428237
10
14.280060960122
20
11.361214122428237
10
14.280060960122
20
10.261214122428328
97
1
330

75
0
76
1
47
0.4128176842155181
98
1
10
34.90568961886538
20
22.81183545379326
450
0
451
0
460
0
461
0
452
1
462
1
453
2
463
0
63
5
421
255
463
1
63
7
421
16777215
470
LINEAR
1001
ACAD
1010
0
1020
0
1030
0
0
HATCH
5
c33
100
AcDbEntity
8
TopSilkLayer
100
AcDbHatch
10
0
20
0
30
0
210
0
220
0
230
1
2
SOLID
70
1
71
0
91
1
92
7
72
0
73
1
93
9
10
18.58003556007111
20
10.250977901955821
10
18.58003556007111
20
11.350977901955844
10
18.08003556007111
20
11.350977901955844
10
18.08003556007111
20
11.350977901955844
10
18.880035560071065
20
12.150977901955798
10
18.9800355600712
20
12.150977901955798
10
19.780035560071155
20
11.350977901955844
10
19.280035560071155
20
11.350977901955844
10
19.280035560071155
20
10.250977901955821
97
1
330

75
0
76
1
47
0.4128176842155181
98
1
10
34.90568961886538
20
22.81183545379326
450
0
451
0
460
0
461
0
452
1
462
1
453
2
463
0
63
5
421
255
463
1
63
7
421
16777215
470
LINEAR
1001
ACAD
1010
0
1020
0
1030
0
0
HATCH
5
c35
100
AcDbEntity
8
TopPasteMaskLayer
100
AcDbHatch
10
0
20
0
30
0
210
0
220
0
230
1
2
SOLID
70
1
71
0
91
1
92
7
72
0
73
1
93
12
10
79.94117348234704
20
43.74010668021333
10
79.94117348234704
20
42.940106680213376
10
79.9911861823723
20
42.890093980188
10
80.21915163830317
20
42.890093980188
10
80.21915163830317
20
43.26009652019309
10
80.54914909829836
20
43.26009652019309
10
80.54914909829836
20
42.890093980188
10
80.79118618237226
20
42.890093980188
10
80.84117348234713
20
42.940106680213376
10
80.84117348234713
20
43.74010668021333
10
80.79118618237226
20
43.790093980187976
10
79.9911861823723
20
43.790093980187976
97
1
330

75
0
76
1
47
0.4128176842155181
98
1
10
34.90568961886538
20
22.81183545379326
450
0
451
0
460
0
461
0
452
1
462
1
453
2
463
0
63
5
421
255
463
1
63
7
421
16777215
470
LINEAR
1001
ACAD
1010
0
1020
0
1030
0
0
HATCH
5
c37
100
AcDbEntity
8
TopPasteMaskLayer
100
AcDbHatch
10
0
20
0
30
0
210
0
220
0
230
1
2
SOLID
70
1
71
0
91
1
92
7
72
0
73
1
93
12
10
80.84114808229629
20
41.35006350012702
10
80.84114808229629
20
42.15006350012709
10
80.7911353822708
20
42.200076200152466
10
80.56316992633992
20
42.200076200152466
10
80.56316992633992
20
41.83007366014738
10
80.23317246634497
20
41.83007366014738
10
80.23317246634497
20
42.200076200152466
10
79.99113538227084
20
42.200076200152466
10
79.9411480822962
20
42.15006350012709
10
79.9411480822962
20
41.35006350012702
10
79.99113538227084
20
41.300076200152375
10
80.7911353822708
20
41.300076200152375
97
1
330

75
0
76
1
47
0.4128176842155181
98
1
10
34.90568961886538
20
22.81183545379326
450
0
451
0
460
0
461
0
452
1
462
1
453
2
463
0
63
5
421
255
463
1
63
7
421
16777215
470
LINEAR
1001
ACAD
1010
0
1020
0
1030
0
0
HATCH
5
c39
100
AcDbEntity
8
TopPasteMaskLayer
100
AcDbHatch
10
0
20
0
30
0
210
0
220
0
230
1
2
SOLID
70
1
71
0
91
1
92
7
72
0
73
1
93
12
10
82.48117856235717
20
43.74010668021333
10
82.48117856235717
20
42.940106680213376
10
82.53119126238244
20
42.890093980188
10
82.75915671831353
20
42.890093980188
10
82.75915671831353
20
43.26009652019309
10
83.08915417830849
20
43.26009652019309
10
83.08915417830849
20
42.890093980188
10
83.33119126238239
20
42.890093980188
10
83.38117856235726
20
42.940106680213376
10
83.38117856235726
20
43.74010668021333
10
83.33119126238239
20
43.790093980187976
10
82.53119126238244
20
43.790093980187976
97
1
330

75
0
76
1
47
0.4128176842155181
98
1
10
34.90568961886538
20
22.81183545379326
450
0
451
0
460
0
461
0
452
1
462
1
453
2
463
0
63
5
421
255
463
1
63
7
421
16777215
470
LINEAR
1001
ACAD
1010
0
1020
0
1030
0
0
HATCH
5
c3b
100
AcDbEntity
8
TopPasteMaskLayer
100
AcDbHatch
10
0
20
0
30
0
210
0
220
0
230
1
2
SOLID
70
1
71
0
91
1
92
7
72
0
73
1
93
12
10
83.38115316230642
20
41.35006350012702
10
83.38115316230642
20
42.15006350012709
10
83.33114046228093
20
42.200076200152466
10
83.10317500635006
20
42.200076200152466
10
83.10317500635006
20
41.83007366014738
10
82.7731775463551
20
41.83007366014738
10
82.7731775463551
20
42.200076200152466
10
82.53114046228097
20
42.200076200152466
10
82.48115316230633
20
42.15006350012709
10
82.48115316230633
20
41.35006350012702
10
82.53114046228097
20
41.300076200152375
10
83.33114046228093
20
41.300076200152375
97
1
330

75
0
76
1
47
0.4128176842155181
98
1
10
34.90568961886538
20
22.81183545379326
450
0
451
0
460
0
461
0
452
1
462
1
453
2
463
0
63
5
421
255
463
1
63
7
421
16777215
470
LINEAR
1001
ACAD
1010
0
1020
0
1030
0
0
HATCH
5
c3d
100
AcDbEntity
8
Document
100
AcDbHatch
10
0
20
0
30
0
210
0
220
0
230
1
2
SOLID
70
1
71
0
91
1
92
7
72
0
73
1
93
79
10
96.557302514605
20
1.786258572517113
10
94.46687833375677
20
1.786258572517113
10
94.45030147419106
20
1.7873450772956403
10
94.43400824928858
20
1.7905860012332369
10
94.41827744064472
20
1.7959258912228506
10
94.40337820675654
20
1.803273380266205
10
94.38956547764701
20
1.8125027507885534
10
94.37707559294063
20
1.823456085701423
10
94.36612225802764
20
1.8359459704078063
10
94.35689288750541
20
1.8497586995173378
10
94.34954539846194
20
1.8646579334053968
10
94.34420550847244
20
1.8803887420494902
10
94.34096458453473
20
1.8966819669519737
10
94.33987807975632
20
1.9132588265176764
10
94.33987807975632
20
4.168783337566651
10
94.34096458453473
20
4.185360197132354
10
94.34420550847244
20
4.201653422034838
10
94.34954539846194
20
4.217384230678817
10
94.35689288750541
20
4.232283464566876
10
94.36612225802764
20
4.246096193676522
10
94.37707559294063
20
4.258586078382905
10
94.38956547764701
20
4.2695394132957745
10
94.40337820675654
20
4.278768783818123
10
94.41827744064472
20
4.286116272861477
10
94.43400824928858
20
4.291456162851091
10
94.45030147419106
20
4.294697086788574
10
94.46687833375677
20
4.295783591567215
10
96.557302514605
20
4.295783591567215
10
96.5738793741707
20
4.294697086788574
10
96.59017259907318
20
4.291456162851091
10
96.60590340771705
20
4.286116272861477
10
96.62080264160522
20
4.278768783818123
10
96.63461537071476
20
4.2695394132957745
10
96.64710525542114
20
4.258586078382905
10
96.65805859033435
20
4.246096193676522
10
96.66728796085658
20
4.232283464566876
10
96.67463544989982
20
4.217384230678817
10
96.67997533988932
20
4.201653422034838
10
96.68321626382703
20
4.185360197132354
10
96.68430276860545
20
4.168783337566651
10
96.68321626382703
20
4.152206478001062
10
96.67997533988932
20
4.135913253098465
10
96.67463544989982
20
4.1201824444544854
10
96.66728796085658
20
4.1052832105664265
10
96.65805859033435
20
4.091470481456781
10
96.64710525542114
20
4.078980596750512
10
96.63461537071476
20
4.068027261837528
10
96.62080264160522
20
4.05879789131518
10
96.60590340771705
20
4.051450402271939
10
96.59017259907318
20
4.0461105122823255
10
96.5738793741707
20
4.042869588344729
10
96.557302514605
20
4.041783083566202
10
94.59387858775722
20
4.041783083566202
10
94.59387858775722
20
2.040259080518126
10
96.557302514605
20
2.040259080518126
10
96.5738793741707
20
2.039172575739599
10
96.59017259907318
20
2.0359316518020023
10
96.60590340771705
20
2.0305917618123885
10
96.62080264160522
20
2.0232442727691478
10
96.63461537071476
20
2.0140149022467995
10
96.64710525542114
20
2.003061567333816
10
96.65805859033435
20
1.990571682627433
10
96.66728796085658
20
1.9767589535179013
10
96.67463544989982
20
1.9618597196298424
10
96.67997533988932
20
1.946128910985749
10
96.68321626382703
20
1.9298356860832655
10
96.68430276860545
20
1.9132588265176764
10
96.68321626382703
20
1.8966819669519737
10
96.67997533988932
20
1.8803887420494902
10
96.67463544989982
20
1.8646579334053968
10
96.66728796085658
20
1.8497586995173378
10
96.65805859033435
20
1.8359459704078063
10
96.64710525542114
20
1.823456085701423
10
96.63461537071476
20
1.8125027507885534
10
96.62080264160522
20
1.803273380266205
10
96.60590340771705
20
1.7959258912228506
10
96.59017259907318
20
1.7905860012332369
10
96.5738793741707
20
1.7873450772956403
10
96.557302514605
20
1.786258572517113
97
1
330

75
0
76
1
47
0.4128176842155181
98
1
10
34.90568961886538
20
22.81183545379326
450
0
451
0
460
0
461
0
452
1
462
1
453
2
463
0
63
5
421
255
463
1
63
7
421
16777215
470
LINEAR
1001
ACAD
1010
0
1020
0
1030
0
0
HATCH
5
c3f
100
AcDbEntity
8
Document
100
AcDbHatch
10
0
20
0
30
0
210
0
220
0
230
1
2
SOLID
70
1
71
0
91
1
92
7
72
0
73
1
93
9
10
96.55613411226818
20
2.6910591821184653
10
95.45613411226827
20
2.6910591821184653
10
95.45613411226827
20
2.1910591821184653
10
95.45613411226827
20
2.1910591821184653
10
94.65613411226809
20
2.991059182118306
10
94.65613411226809
20
3.091059182118329
10
95.45613411226827
20
3.891059182118397
10
95.45613411226827
20
3.391059182118397
10
96.55613411226818
20
3.391059182118397
97
1
330

75
0
76
1
47
0.4128176842155181
98
1
10
34.90568961886538
20
22.81183545379326
450
0
451
0
460
0
461
0
452
1
462
1
453
2
463
0
63
5
421
255
463
1
63
7
421
16777215
470
LINEAR
1001
ACAD
1010
0
1020
0
1030
0
0
HATCH
5
c41
100
AcDbEntity
8
Document
100
AcDbHatch
10
0
20
0
30
0
210
0
220
0
230
1
2
SOLID
70
1
71
0
91
1
92
7
72
0
73
1
93
9
10
96.55623571247133
20
7.691059182118352
10
95.45623571247143
20
7.691059182118352
10
95.45623571247143
20
7.191059182118465
10
95.45623571247143
20
7.191059182118465
10
94.65623571247147
20
7.991059182118306
10
94.65623571247147
20
8.091059182118329
10
95.45623571247143
20
8.891059182118397
10
95.45623571247143
20
8.391059182118397
10
96.55623571247133
20
8.391059182118397
97
1
330

75
0
76
1
47
0.4128176842155181
98
1
10
34.90568961886538
20
22.81183545379326
450
0
451
0
460
0
461
0
452
1
462
1
453
2
463
0
63
5
421
255
463
1
63
7
421
16777215
470
LINEAR
1001
ACAD
1010
0
1020
0
1030
0
0
HATCH
5
c43
100
AcDbEntity
8
Document
100
AcDbHatch
10
0
20
0
30
0
210
0
220
0
230
1
2
SOLID
70
1
71
0
91
1
92
7
72
0
73
1
93
79
10
96.55740411480815
20
6.786258572517227
10
94.46697993395992
20
6.786258572517227
10
94.45040307439422
20
6.787345077295754
10
94.43410984949173
20
6.7905860012333505
10
94.41837904084787
20
6.795925891222964
10
94.4034798069597
20
6.803273380266205
10
94.38966707785016
20
6.812502750788553
10
94.37717719314378
20
6.823456085701537
10
94.3662238582308
20
6.835945970407806
10
94.35699448770856
20
6.8497586995174515
10
94.34964699866532
20
6.8646579334055104
10
94.3443071086756
20
6.880388742049604
10
94.34106618473788
20
6.896681966952087
10
94.33997967995947
20
6.913258826517676
10
94.33997967995947
20
9.168783337566651
10
94.34106618473788
20
9.18536019713224
10
94.3443071086756
20
9.201653422034838
10
94.34964699866532
20
9.217384230678817
10
94.35699448770856
20
9.232283464566876
10
94.3662238582308
20
9.246096193676522
10
94.37717719314378
20
9.258586078382905
10
94.38966707785016
20
9.269539413295774
10
94.4034798069597
20
9.278768783818123
10
94.41837904084787
20
9.286116272861364
10
94.43410984949173
20
9.291456162850977
10
94.45040307439422
20
9.294697086788574
10
94.46697993395992
20
9.295783591567215
10
96.55740411480815
20
9.295783591567215
10
96.57398097437385
20
9.294697086788574
10
96.59027419927634
20
9.291456162850977
10
96.6060050079202
20
9.286116272861364
10
96.62090424180838
20
9.278768783818123
10
96.6347169709179
20
9.269539413295774
10
96.64720685562452
20
9.258586078382905
10
96.6581601905375
20
9.246096193676522
10
96.66738956105974
20
9.232283464566876
10
96.67473705010298
20
9.217384230678817
10
96.68007694009248
20
9.201653422034838
10
96.68331786403019
20
9.18536019713224
10
96.68440436880883
20
9.168783337566651
10
96.68331786403019
20
9.152206478001062
10
96.68007694009248
20
9.135913253098465
10
96.67473705010298
20
9.120182444454485
10
96.66738956105974
20
9.105283210566427
10
96.6581601905375
20
9.091470481456781
10
96.64720685562452
20
9.078980596750512
10
96.6347169709179
20
9.068027261837528
10
96.62090424180838
20
9.05879789131518
10
96.6060050079202
20
9.05145040227194
10
96.59027419927634
20
9.046110512282326
10
96.57398097437385
20
9.042869588344729
10
96.55740411480815
20
9.041783083566202
10
94.59398018796037
20
9.041783083566202
10
94.59398018796037
20
7.04025908051824
10
96.55740411480815
20
7.04025908051824
10
96.57398097437385
20
7.039172575739713
10
96.59027419927634
20
7.035931651802116
10
96.6060050079202
20
7.030591761812502
10
96.62090424180838
20
7.023244272769148
10
96.6347169709179
20
7.0140149022467995
10
96.64720685562452
20
7.00306156733393
10
96.6581601905375
20
6.990571682627547
10
96.66738956105974
20
6.976758953518015
10
96.67473705010298
20
6.961859719629956
10
96.68007694009248
20
6.946128910985863
10
96.68331786403019
20
6.929835686083379
10
96.68440436880883
20
6.913258826517676
10
96.68331786403019
20
6.896681966952087
10
96.68007694009248
20
6.880388742049604
10
96.67473705010298
20
6.8646579334055104
10
96.66738956105974
20
6.8497586995174515
10
96.6581601905375
20
6.835945970407806
10
96.64720685562452
20
6.823456085701537
10
96.6347169709179
20
6.812502750788553
10
96.62090424180838
20
6.803273380266205
10
96.6060050079202
20
6.795925891222964
10
96.59027419927634
20
6.7905860012333505
10
96.57398097437385
20
6.787345077295754
10
96.55740411480815
20
6.786258572517227
97
1
330

75
0
76
1
47
0.4128176842155181
98
1
10
34.90568961886538
20
22.81183545379326
450
0
451
0
460
0
461
0
452
1
462
1
453
2
463
0
63
5
421
255
463
1
63
7
421
16777215
470
LINEAR
1001
ACAD
1010
0
1020
0
1030
0
0
HATCH
5
c45
100
AcDbEntity
8
Document
100
AcDbHatch
10
0
20
0
30
0
210
0
220
0
230
1
2
SOLID
70
1
71
0
91
1
92
7
72
0
73
1
93
9
10
96.54599949199905
20
12.691059182118352
10
95.44599949199915
20
12.691059182118352
10
95.44599949199915
20
12.191059182118352
10
95.44599949199915
20
12.191059182118352
10
94.64599949199896
20
12.991059182118306
10
94.64599949199896
20
13.091059182118329
10
95.44599949199915
20
13.891059182118397
10
95.44599949199915
20
13.391059182118397
10
96.54599949199905
20
13.391059182118397
97
1
330

75
0
76
1
47
0.4128176842155181
98
1
10
34.90568961886538
20
22.81183545379326
450
0
451
0
460
0
461
0
452
1
462
1
453
2
463
0
63
5
421
255
463
1
63
7
421
16777215
470
LINEAR
1001
ACAD
1010
0
1020
0
1030
0
0
HATCH
5
c47
100
AcDbEntity
8
Document
100
AcDbHatch
10
0
20
0
30
0
210
0
220
0
230
1
2
SOLID
70
1
71
0
91
1
92
7
72
0
73
1
93
79
10
96.54716789433587
20
11.786233172466382
10
94.45674371348741
20
11.786233172466382
10
94.44016685392171
20
11.78731967724491
10
94.42387362901923
20
11.790560601182506
10
94.40814282037536
20
11.79590049117212
10
94.39324358648719
20
11.80324798021536
10
94.37943085737766
20
11.812477350737709
10
94.36694097267127
20
11.823430685650692
10
94.35598763775806
20
11.835920570356961
10
94.34675826723583
20
11.849733299466607
10
94.33941077819259
20
11.864632533354666
10
94.33407088820309
20
11.880363341998645
10
94.33082996426538
20
11.896656566901243
10
94.32974345948696
20
11.913233426466832
10
94.32974345948696
20
14.16875793751592
10
94.33082996426538
20
14.18533479708151
10
94.33407088820309
20
14.201628021984106
10
94.33941077819259
20
14.217358830628086
10
94.34675826723583
20
14.232258064516145
10
94.35598763775806
20
14.24607079362579
10
94.36694097267127
20
14.25856067833206
10
94.37943085737766
20
14.269514013245043
10
94.39324358648719
20
14.278743383767392
10
94.40814282037536
20
14.286090872810632
10
94.42387362901923
20
14.291430762800246
10
94.44016685392171
20
14.294671686737843
10
94.45674371348741
20
14.29575819151637
10
96.54716789433587
20
14.29575819151637
10
96.56374475390157
20
14.294671686737843
10
96.58003797880406
20
14.291430762800246
10
96.59576878744792
20
14.286090872810632
10
96.6106680213361
20
14.278743383767392
10
96.62448075044563
20
14.269514013245043
10
96.63697063515201
20
14.25856067833206
10
96.647923970065
20
14.24607079362579
10
96.65715334058723
20
14.232258064516145
10
96.6645008296307
20
14.217358830628086
10
96.6698407196202
20
14.201628021984106
10
96.67308164355791
20
14.18533479708151
10
96.67416814833632
20
14.16875793751592
10
96.67308164355791
20
14.152181077950331
10
96.6698407196202
20
14.135887853047734
10
96.6645008296307
20
14.120157044403754
10
96.65715334058723
20
14.105257810515695
10
96.647923970065
20
14.09144508140605
10
96.63697063515201
20
14.078955196699667
10
96.62448075044563
20
14.068001861786797
10
96.6106680213361
20
14.058772491264449
10
96.59576878744792
20
14.051425002221208
10
96.58003797880406
20
14.046085112231594
10
96.56374475390157
20
14.042844188293998
10
96.54716789433587
20
14.041757683515357
10
94.58374396748786
20
14.041757683515357
10
94.58374396748786
20
12.040233680467395
10
96.54716789433587
20
12.040233680467395
10
96.56374475390157
20
12.039147175688754
10
96.58003797880406
20
12.035906251751271
10
96.59576878744792
20
12.030566361761657
10
96.6106680213361
20
12.023218872718303
10
96.62448075044563
20
12.013989502195955
10
96.63697063515201
20
12.003036167283085
10
96.647923970065
20
11.990546282576702
10
96.65715334058723
20
11.97673355346717
10
96.6645008296307
20
11.961834319579111
10
96.6698407196202
20
11.946103510935018
10
96.67308164355791
20
11.929810286032534
10
96.67416814833632
20
11.913233426466832
10
96.67308164355791
20
11.896656566901243
10
96.6698407196202
20
11.880363341998645
10
96.6645008296307
20
11.864632533354666
10
96.65715334058723
20
11.849733299466607
10
96.647923970065
20
11.835920570356961
10
96.63697063515201
20
11.823430685650692
10
96.62448075044563
20
11.812477350737709
10
96.6106680213361
20
11.80324798021536
10
96.59576878744792
20
11.79590049117212
10
96.58003797880406
20
11.790560601182506
10
96.56374475390157
20
11.78731967724491
10
96.54716789433587
20
11.786233172466382
97
1
330

75
0
76
1
47
0.4128176842155181
98
1
10
34.90568961886538
20
22.81183545379326
450
0
451
0
460
0
461
0
452
1
462
1
453
2
463
0
63
5
421
255
463
1
63
7
421
16777215
470
LINEAR
1001
ACAD
1010
0
1020
0
1030
0
0
HATCH
5
c49
100
AcDbEntity
8
Document
100
AcDbHatch
10
0
20
0
30
0
210
0
220
0
230
1
2
SOLID
70
1
71
0
91
1
92
7
72
0
73
1
93
9
10
96.55623571247133
20
17.69103378206762
10
95.45623571247143
20
17.69103378206762
10
95.45623571247143
20
17.191033782067507
10
95.45623571247143
20
17.191033782067507
10
94.65623571247147
20
17.991033782067575
10
94.65623571247147
20
18.091033782067598
10
95.45623571247143
20
18.891033782067552
10
95.45623571247143
20
18.391033782067552
10
96.55623571247133
20
18.391033782067552
97
1
330

75
0
76
1
47
0.4128176842155181
98
1
10
34.90568961886538
20
22.81183545379326
450
0
451
0
460
0
461
0
452
1
462
1
453
2
463
0
63
5
421
255
463
1
63
7
421
16777215
470
LINEAR
1001
ACAD
1010
0
1020
0
1030
0
0
HATCH
5
c4b
100
AcDbEntity
8
Document
100
AcDbHatch
10
0
20
0
30
0
210
0
220
0
230
1
2
SOLID
70
1
71
0
91
1
92
7
72
0
73
1
93
79
10
96.55740411480815
20
16.786182372364806
10
94.46697993395992
20
16.786182372364806
10
94.45040307439422
20
16.787268877143333
10
94.43410984949173
20
16.79050980108093
10
94.41837904084787
20
16.795849691070543
10
94.4034798069597
20
16.803197180113784
10
94.38966707785016
20
16.812426550636133
10
94.37717719314378
20
16.823379885549116
10
94.3662238582308
20
16.835869770255385
10
94.35699448770856
20
16.84968249936503
10
94.34964699866532
20
16.86458173325309
10
94.3443071086756
20
16.88031254189707
10
94.34106618473788
20
16.896605766799667
10
94.33997967995947
20
16.913182626365256
10
94.33997967995947
20
19.168707137414344
10
94.34106618473788
20
19.185283996979933
10
94.3443071086756
20
19.20157722188253
10
94.34964699866532
20
19.21730803052651
10
94.35699448770856
20
19.23220726441457
10
94.3662238582308
20
19.246019993524214
10
94.37717719314378
20
19.258509878230484
10
94.38966707785016
20
19.269463213143467
10
94.4034798069597
20
19.278692583665816
10
94.41837904084787
20
19.286040072709056
10
94.43410984949173
20
19.29137996269867
10
94.45040307439422
20
19.294620886636267
10
94.46697993395992
20
19.295707391414794
10
96.55740411480815
20
19.295707391414794
10
96.57398097437385
20
19.294620886636267
10
96.59027419927634
20
19.29137996269867
10
96.6060050079202
20
19.286040072709056
10
96.62090424180838
20
19.278692583665816
10
96.6347169709179
20
19.269463213143467
10
96.64720685562452
20
19.258509878230484
10
96.6581601905375
20
19.246019993524214
10
96.66738956105974
20
19.23220726441457
10
96.67473705010298
20
19.21730803052651
10
96.68007694009248
20
19.20157722188253
10
96.68331786403019
20
19.185283996979933
10
96.68440436880883
20
19.168707137414344
10
96.68331786403019
20
19.15213027784864
10
96.68007694009248
20
19.135837052946158
10
96.67473705010298
20
19.120106244302065
10
96.66738956105974
20
19.105207010414006
10
96.6581601905375
20
19.091394281304474
10
96.64720685562452
20
19.07890439659809
10
96.6347169709179
20
19.06795106168522
10
96.62090424180838
20
19.058721691162873
10
96.6060050079202
20
19.05137420211952
10
96.59027419927634
20
19.046034312129905
10
96.57398097437385
20
19.042793388192422
10
96.55740411480815
20
19.04170688341378
10
94.59398018796037
20
19.04170688341378
10
94.59398018796037
20
17.04018288036582
10
96.55740411480815
20
17.04018288036582
10
96.57398097437385
20
17.039096375587178
10
96.59027419927634
20
17.03585545164958
10
96.6060050079202
20
17.030515561659968
10
96.62090424180838
20
17.023168072616727
10
96.6347169709179
20
17.01393870209438
10
96.64720685562452
20
17.002985367181395
10
96.6581601905375
20
16.990495482475126
10
96.66738956105974
20
16.97668275336548
10
96.67473705010298
20
16.96178351947742
10
96.68007694009248
20
16.946052710833442
10
96.68331786403019
20
16.929759485930845
10
96.68440436880883
20
16.913182626365256
10
96.68331786403019
20
16.896605766799667
10
96.68007694009248
20
16.88031254189707
10
96.67473705010298
20
16.86458173325309
10
96.66738956105974
20
16.84968249936503
10
96.6581601905375
20
16.835869770255385
10
96.64720685562452
20
16.823379885549116
10
96.6347169709179
20
16.812426550636133
10
96.62090424180838
20
16.803197180113784
10
96.6060050079202
20
16.795849691070543
10
96.59027419927634
20
16.79050980108093
10
96.57398097437385
20
16.787268877143333
10
96.55740411480815
20
16.786182372364806
97
1
330

75
0
76
1
47
0.4128176842155181
98
1
10
34.90568961886538
20
22.81183545379326
450
0
451
0
460
0
461
0
452
1
462
1
453
2
463
0
63
5
421
255
463
1
63
7
421
16777215
470
LINEAR
1001
ACAD
1010
0
1020
0
1030
0
0
HATCH
5
c4d
100
AcDbEntity
8
TopSilkLayer
100
AcDbHatch
10
0
20
0
30
0
210
0
220
0
230
1
2
SOLID
70
1
71
0
91
1
92
7
72
0
73
1
93
9
10
96.55613411226818
20
2.6910591821184653
10
95.45613411226827
20
2.6910591821184653
10
95.45613411226827
20
2.1910591821184653
10
95.45613411226827
20
2.1910591821184653
10
94.65613411226809
20
2.991059182118306
10
94.65613411226809
20
3.091059182118329
10
95.45613411226827
20
3.891059182118397
10
95.45613411226827
20
3.391059182118397
10
96.55613411226818
20
3.391059182118397
97
1
330

75
0
76
1
47
0.4128176842155181
98
1
10
34.90568961886538
20
22.81183545379326
450
0
451
0
460
0
461
0
452
1
462
1
453
2
463
0
63
5
421
255
463
1
63
7
421
16777215
470
LINEAR
1001
ACAD
1010
0
1020
0
1030
0
0
HATCH
5
c4f
100
AcDbEntity
8
TopSilkLayer
100
AcDbHatch
10
0
20
0
30
0
210
0
220
0
230
1
2
SOLID
70
1
71
0
91
1
92
7
72
0
73
1
93
9
10
96.55623571247133
20
7.691059182118352
10
95.45623571247143
20
7.691059182118352
10
95.45623571247143
20
7.191059182118465
10
95.45623571247143
20
7.191059182118465
10
94.65623571247147
20
7.991059182118306
10
94.65623571247147
20
8.091059182118329
10
95.45623571247143
20
8.891059182118397
10
95.45623571247143
20
8.391059182118397
10
96.55623571247133
20
8.391059182118397
97
1
330

75
0
76
1
47
0.4128176842155181
98
1
10
34.90568961886538
20
22.81183545379326
450
0
451
0
460
0
461
0
452
1
462
1
453
2
463
0
63
5
421
255
463
1
63
7
421
16777215
470
LINEAR
1001
ACAD
1010
0
1020
0
1030
0
0
HATCH
5
c51
100
AcDbEntity
8
TopSilkLayer
100
AcDbHatch
10
0
20
0
30
0
210
0
220
0
230
1
2
SOLID
70
1
71
0
91
1
92
7
72
0
73
1
93
9
10
96.54599949199905
20
12.691059182118352
10
95.44599949199915
20
12.691059182118352
10
95.44599949199915
20
12.191059182118352
10
95.44599949199915
20
12.191059182118352
10
94.64599949199896
20
12.991059182118306
10
94.64599949199896
20
13.091059182118329
10
95.44599949199915
20
13.891059182118397
10
95.44599949199915
20
13.391059182118397
10
96.54599949199905
20
13.391059182118397
97
1
330

75
0
76
1
47
0.4128176842155181
98
1
10
34.90568961886538
20
22.81183545379326
450
0
451
0
460
0
461
0
452
1
462
1
453
2
463
0
63
5
421
255
463
1
63
7
421
16777215
470
LINEAR
1001
ACAD
1010
0
1020
0
1030
0
0
HATCH
5
c53
100
AcDbEntity
8
TopSilkLayer
100
AcDbHatch
10
0
20
0
30
0
210
0
220
0
230
1
2
SOLID
70
1
71
0
91
1
92
7
72
0
73
1
93
9
10
96.55623571247133
20
17.69103378206762
10
95.45623571247143
20
17.69103378206762
10
95.45623571247143
20
17.191033782067507
10
95.45623571247143
20
17.191033782067507
10
94.65623571247147
20
17.991033782067575
10
94.65623571247147
20
18.091033782067598
10
95.45623571247143
20
18.891033782067552
10
95.45623571247143
20
18.391033782067552
10
96.55623571247133
20
18.391033782067552
97
1
330

75
0
76
1
47
0.4128176842155181
98
1
10
34.90568961886538
20
22.81183545379326
450
0
451
0
460
0
461
0
452
1
462
1
453
2
463
0
63
5
421
255
463
1
63
7
421
16777215
470
LINEAR
1001
ACAD
1010
0
1020
0
1030
0
0
HATCH
5
c55
100
AcDbEntity
8
Document
100
AcDbHatch
10
0
20
0
30
0
210
0
220
0
230
1
2
SOLID
70
1
71
0
91
1
92
7
72
0
73
1
93
79
10
23.88430276860572
20
10.24991109982227
10
23.88430276860572
20
12.340335280670615
10
23.885389273384135
20
12.356912140236204
10
23.888630197321845
20
12.373205365138801
10
23.893970087311345
20
12.388936173782781
10
23.901317576354586
20
12.40383540767084
10
23.91054694687682
20
12.417648136780485
10
23.92150028179003
20
12.430138021486755
10
23.933990166496415
20
12.441091356399738
10
23.947802895605946
20
12.450320726922087
10
23.96270212949412
20
12.457668215965327
10
23.978432938137985
20
12.463008105954941
10
23.99472616304047
20
12.466249029892538
10
24.01130302260617
20
12.467335534671065
10
26.26682753365526
20
12.467335534671065
10
26.283404393220962
20
12.466249029892538
10
26.299697618123446
20
12.463008105954941
10
26.315428426767312
20
12.457668215965327
10
26.330327660655485
20
12.450320726922087
10
26.344140389765016
20
12.441091356399738
10
26.3566302744714
20
12.430138021486755
10
26.367583609384383
20
12.417648136780485
10
26.376812979906617
20
12.40383540767084
10
26.384160468949858
20
12.388936173782781
10
26.389500358939586
20
12.373205365138801
10
26.392741282877296
20
12.356912140236204
10
26.39382778765571
20
12.340335280670615
10
26.39382778765571
20
10.24991109982227
10
26.392741282877296
20
10.233334240256568
10
26.389500358939586
20
10.217041015354084
10
26.384160468949858
20
10.20131020670999
10
26.376812979906617
20
10.186410972821932
10
26.367583609384383
20
10.1725982437124
10
26.3566302744714
20
10.160108359006017
10
26.344140389765016
20
10.149155024093147
10
26.330327660655485
20
10.1399256535708
10
26.315428426767312
20
10.132578164527445
10
26.299697618123446
20
10.12723827453783
10
26.283404393220962
20
10.123997350600348
10
26.26682753365526
20
10.122910845821707
10
26.25025067408933
20
10.123997350600348
10
26.233957449187074
20
10.12723827453783
10
26.218226640543207
20
10.132578164527445
10
26.203327406655035
20
10.1399256535708
10
26.189514677545503
20
10.149155024093147
10
26.177024792838893
20
10.160108359006017
10
26.16607145792591
20
10.1725982437124
10
26.156842087403675
20
10.186410972821932
10
26.149494598360434
20
10.20131020670999
10
26.144154708370706
20
10.217041015354084
10
26.140913784433224
20
10.233334240256568
10
26.139827279654583
20
10.24991109982227
10
26.139827279654583
20
12.213335026670052
10
24.13830327660662
20
12.213335026670052
10
24.13830327660662
20
10.24991109982227
10
24.137216771828207
20
10.233334240256568
10
24.133975847890497
20
10.217041015354084
10
24.128635957900997
20
10.20131020670999
10
24.12128846885753
20
10.186410972821932
10
24.112059098335294
20
10.1725982437124
10
24.10110576342231
20
10.160108359006017
10
24.088615878715927
20
10.149155024093147
10
24.074803149606396
20
10.1399256535708
10
24.059903915718223
20
10.132578164527445
10
24.044173107074357
20
10.12723827453783
10
24.027879882171874
20
10.123997350600348
10
24.01130302260617
20
10.122910845821707
10
23.99472616304047
20
10.123997350600348
10
23.978432938137985
20
10.12723827453783
10
23.96270212949412
20
10.132578164527445
10
23.947802895605946
20
10.1399256535708
10
23.933990166496415
20
10.149155024093147
10
23.92150028179003
20
10.160108359006017
10
23.91054694687682
20
10.1725982437124
10
23.901317576354586
20
10.186410972821932
10
23.893970087311345
20
10.20131020670999
10
23.888630197321845
20
10.217041015354084
10
23.885389273384135
20
10.233334240256568
10
23.88430276860572
20
10.24991109982227
97
1
330

75
0
76
1
47
0.4128176842155181
98
1
10
34.90568961886538
20
22.81183545379326
450
0
451
0
460
0
461
0
452
1
462
1
453
2
463
0
63
5
421
255
463
1
63
7
421
16777215
470
LINEAR
1001
ACAD
1010
0
1020
0
1030
0
0
HATCH
5
c57
100
AcDbEntity
8
Document
100
AcDbHatch
10
0
20
0
30
0
210
0
220
0
230
1
2
SOLID
70
1
71
0
91
1
92
7
72
0
73
1
93
9
10
24.78910337820662
20
10.251079502158973
10
24.78910337820662
20
11.351079502158996
10
24.28910337820662
20
11.351079502158996
10
24.28910337820662
20
11.351079502158996
10
25.0891033782068
20
12.151079502159064
10
25.18910337820671
20
12.151079502159064
10
25.989103378206664
20
11.351079502158996
10
25.489103378206664
20
11.351079502158996
10
25.489103378206664
20
10.251079502158973
97
1
330

75
0
76
1
47
0.4128176842155181
98
1
10
34.90568961886538
20
22.81183545379326
450
0
451
0
460
0
461
0
452
1
462
1
453
2
463
0
63
5
421
255
463
1
63
7
421
16777215
470
LINEAR
1001
ACAD
1010
0
1020
0
1030
0
0
HATCH
5
c59
100
AcDbEntity
8
Document
100
AcDbHatch
10
0
20
0
30
0
210
0
220
0
230
1
2
SOLID
70
1
71
0
91
1
92
7
72
0
73
1
93
9
10
29.789103378206846
20
10.250977901955821
10
29.789103378206846
20
11.350977901955844
10
29.289103378206846
20
11.350977901955844
10
29.289103378206846
20
11.350977901955844
10
30.0891033782068
20
12.150977901955798
10
30.189103378206937
20
12.150977901955798
10
30.98910337820689
20
11.350977901955844
10
30.48910337820689
20
11.350977901955844
10
30.48910337820689
20
10.250977901955821
97
1
330

75
0
76
1
47
0.4128176842155181
98
1
10
34.90568961886538
20
22.81183545379326
450
0
451
0
460
0
461
0
452
1
462
1
453
2
463
0
63
5
421
255
463
1
63
7
421
16777215
470
LINEAR
1001
ACAD
1010
0
1020
0
1030
0
0
HATCH
5
c5b
100
AcDbEntity
8
Document
100
AcDbHatch
10
0
20
0
30
0
210
0
220
0
230
1
2
SOLID
70
1
71
0
91
1
92
7
72
0
73
1
93
79
10
28.884302768605494
20
10.249809499619118
10
28.884302768605494
20
12.340233680467463
10
28.885389273383907
20
12.356810540033052
10
28.888630197321618
20
12.37310376493565
10
28.893970087311345
20
12.38883457357963
10
28.901317576354586
20
12.403733807467688
10
28.91054694687682
20
12.417546536577333
10
28.921500281789804
20
12.430036421283603
10
28.933990166496187
20
12.440989756196586
10
28.94780289560572
20
12.450219126718935
10
28.96270212949389
20
12.457566615762175
10
28.978432938137757
20
12.46290650575179
10
28.99472616304024
20
12.466147429689386
10
29.011303022605944
20
12.467233934467913
10
31.266827533655032
20
12.467233934467913
10
31.283404393220735
20
12.466147429689386
10
31.29969761812322
20
12.46290650575179
10
31.315428426767085
20
12.457566615762175
10
31.330327660655257
20
12.450219126718935
10
31.34414038976479
20
12.440989756196586
10
31.356630274471172
20
12.430036421283603
10
31.367583609384383
20
12.417546536577333
10
31.376812979906617
20
12.403733807467688
10
31.384160468949858
20
12.38883457357963
10
31.389500358939358
20
12.37310376493565
10
31.39274128287707
20
12.356810540033052
10
31.393827787655482
20
12.340233680467463
10
31.393827787655482
20
10.249809499619118
10
31.39274128287707
20
10.233232640053416
10
31.389500358939358
20
10.216939415150932
10
31.384160468949858
20
10.201208606506839
10
31.376812979906617
20
10.18630937261878
10
31.367583609384383
20
10.172496643509248
10
31.356630274471172
20
10.160006758802865
10
31.34414038976479
20
10.149053423889995
10
31.330327660655257
20
10.139824053367647
10
31.315428426767085
20
10.132476564324293
10
31.29969761812322
20
10.127136674334679
10
31.283404393220735
20
10.123895750397082
10
31.266827533655032
20
10.122809245618555
10
31.25025067408933
20
10.123895750397082
10
31.233957449186846
20
10.127136674334679
10
31.21822664054298
20
10.132476564324293
10
31.203327406654807
20
10.139824053367647
10
31.189514677545276
20
10.149053423889995
10
31.177024792838893
20
10.160006758802865
10
31.16607145792591
20
10.172496643509248
10
31.156842087403675
20
10.18630937261878
10
31.149494598360207
20
10.201208606506839
10
31.144154708370706
20
10.216939415150932
10
31.140913784432996
20
10.233232640053416
10
31.139827279654583
20
10.249809499619118
10
31.139827279654583
20
12.2132334264669
10
29.13830327660662
20
12.2132334264669
10
29.13830327660662
20
10.249809499619118
10
29.13721677182798
20
10.233232640053416
10
29.13397584789027
20
10.216939415150932
10
29.12863595790077
20
10.201208606506839
10
29.12128846885753
20
10.18630937261878
10
29.112059098335294
20
10.172496643509248
10
29.101105763422083
20
10.160006758802865
10
29.0886158787157
20
10.149053423889995
10
29.07480314960617
20
10.139824053367647
10
29.059903915717996
20
10.132476564324293
10
29.04417310707413
20
10.127136674334679
10
29.027879882171646
20
10.123895750397082
10
29.011303022605944
20
10.122809245618555
10
28.99472616304024
20
10.123895750397082
10
28.978432938137757
20
10.127136674334679
10
28.96270212949389
20
10.132476564324293
10
28.94780289560572
20
10.139824053367647
10
28.933990166496187
20
10.149053423889995
10
28.921500281789804
20
10.160006758802865
10
28.91054694687682
20
10.172496643509248
10
28.901317576354586
20
10.18630937261878
10
28.893970087311345
20
10.201208606506839
10
28.888630197321618
20
10.216939415150932
10
28.885389273383907
20
10.233232640053416
10
28.884302768605494
20
10.249809499619118
97
1
330

75
0
76
1
47
0.4128176842155181
98
1
10
34.90568961886538
20
22.81183545379326
450
0
451
0
460
0
461
0
452
1
462
1
453
2
463
0
63
5
421
255
463
1
63
7
421
16777215
470
LINEAR
1001
ACAD
1010
0
1020
0
1030
0
0
HATCH
5
c5d
100
AcDbEntity
8
Document
100
AcDbHatch
10
0
20
0
30
0
210
0
220
0
230
1
2
SOLID
70
1
71
0
91
1
92
7
72
0
73
1
93
9
10
34.789103378206846
20
10.261214122428328
10
34.789103378206846
20
11.361214122428237
10
34.28910337820662
20
11.361214122428237
10
34.28910337820662
20
11.361214122428237
10
35.0891033782068
20
12.161214122428305
10
35.18910337820671
20
12.161214122428305
10
35.989103378206664
20
11.361214122428237
10
35.489103378206664
20
11.361214122428237
10
35.489103378206664
20
10.261214122428328
97
1
330

75
0
76
1
47
0.4128176842155181
98
1
10
34.90568961886538
20
22.81183545379326
450
0
451
0
460
0
461
0
452
1
462
1
453
2
463
0
63
5
421
255
463
1
63
7
421
16777215
470
LINEAR
1001
ACAD
1010
0
1020
0
1030
0
0
HATCH
5
c5f
100
AcDbEntity
8
Document
100
AcDbHatch
10
0
20
0
30
0
210
0
220
0
230
1
2
SOLID
70
1
71
0
91
1
92
7
72
0
73
1
93
79
10
33.88427736855465
20
10.260045720091398
10
33.88427736855465
20
12.350469900939743
10
33.88536387333329
20
12.367046760505445
10
33.88860479727077
20
12.383339985407929
10
33.8939446872605
20
12.399070794052022
10
33.90129217630374
20
12.413970027940081
10
33.910521546825976
20
12.427782757049613
10
33.92147488173896
20
12.440272641755996
10
33.93396476644557
20
12.451225976668866
10
33.9477774955551
20
12.460455347191214
10
33.962676729443274
20
12.467802836234569
10
33.97840753808714
20
12.473142726224182
10
33.994700762989396
20
12.476383650161779
10
34.011277622555326
20
12.477470154940306
10
36.266802133604415
20
12.477470154940306
10
36.28337899317012
20
12.476383650161779
10
36.299672218072374
20
12.473142726224182
10
36.31540302671647
20
12.467802836234569
10
36.33030226060464
20
12.460455347191214
10
36.344114989713944
20
12.451225976668866
10
36.356604874420555
20
12.440272641755996
10
36.36755820933354
20
12.427782757049613
10
36.37678757985577
20
12.413970027940081
10
36.38413506889901
20
12.399070794052022
10
36.38947495888874
20
12.383339985407929
10
36.39271588282645
20
12.367046760505445
10
36.393802387604865
20
12.350469900939743
10
36.393802387604865
20
10.260045720091398
10
36.39271588282645
20
10.243468860525809
10
36.38947495888874
20
10.227175635623212
10
36.38413506889901
20
10.211444826979232
10
36.37678757985577
20
10.196545593091173
10
36.36755820933354
20
10.182732863981528
10
36.356604874420555
20
10.170242979275258
10
36.344114989713944
20
10.159289644362275
10
36.33030226060464
20
10.150060273839927
10
36.31540302671647
20
10.142712784796686
10
36.299672218072374
20
10.137372894807072
10
36.28337899317012
20
10.134131970869475
10
36.266802133604415
20
10.133045466090948
10
36.250225274038485
20
10.134131970869475
10
36.23393204913623
20
10.137372894807072
10
36.218201240492135
20
10.142712784796686
10
36.20330200660396
20
10.150060273839927
10
36.18948927749466
20
10.159289644362275
10
36.17699939278805
20
10.170242979275258
10
36.166046057875064
20
10.182732863981528
10
36.15681668735283
20
10.196545593091173
10
36.14946919830959
20
10.211444826979232
10
36.14412930831986
20
10.227175635623212
10
36.14088838438215
20
10.243468860525809
10
36.13980187960374
20
10.260045720091398
10
36.13980187960374
20
12.223469646939293
10
34.138277876555776
20
12.223469646939293
10
34.138277876555776
20
10.260045720091398
10
34.13719137177736
20
10.243468860525809
10
34.13395044783965
20
10.227175635623212
10
34.128610557849925
20
10.211444826979232
10
34.121263068806684
20
10.196545593091173
10
34.11203369828445
20
10.182732863981528
10
34.101080363371466
20
10.170242979275258
10
34.08859047866508
20
10.159289644362275
10
34.07477774955555
20
10.150060273839927
10
34.05987851566738
20
10.142712784796686
10
34.04414770702351
20
10.137372894807072
10
34.02785448212103
20
10.134131970869475
10
34.011277622555326
20
10.133045466090948
10
33.994700762989396
20
10.134131970869475
10
33.97840753808714
20
10.137372894807072
10
33.962676729443274
20
10.142712784796686
10
33.9477774955551
20
10.150060273839927
10
33.93396476644557
20
10.159289644362275
10
33.92147488173896
20
10.170242979275258
10
33.910521546825976
20
10.182732863981528
10
33.90129217630374
20
10.196545593091173
10
33.8939446872605
20
10.211444826979232
10
33.88860479727077
20
10.227175635623212
10
33.88536387333329
20
10.243468860525809
10
33.88427736855465
20
10.260045720091398
97
1
330

75
0
76
1
47
0.4128176842155181
98
1
10
34.90568961886538
20
22.81183545379326
450
0
451
0
460
0
461
0
452
1
462
1
453
2
463
0
63
5
421
255
463
1
63
7
421
16777215
470
LINEAR
1001
ACAD
1010
0
1020
0
1030
0
0
HATCH
5
c61
100
AcDbEntity
8
Document
100
AcDbHatch
10
0
20
0
30
0
210
0
220
0
230
1
2
SOLID
70
1
71
0
91
1
92
7
72
0
73
1
93
9
10
39.789077978156
20
10.250977901955821
10
39.789077978156
20
11.350977901955844
10
39.289077978156
20
11.350977901955844
10
39.289077978156
20
11.350977901955844
10
40.08907797815618
20
12.150977901955798
10
40.18907797815609
20
12.150977901955798
10
40.98907797815582
20
11.350977901955844
10
40.48907797815605
20
11.350977901955844
10
40.48907797815605
20
10.250977901955821
97
1
330

75
0
76
1
47
0.4128176842155181
98
1
10
34.90568961886538
20
22.81183545379326
450
0
451
0
460
0
461
0
452
1
462
1
453
2
463
0
63
5
421
255
463
1
63
7
421
16777215
470
LINEAR
1001
ACAD
1010
0
1020
0
1030
0
0
HATCH
5
c63
100
AcDbEntity
8
Document
100
AcDbHatch
10
0
20
0
30
0
210
0
220
0
230
1
2
SOLID
70
1
71
0
91
1
92
7
72
0
73
1
93
79
10
38.88422656845319
20
10.249809499619118
10
38.88422656845319
20
12.340233680467463
10
38.8853130732316
20
12.356810540033052
10
38.88855399716931
20
12.37310376493565
10
38.89389388715881
20
12.38883457357963
10
38.90124137620228
20
12.403733807467688
10
38.91047074672451
20
12.417546536577333
10
38.9214240816375
20
12.430036421283603
10
38.93391396634388
20
12.440989756196586
10
38.94772669545341
20
12.450219126718935
10
38.962625929341584
20
12.457566615762175
10
38.97835673798545
20
12.46290650575179
10
38.994649962887934
20
12.466147429689386
10
39.01122682245364
20
12.467233934467913
10
41.266751333502725
20
12.467233934467913
10
41.28332819306843
20
12.466147429689386
10
41.29962141797091
20
12.46290650575179
10
41.31535222661478
20
12.457566615762175
10
41.33025146050295
20
12.450219126718935
10
41.34406418961248
20
12.440989756196586
10
41.356554074318865
20
12.430036421283603
10
41.36750740923185
20
12.417546536577333
10
41.37673677975408
20
12.403733807467688
10
41.38408426879755
20
12.38883457357963
10
41.38942415878705
20
12.37310376493565
10
41.39266508272476
20
12.356810540033052
10
41.393751587503175
20
12.340233680467463
10
41.393751587503175
20
10.249809499619118
10
41.39266508272476
20
10.233232640053416
10
41.38942415878705
20
10.216939415150932
10
41.38408426879755
20
10.201208606506839
10
41.37673677975408
20
10.18630937261878
10
41.36750740923185
20
10.172496643509248
10
41.356554074318865
20
10.160006758802865
10
41.34406418961248
20
10.149053423889995
10
41.33025146050295
20
10.139824053367647
10
41.31535222661478
20
10.132476564324293
10
41.29962141797091
20
10.127136674334679
10
41.28332819306843
20
10.123895750397082
10
41.266751333502725
20
10.122809245618555
10
41.25017447393702
20
10.123895750397082
10
41.23388124903454
20
10.127136674334679
10
41.21815044039067
20
10.132476564324293
10
41.2032512065025
20
10.139824053367647
10
41.18943847739297
20
10.149053423889995
10
41.176948592686585
20
10.160006758802865
10
41.165995257773375
20
10.172496643509248
10
41.15676588725114
20
10.18630937261878
10
41.1494183982079
20
10.201208606506839
10
41.1440785082184
20
10.216939415150932
10
41.14083758428069
20
10.233232640053416
10
41.139751079502275
20
10.249809499619118
10
41.139751079502275
20
12.2132334264669
10
39.138227076454086
20
12.2132334264669
10
39.138227076454086
20
10.249809499619118
10
39.13714057167567
20
10.233232640053416
10
39.13389964773796
20
10.216939415150932
10
39.12855975774846
20
10.201208606506839
10
39.12121226870522
20
10.18630937261878
10
39.11198289818299
20
10.172496643509248
10
39.101029563269776
20
10.160006758802865
10
39.08853967856339
20
10.149053423889995
10
39.07472694945386
20
10.139824053367647
10
39.05982771556569
20
10.132476564324293
10
39.04409690692182
20
10.127136674334679
10
39.02780368201934
20
10.123895750397082
10
39.01122682245364
20
10.122809245618555
10
38.994649962887934
20
10.123895750397082
10
38.97835673798545
20
10.127136674334679
10
38.962625929341584
20
10.132476564324293
10
38.94772669545341
20
10.139824053367647
10
38.93391396634388
20
10.149053423889995
10
38.9214240816375
20
10.160006758802865
10
38.91047074672451
20
10.172496643509248
10
38.90124137620228
20
10.18630937261878
10
38.89389388715881
20
10.201208606506839
10
38.88855399716931
20
10.216939415150932
10
38.8853130732316
20
10.233232640053416
10
38.88422656845319
20
10.249809499619118
97
1
330

75
0
76
1
47
0.4128176842155181
98
1
10
34.90568961886538
20
22.81183545379326
450
0
451
0
460
0
461
0
452
1
462
1
453
2
463
0
63
5
421
255
463
1
63
7
421
16777215
470
LINEAR
1001
ACAD
1010
0
1020
0
1030
0
0
HATCH
5
c65
100
AcDbEntity
8
TopSilkLayer
100
AcDbHatch
10
0
20
0
30
0
210
0
220
0
230
1
2
SOLID
70
1
71
0
91
1
92
7
72
0
73
1
93
9
10
24.78910337820662
20
10.251079502158973
10
24.78910337820662
20
11.351079502158996
10
24.28910337820662
20
11.351079502158996
10
24.28910337820662
20
11.351079502158996
10
25.0891033782068
20
12.151079502159064
10
25.18910337820671
20
12.151079502159064
10
25.989103378206664
20
11.351079502158996
10
25.489103378206664
20
11.351079502158996
10
25.489103378206664
20
10.251079502158973
97
1
330

75
0
76
1
47
0.4128176842155181
98
1
10
34.90568961886538
20
22.81183545379326
450
0
451
0
460
0
461
0
452
1
462
1
453
2
463
0
63
5
421
255
463
1
63
7
421
16777215
470
LINEAR
1001
ACAD
1010
0
1020
0
1030
0
0
HATCH
5
c67
100
AcDbEntity
8
TopSilkLayer
100
AcDbHatch
10
0
20
0
30
0
210
0
220
0
230
1
2
SOLID
70
1
71
0
91
1
92
7
72
0
73
1
93
9
10
29.789103378206846
20
10.250977901955821
10
29.789103378206846
20
11.350977901955844
10
29.289103378206846
20
11.350977901955844
10
29.289103378206846
20
11.350977901955844
10
30.0891033782068
20
12.150977901955798
10
30.189103378206937
20
12.150977901955798
10
30.98910337820689
20
11.350977901955844
10
30.48910337820689
20
11.350977901955844
10
30.48910337820689
20
10.250977901955821
97
1
330

75
0
76
1
47
0.4128176842155181
98
1
10
34.90568961886538
20
22.81183545379326
450
0
451
0
460
0
461
0
452
1
462
1
453
2
463
0
63
5
421
255
463
1
63
7
421
16777215
470
LINEAR
1001
ACAD
1010
0
1020
0
1030
0
0
HATCH
5
c69
100
AcDbEntity
8
TopSilkLayer
100
AcDbHatch
10
0
20
0
30
0
210
0
220
0
230
1
2
SOLID
70
1
71
0
91
1
92
7
72
0
73
1
93
9
10
34.789103378206846
20
10.261214122428328
10
34.789103378206846
20
11.361214122428237
10
34.28910337820662
20
11.361214122428237
10
34.28910337820662
20
11.361214122428237
10
35.0891033782068
20
12.161214122428305
10
35.18910337820671
20
12.161214122428305
10
35.989103378206664
20
11.361214122428237
10
35.489103378206664
20
11.361214122428237
10
35.489103378206664
20
10.261214122428328
97
1
330

75
0
76
1
47
0.4128176842155181
98
1
10
34.90568961886538
20
22.81183545379326
450
0
451
0
460
0
461
0
452
1
462
1
453
2
463
0
63
5
421
255
463
1
63
7
421
16777215
470
LINEAR
1001
ACAD
1010
0
1020
0
1030
0
0
HATCH
5
c6b
100
AcDbEntity
8
TopSilkLayer
100
AcDbHatch
10
0
20
0
30
0
210
0
220
0
230
1
2
SOLID
70
1
71
0
91
1
92
7
72
0
73
1
93
9
10
39.789077978156
20
10.250977901955821
10
39.789077978156
20
11.350977901955844
10
39.289077978156
20
11.350977901955844
10
39.289077978156
20
11.350977901955844
10
40.08907797815618
20
12.150977901955798
10
40.18907797815609
20
12.150977901955798
10
40.98907797815582
20
11.350977901955844
10
40.48907797815605
20
11.350977901955844
10
40.48907797815605
20
10.250977901955821
97
1
330

75
0
76
1
47
0.4128176842155181
98
1
10
34.90568961886538
20
22.81183545379326
450
0
451
0
460
0
461
0
452
1
462
1
453
2
463
0
63
5
421
255
463
1
63
7
421
16777215
470
LINEAR
1001
ACAD
1010
0
1020
0
1030
0
0
HATCH
5
c6d
100
AcDbEntity
8
TopSilkLayer
100
AcDbHatch
10
0
20
0
30
0
210
0
220
0
230
1
2
SOLID
70
1
71
0
91
1
92
7
72
0
73
1
93
55
10
77.99415798831592
20
52.197053594107274
10
78.04286232476375
20
52.14910392043885
10
78.09010981510937
20
52.099718110232175
10
78.13585813148211
20
52.04894040702686
10
78.1800662890837
20
51.99681630132534
10
78.22269468290733
20
51.94339248983897
10
78.26370512321773
20
51.8887168336538
10
78.3030608697643
20
51.83283831535289
10
78.34072666469615
20
51.7758069951343
10
78.37666876414869
20
51.71767396596272
10
78.41085496847472
20
51.658491307797476
10
78.44325465108955
20
51.598312040934275
10
78.47383878590972
20
51.53719007850634
10
78.50257997335711
20
51.475180178185155
10
78.52945246490458
20
51.41233789312378
10
78.55443218614482
20
51.34871952218816
10
78.57749675835589
20
51.28438205952102
10
78.59862551855167
20
51.21938314348154
10
78.61779953799328
20
51.153781005008796
10
78.63500163914523
20
51.08763441545443
10
78.65021641106568
20
51.021002633929925
10
78.66343022321303
20
50.95394535421872
10
78.6746312376556
20
50.88652265129758
10
78.68380941967916
20
50.818794927517274
10
78.69095654677426
20
50.75082285848873
10
78.69606621600497
20
50.68266733872633
10
78.69913384974348
20
50.61438942709333
10
78.7001566997717
20
50.54605029210063
10
78.69913384974348
20
50.47771115710793
10
78.69606621600497
20
50.40943324547493
10
78.69095654677426
20
50.34127772571253
10
78.68380941967916
20
50.27330565668399
10
78.6746312376556
20
50.20557793290368
10
78.66343022321303
20
50.138155229982544
10
78.65021641106568
20
50.07109795027134
10
78.63500163914523
20
50.00446616874683
10
78.61779953799328
20
49.938319579192466
10
78.59862551855167
20
49.872717440719725
10
78.57749675835589
20
49.80771852468024
10
78.55443218614482
20
49.7433810620131
10
78.52945246490458
20
49.679762691077485
10
78.50257997335711
20
49.61692040601599
10
78.47383878590972
20
49.55491050569492
10
78.44325465108955
20
49.49378854326699
10
78.41085496847472
20
49.433609276403786
10
78.37666876414869
20
49.374426618238545
10
78.34072666469615
20
49.316293589066845
10
78.3030608697643
20
49.259262268848374
10
78.26370512321773
20
49.20338375054746
10
78.22269468290733
20
49.14870809436229
10
78.1800662890837
20
49.09528428287592
10
78.13585813148211
20
49.043160177174286
10
78.09010981510937
20
48.99238247396909
10
78.04286232476375
20
48.942996663762415
10
77.99415798831592
20
48.89504699009399
97
1
330

75
0
76
1
47
0.4128176842155181
98
1
10
34.90568961886538
20
22.81183545379326
450
0
451
0
460
0
461
0
452
1
462
1
453
2
463
0
63
5
421
255
463
1
63
7
421
16777215
470
LINEAR
1001
ACAD
1010
0
1020
0
1030
0
0
HATCH
5
c6f
100
AcDbEntity
8
TopSilkLayer
100
AcDbHatch
10
0
20
0
30
0
210
0
220
0
230
1
2
SOLID
70
1
71
0
91
1
92
7
72
0
73
1
93
55
10
56.912115824231705
20
24.7649987299975
10
56.96082016067953
20
24.717049056329074
10
57.00806765102516
20
24.6676632461224
10
57.05381596739767
20
24.616885542917203
10
57.09802412499948
20
24.564761437215566
10
57.14065251882312
20
24.511337625729197
10
57.18166295913352
20
24.45666196954403
10
57.22101870567985
20
24.400783451243115
10
57.258684500611935
20
24.343752131024644
10
57.294626600064475
20
24.285619101853058
10
57.32881280439028
20
24.226436443687703
10
57.361212487005105
20
24.1662571768245
10
57.39179662182528
20
24.10513521439657
10
57.42053780927267
20
24.043125314075496
10
57.44741030082014
20
23.980283029014004
10
57.47239002206038
20
23.91666465807839
10
57.49545459427145
20
23.85232719541125
10
57.51658335446746
20
23.787328279371764
10
57.53575737390884
20
23.721726140899136
10
57.55295947506079
20
23.65557955134466
10
57.56817424698147
20
23.58894776982015
10
57.581388059128585
20
23.521890490108945
10
57.59258907357116
20
23.45446778718781
10
57.60176725559472
20
23.3867400634075
10
57.60891438268982
20
23.31876799437896
10
57.614024051920524
20
23.25061247461656
10
57.617091685659034
20
23.182334562983556
10
57.61811453568748
20
23.113995427990858
10
57.617091685659034
20
23.04565629299816
10
57.614024051920524
20
22.977378381365156
10
57.60891438268982
20
22.909222861602757
10
57.60176725559472
20
22.841250792574215
10
57.59258907357116
20
22.773523068793907
10
57.581388059128585
20
22.706100365872885
10
57.56817424698147
20
22.639043086161678
10
57.55295947506079
20
22.572411304637058
10
57.53575737390884
20
22.506264715082693
10
57.51658335446746
20
22.440662576610066
10
57.49545459427145
20
22.375663660570467
10
57.47239002206038
20
22.311326197903327
10
57.44741030082014
20
22.247707826967826
10
57.42053780927267
20
22.184865541906333
10
57.39179662182528
20
22.122855641585147
10
57.361212487005105
20
22.061733679157328
10
57.32881280439028
20
22.001554412294126
10
57.294626600064475
20
21.94237175412877
10
57.258684500611935
20
21.884238724957186
10
57.22101870567985
20
21.8272074047386
10
57.18166295913352
20
21.7713288864378
10
57.14065251882312
20
21.71665323025252
10
57.09802412499948
20
21.66322941876615
10
57.05381596739767
20
21.611105313064627
10
57.00806765102516
20
21.560327609859314
10
56.96082016067953
20
21.510941799652755
10
56.912115824231705
20
21.46299212598433
97
1
330

75
0
76
1
47
0.4128176842155181
98
1
10
34.90568961886538
20
22.81183545379326
450
0
451
0
460
0
461
0
452
1
462
1
453
2
463
0
63
5
421
255
463
1
63
7
421
16777215
470
LINEAR
1001
ACAD
1010
0
1020
0
1030
0
  0
ENDSEC
  0
SECTION
  2
OBJECTS
  0
DICTIONARY
  5
C
330
0
100
AcDbDictionary
281
     1
  3
ACAD_CIP_PREVIOUS_PRODUCT_INFO
350
216
  3
ACAD_COLOR
350
6B
  3
ACAD_DETAILVIEWSTYLE
350
21B
  3
ACAD_GROUP
350
D
  3
ACAD_LAYOUT
350
1A
  3
ACAD_MATERIAL
350
6A
  3
ACAD_MLEADERSTYLE
350
12D
  3
ACAD_MLINESTYLE
350
17
  3
ACAD_PLOTSETTINGS
350
19
  3
ACAD_PLOTSTYLENAME
350
E
  3
ACAD_SCALELIST
350
10C
  3
ACAD_SECTIONVIEWSTYLE
350
219
  3
ACAD_TABLESTYLE
350
7E
  3
ACAD_VISUALSTYLE
350
EF
  3
ACDB_RECOMPOSE_DATA
350
27D
  3
AcDbVariableDictionary
350
5E
  3
AcDsDecomposeData
350
283
  0
DICTIONARY
  5
1FF
330
2
100
AcDbDictionary
280
     1
281
     1
  3
ACAD_LAYERSTATES
360
200
  0
DICTIONARY
  5
13C
330
10
100
AcDbDictionary
280
     1
281
     1
  0
DICTIONARY
  5
1CE
330
1F
100
AcDbDictionary
280
     1
281
     1
  0
XRECORD
  5
216
102
{ACAD_REACTORS
330
C
102
}
330
C
100
AcDbXrecord
280
     1
300
ACD
300
2017
300
ACD_F_S
  0
DICTIONARY
  5
6B
102
{ACAD_REACTORS
330
C
102
}
330
C
100
AcDbDictionary
281
     1
  0
DICTIONARY
  5
21B
102
{ACAD_REACTORS
330
C
102
}
330
C
100
AcDbDictionary
281
     1
  3
Metric50
350
21C
  0
DICTIONARY
  5
D
102
{ACAD_REACTORS
330
C
102
}
330
C
100
AcDbDictionary
281
     1
  0
DICTIONARY
  5
1A
102
{ACAD_REACTORS
330
C
102
}
330
C
100
AcDbDictionary
281
     1
  3
Model
350
22
  3
布局1
350
D3
  3
布局2
350
D7
  0
DICTIONARY
  5
6A
102
{ACAD_REACTORS
330
C
102
}
330
C
100
AcDbDictionary
281
     1
  3
ByBlock
350
ED
  3
ByLayer
350
EC
  3
Global
350
EE
  0
DICTIONARY
  5
12D
102
{ACAD_REACTORS
330
C
102
}
330
C
100
AcDbDictionary
281
     1
  3
Annotative
350
13B
  3
Standard
350
12E
  0
DICTIONARY
  5
17
102
{ACAD_REACTORS
330
C
102
}
330
C
100
AcDbDictionary
281
     1
  3
Standard
350
18
  0
DICTIONARY
  5
19
102
{ACAD_REACTORS
330
C
102
}
330
C
100
AcDbDictionary
281
     1
  0
ACDBDICTIONARYWDFLT
  5
E
102
{ACAD_REACTORS
330
C
102
}
330
C
100
AcDbDictionary
281
     1
  3
Normal
350
F
100
AcDbDictionaryWithDefault
340
F
  0
DICTIONARY
  5
10C
102
{ACAD_REACTORS
330
C
102
}
330
C
100
AcDbDictionary
281
     1
  3
A0
350
10D
  3
A1
350
1BE
  3
A2
350
1BF
  3
A3
350
1C0
  3
A4
350
1C1
  3
A5
350
1C2
  3
A6
350
1C3
  3
A7
350
1C4
  3
A8
350
1C5
  3
A9
350
1C6
  3
B0
350
1C7
  3
B1
350
1C8
  3
B2
350
1C9
  3
B3
350
1CA
  3
B4
350
1CB
  3
B5
350
1CC
  3
B6
350
1CD
  0
DICTIONARY
  5
219
102
{ACAD_REACTORS
330
C
102
}
330
C
100
AcDbDictionary
281
     1
  3
Metric50
350
21A
  0
DICTIONARY
  5
7E
102
{ACAD_REACTORS
330
C
102
}
330
C
100
AcDbDictionary
281
     1
  3
Standard
350
7F
  0
DICTIONARY
  5
EF
102
{ACAD_REACTORS
330
C
102
}
330
C
100
AcDbDictionary
281
     1
  3
2dWireframe
350
F5
  3
Basic
350
F4
  3
Brighten
350
FB
  3
ColorChange
350
FF
  3
Conceptual
350
F8
  3
Dim
350
FA
  3
EdgeColorOff
350
1E6
  3
Facepattern
350
FE
  3
Flat
350
F0
  3
FlatWithEdges
350
F1
  3
Gouraud
350
F2
  3
GouraudWithEdges
350
F3
  3
Hidden
350
F7
  3
JitterOff
350
1E4
  3
Linepattern
350
FD
  3
OverhangOff
350
1E5
  3
Realistic
350
F9
  3
Shaded
350
1F3
  3
Shaded with edges
350
1F2
  3
Shades of Gray
350
1EF
  3
Sketchy
350
1F0
  3
Thicken
350
FC
  3
Wireframe
350
F6
  3
X-Ray
350
1F1
  0
XRECORD
  5
27D
102
{ACAD_REACTORS
330
C
102
}
330
C
100
AcDbXrecord
280
     1
 90
        1
330
7F
  0
DICTIONARY
  5
5E
102
{ACAD_REACTORS
330
C
102
}
330
C
100
AcDbDictionary
281
     1
  3
CANNOSCALE
350
146
  3
CENTEREXE
350
259
  3
CENTERLTYPEFILE
350
25A
  3
CMLEADERSTYLE
350
145
  3
CTABLESTYLE
350
84
  3
CVIEWDETAILSTYLE
350
227
  3
CVIEWSECTIONSTYLE
350
228
  3
DIMASSOC
350
5F
  3
HIDETEXT
350
63
  3
LAYEREVAL
350
1AE
  3
LAYERNOTIFY
350
1AF
  3
XCLIPFRAME
350
27B
  0
DICTIONARY
  5
283
102
{ACAD_REACTORS
330
C
102
}
330
C
100
AcDbDictionary
281
     1
  3
AcDsRecords
350
285
  3
AcDsSchemas
350
284
1001
ACAD
1070
     2
  0
DICTIONARY
  5
200
102
{ACAD_REACTORS
330
1FF
102
}
330
1FF
100
AcDbDictionary
281
     1
  0
ACDBDETAILVIEWSTYLE
  5
21C
102
{ACAD_XDICTIONARY
360
236
102
}
102
{ACAD_REACTORS
330
21B
102
}
330
21B
100
AcDbModelDocViewStyle
 70
     0
  3
Metric50
290
     0
100
AcDbDetailViewStyle
 70
     0
 71
     0
 90
        3
 71
     1
340
11
 62
   256
 40
5.0
340
0
 62
   256
 40
5.0
300

 40
0.0
280
     1
 71
     2
340
16
 90
       25
 62
   256
 71
     3
340
11
 62
   256
 40
5.0
 90
        0
 40
15.0
 90
        1
300
%<AcVar ViewDetailId>% (%<AcVar ViewScale  "%sn">%)
 71
     4
340
16
 90
       25
 62
   256
340
16
 90
       25
 62
   256
280
     0
  0
LAYOUT
  5
22
102
{ACAD_XDICTIONARY
360
205
102
}
102
{ACAD_REACTORS
330
1A
102
}
330
1A
100
AcDbPlotSettings
  1

  2
none_device
  4
ISO_A4_(210.00_x_297.00_MM)
  6

 40
7.5
 41
20.0
 42
7.5
 43
20.0
 44
210.0
 45
297.0
 46
11.54999923706054
 47
-13.65000009536743
 48
0.0
 49
0.0
140
0.0
141
0.0
142
1.0
143
8.704084754739808
 70
 11952
 72
     1
 73
     0
 74
     0
  7

 75
     0
147
0.1148885871608098
 76
     0
 77
     2
 78
   300
148
0.0
149
0.0
100
AcDbLayout
  1
Model
 70
     1
 71
     0
 10
0.0
 20
0.0
 11
12.0
 21
9.0
 12
0.0
 22
0.0
 32
0.0
 14
0.0
 24
0.0
 34
0.0
 15
0.0
 25
0.0
 35
0.0
146
0.0
 13
0.0
 23
0.0
 33
0.0
 16
1.0
 26
0.0
 36
0.0
 17
0.0
 27
1.0
 37
0.0
 76
     0
330
1F
331
EA
1001
ACAD_PSEXT
1000
None
1000
None
1000
Not applicable
1000
The layout will not be plotted unless a new plotter configuration name is selected.
1070
     0
  0
LAYOUT
  5
D3
102
{ACAD_REACTORS
330
1A
102
}
330
1A
100
AcDbPlotSettings
  1

  2
C:Documents and SettingsasasApplication DataAutodeskAutoCAD 2005R16.1enuplottersDefault Windows System Printer.pc3
  4

  6

 40
0.0
 41
0.0
 42
0.0
 43
0.0
 44
0.0
 45
0.0
 46
0.0
 47
0.0
 48
0.0
 49
0.0
140
0.0
141
0.0
142
1.0
143
1.0
 70
   688
 72
     0
 73
     0
 74
     5
  7

 75
    16
147
1.0
 76
     0
 77
     2
 78
   300
148
0.0
149
0.0
100
AcDbLayout
  1
布局1
 70
     1
 71
     1
 10
0.0
 20
0.0
 11
12.0
 21
9.0
 12
0.0
 22
0.0
 32
0.0
 14
0.0
 24
0.0
 34
0.0
 15
0.0
 25
0.0
 35
0.0
146
0.0
 13
0.0
 23
0.0
 33
0.0
 16
1.0
 26
0.0
 36
0.0
 17
0.0
 27
1.0
 37
0.0
 76
     0
330
D2
  0
LAYOUT
  5
D7
102
{ACAD_REACTORS
330
1A
102
}
330
1A
100
AcDbPlotSettings
  1

  2
C:Documents and SettingsasasApplication DataAutodeskAutoCAD 2005R16.1enuplottersDefault Windows System Printer.pc3
  4

  6

 40
0.0
 41
0.0
 42
0.0
 43
0.0
 44
0.0
 45
0.0
 46
0.0
 47
0.0
 48
0.0
 49
0.0
140
0.0
141
0.0
142
1.0
143
1.0
 70
   688
 72
     0
 73
     0
 74
     5
  7

 75
    16
147
1.0
 76
     0
 77
     2
 78
   300
148
0.0
149
0.0
100
AcDbLayout
  1
布局2
 70
     1
 71
     2
 10
0.0
 20
0.0
 11
12.0
 21
9.0
 12
0.0
 22
0.0
 32
0.0
 14
0.0
 24
0.0
 34
0.0
 15
0.0
 25
0.0
 35
0.0
146
0.0
 13
0.0
 23
0.0
 33
0.0
 16
1.0
 26
0.0
 36
0.0
 17
0.0
 27
1.0
 37
0.0
 76
     0
330
D6
  0
MATERIAL
  5
ED
102
{ACAD_XDICTIONARY
360
1F9
102
}
102
{ACAD_REACTORS
330
6A
102
}
330
6A
100
AcDbMaterial
  1
ByBlock
 94
       63
  0
MATERIAL
  5
EC
102
{ACAD_XDICTIONARY
360
1F7
102
}
102
{ACAD_REACTORS
330
6A
102
}
330
6A
100
AcDbMaterial
  1
ByLayer
 94
       63
  0
MATERIAL
  5
EE
102
{ACAD_XDICTIONARY
360
173
102
}
102
{ACAD_REACTORS
330
6A
102
}
330
6A
100
AcDbMaterial
  1
Global
 43
0.0007999999797903
 43
0.0
 43
0.0
 43
0.0
 43
0.0
 43
0.0007999999797903
 43
0.0
 43
0.0
 43
0.0
 43
0.0
 43
1.0
 43
0.0
 43
0.0
 43
0.0
 43
0.0
 43
1.0
 49
0.0007999999797903
 49
0.0
 49
0.0
 49
0.0
 49
0.0
 49
0.0007999999797903
 49
0.0
 49
0.0
 49
0.0
 49
0.0
 49
1.0
 49
0.0
 49
0.0
 49
0.0
 49
0.0
 49
1.0
142
0.0007999999797903
142
0.0
142
0.0
142
0.0
142
0.0
142
0.0007999999797903
142
0.0
142
0.0
142
0.0
142
0.0
142
1.0
142
0.0
142
0.0
142
0.0
142
0.0
142
1.0
144
0.0007999999797903
144
0.0
144
0.0
144
0.0
144
0.0
144
0.0007999999797903
144
0.0
144
0.0
144
0.0
144
0.0
144
1.0
144
0.0
144
0.0
144
0.0
144
0.0
144
1.0
 94
       63
1001
ACAD
1070
    -1
1070
     3
1070
     0
1000

1071
        0
1070
     0
  0
MLEADERSTYLE
  5
13B
102
{ACAD_REACTORS
330
12D
102
}
330
12D
100
AcDbMLeaderStyle
170
     2
171
     1
172
     0
 90
        2
 40
0.0
 41
0.0
173
     1
 91
-1056964608
340
14
 92
       -2
290
     1
 42
2.0
291
     1
 43
8.0
  3
Standard
 44
4.0
300

342
11
174
     1
178
     1
175
     1
176
     0
 93
-1056964608
 45
4.0
292
     0
297
     0
 46
4.0
 94
-1056964608
 47
1.0
 49
1.0
140
1.0
293
     1
141
0.0
294
     1
177
     0
142
1.0
295
     0
296
     1
143
3.75
1001
ACAD_MLEADERVER
1070
     2
  0
MLEADERSTYLE
  5
12E
102
{ACAD_REACTORS
330
12D
102
}
330
12D
100
AcDbMLeaderStyle
170
     2
171
     1
172
     0
 90
        2
 40
0.0
 41
0.0
173
     1
 91
-1056964608
340
14
 92
       -2
290
     1
 42
2.0
291
     1
 43
8.0
  3
Standard
 44
4.0
300

342
11
174
     1
178
     1
175
     1
176
     0
 93
-1056964608
 45
4.0
292
     0
297
     0
 46
4.0
 94
-1056964608
 47
1.0
 49
1.0
140
1.0
293
     1
141
0.0
294
     1
177
     0
142
1.0
295
     0
296
     0
143
3.75
1001
ACAD_MLEADERVER
1070
     2
  0
MLINESTYLE
  5
18
102
{ACAD_REACTORS
330
17
102
}
330
17
100
AcDbMlineStyle
  2
STANDARD
 70
     0
  3

 62
   256
 51
90.0
 52
90.0
 71
     2
 49
0.5
 62
   256
  6
BYLAYER
 49
-0.5
 62
   256
  6
BYLAYER
  0
ACDBPLACEHOLDER
  5
F
102
{ACAD_REACTORS
330
E
102
}
330
E
  0
SCALE
  5
10D
102
{ACAD_REACTORS
330
10C
102
}
330
10C
100
AcDbScale
 70
     0
300
1:1
140
1.0
141
1.0
290
     1
  0
SCALE
  5
1BE
102
{ACAD_REACTORS
330
10C
102
}
330
10C
100
AcDbScale
 70
     0
300
1:2
140
1.0
141
2.0
290
     0
  0
SCALE
  5
1BF
102
{ACAD_REACTORS
330
10C
102
}
330
10C
100
AcDbScale
 70
     0
300
1:4
140
1.0
141
4.0
290
     0
  0
SCALE
  5
1C0
102
{ACAD_REACTORS
330
10C
102
}
330
10C
100
AcDbScale
 70
     0
300
1:5
140
1.0
141
5.0
290
     0
  0
SCALE
  5
1C1
102
{ACAD_REACTORS
330
10C
102
}
330
10C
100
AcDbScale
 70
     0
300
1:8
140
1.0
141
8.0
290
     0
  0
SCALE
  5
1C2
102
{ACAD_REACTORS
330
10C
102
}
330
10C
100
AcDbScale
 70
     0
300
1:10
140
1.0
141
10.0
290
     0
  0
SCALE
  5
1C3
102
{ACAD_REACTORS
330
10C
102
}
330
10C
100
AcDbScale
 70
     0
300
1:16
140
1.0
141
16.0
290
     0
  0
SCALE
  5
1C4
102
{ACAD_REACTORS
330
10C
102
}
330
10C
100
AcDbScale
 70
     0
300
1:20
140
1.0
141
20.0
290
     0
  0
SCALE
  5
1C5
102
{ACAD_REACTORS
330
10C
102
}
330
10C
100
AcDbScale
 70
     0
300
1:30
140
1.0
141
30.0
290
     0
  0
SCALE
  5
1C6
102
{ACAD_REACTORS
330
10C
102
}
330
10C
100
AcDbScale
 70
     0
300
1:40
140
1.0
141
40.0
290
     0
  0
SCALE
  5
1C7
102
{ACAD_REACTORS
330
10C
102
}
330
10C
100
AcDbScale
 70
     0
300
1:50
140
1.0
141
50.0
290
     0
  0
SCALE
  5
1C8
102
{ACAD_REACTORS
330
10C
102
}
330
10C
100
AcDbScale
 70
     0
300
1:100
140
1.0
141
100.0
290
     0
  0
SCALE
  5
1C9
102
{ACAD_REACTORS
330
10C
102
}
330
10C
100
AcDbScale
 70
     0
300
2:1
140
2.0
141
1.0
290
     0
  0
SCALE
  5
1CA
102
{ACAD_REACTORS
330
10C
102
}
330
10C
100
AcDbScale
 70
     0
300
4:1
140
4.0
141
1.0
290
     0
  0
SCALE
  5
1CB
102
{ACAD_REACTORS
330
10C
102
}
330
10C
100
AcDbScale
 70
     0
300
8:1
140
8.0
141
1.0
290
     0
  0
SCALE
  5
1CC
102
{ACAD_REACTORS
330
10C
102
}
330
10C
100
AcDbScale
 70
     0
300
10:1
140
10.0
141
1.0
290
     0
  0
SCALE
  5
1CD
102
{ACAD_REACTORS
330
10C
102
}
330
10C
100
AcDbScale
 70
     0
300
100:1
140
100.0
141
1.0
290
     0
  0
ACDBSECTIONVIEWSTYLE
  5
21A
102
{ACAD_XDICTIONARY
360
234
102
}
102
{ACAD_REACTORS
330
219
102
}
330
219
100
AcDbModelDocViewStyle
 70
     0
  3
Metric50
290
     0
100
AcDbSectionViewStyle
 70
     0
 71
     0
 90
      102
 71
     1
340
11
 62
   256
 40
5.0
340
0
340
0
 62
   256
 40
5.0
300
I, O, Q, S, X, Z
 40
10.0
 90
        0
 40
2.5
 90
        0
 71
     2
340
16
 90
       25
 62
   256
340
16
 90
       50
 62
   256
 40
5.0
 40
2.5
 40
5.0
 71
     3
340
11
 62
   256
 40
5.0
 90
        0
 40
15.0
 90
        1
300
%<AcVar ViewSectionStartId>%-%<AcVar ViewSectionEndId>% (%<AcVar ViewScale  "%sn">%)
 71
     4
 62
   256
 62
   257
300
ANSI31
 40
1.0
 90
        0
290
     0
290
     0
 90
        6
 40
0.0
 40
1.570796326794896
 40
0.2617993877991494
 40
1.308996938995747
 40
-0.2617993877991494
 40
1.832595714594046
  0
TABLESTYLE
  5
7F
102
{ACAD_XDICTIONARY
360
162
102
}
102
{ACAD_REACTORS
330
7E
102
}
330
7E
100
AcDbTableStyle
  3
Standard
 70
     0
 71
     0
 40
1.5
 41
1.5
280
     0
281
     0
  7
Standard
140
4.5
170
     2
 62
     0
 63
     7
283
     0
 90
      512
 91
        0
  1

274
    -2
284
     1
 64
     0
275
    -2
285
     1
 65
     0
276
    -2
286
     1
 66
     0
277
    -2
287
     1
 67
     0
278
    -2
288
     1
 68
     0
279
    -2
289
     1
 69
     0
  7
Standard
140
6.0
170
     5
 62
     0
 63
     7
283
     0
 90
      512
 91
        0
  1

274
    -2
284
     1
 64
     0
275
    -2
285
     1
 65
     0
276
    -2
286
     1
 66
     0
277
    -2
287
     1
 67
     0
278
    -2
288
     1
 68
     0
279
    -2
289
     1
 69
     0
  7
Standard
140
4.5
170
     5
 62
     0
 63
     7
283
     0
 90
      512
 91
        0
  1

274
    -2
284
     1
 64
     0
275
    -2
285
     1
 65
     0
276
    -2
286
     1
 66
     0
277
    -2
287
     1
 67
     0
278
    -2
288
     1
 68
     0
279
    -2
289
     1
 69
     0
  0
VISUALSTYLE
  5
F5
102
{ACAD_XDICTIONARY
360
290
102
}
102
{ACAD_REACTORS
330
EF
102
}
330
EF
100
AcDbVisualStyle
  2
2dWireframe
 70
     4
 71
     0
 72
     2
 73
     1
 90
        0
 40
-0.6
 41
-30.0
 62
     5
 63
     7
421
 16777215
 74
     1
 91
        4
 64
     7
 65
   257
 75
     1
175
     1
 42
1.0
 92
        0
 66
   257
 43
1.0
 76
     1
 77
     6
 78
     2
 67
     7
 79
     5
170
     0
171
     0
290
     0
174
     0
 93
        1
 44
0.0
173
     0
291
     0
 45
0.0
1001
ACAD
1000
AcDbSavedByObjectVersion
1070
     0
  0
VISUALSTYLE
  5
F4
102
{ACAD_XDICTIONARY
360
28E
102
}
102
{ACAD_REACTORS
330
EF
102
}
330
EF
100
AcDbVisualStyle
  2
Basic
 70
     7
 71
     1
 72
     0
 73
     1
 90
        0
 40
-0.6
 41
-30.0
 62
     5
 63
     7
421
 16777215
 74
     0
 91
        4
 64
     7
 65
   257
 75
     1
175
     1
 42
1.0
 92
        8
 66
     7
 43
1.0
 76
     1
 77
     6
 78
     2
 67
     7
 79
     5
170
     0
171
     0
290
     0
174
     0
 93
        1
 44
0.0
173
     0
291
     1
 45
0.0
1001
ACAD
1000
AcDbSavedByObjectVersion
1070
     0
  0
VISUALSTYLE
  5
FB
102
{ACAD_XDICTIONARY
360
29C
102
}
102
{ACAD_REACTORS
330
EF
102
}
330
EF
100
AcDbVisualStyle
  2
Brighten
 70
    12
 71
     2
 72
     2
 73
     1
 90
        0
 40
-0.6
 41
-30.0
 62
     5
 63
     7
421
 16777215
 74
     1
 91
        4
 64
     7
 65
   257
 75
     1
175
     1
 42
1.0
 92
        8
 66
     7
 43
1.0
 76
     1
 77
     6
 78
     2
 67
     7
 79
     5
170
     0
171
     0
290
     0
174
     0
 93
        1
 44
50.0
173
     0
291
     1
 45
0.0
1001
ACAD
1000
AcDbSavedByObjectVersion
1070
     0
  0
VISUALSTYLE
  5
FF
102
{ACAD_XDICTIONARY
360
2A4
102
}
102
{ACAD_REACTORS
330
EF
102
}
330
EF
100
AcDbVisualStyle
  2
ColorChange
 70
    16
 71
     2
 72
     2
 73
     3
 90
        0
 40
-0.6
 41
-30.0
 62
     5
 63
     8
421
  8421504
 74
     1
 91
        4
 64
     7
 65
   257
 75
     1
175
     1
 42
1.0
 92
        8
 66
     8
424
  8421504
 43
1.0
 76
     1
 77
     6
 78
     2
 67
     7
 79
     5
170
     0
171
     0
290
     0
174
     0
 93
        1
 44
0.0
173
     0
291
     1
 45
0.0
1001
ACAD
1000
AcDbSavedByObjectVersion
1070
     0
  0
VISUALSTYLE
  5
F8
102
{ACAD_XDICTIONARY
360
296
102
}
102
{ACAD_REACTORS
330
EF
102
}
330
EF
100
AcDbVisualStyle
  2
Conceptual
 70
     9
 71
     3
 72
     2
 73
     1
 90
        0
 40
-0.6
 41
-30.0
 62
     5
 63
     7
421
 16777215
 74
     2
 91
        2
 64
     7
 65
   257
 75
     1
175
     1
 42
40.0
 92
        8
 66
     7
 43
1.0
 76
     1
 77
     6
 78
     2
 67
     7
 79
     3
170
     0
171
     0
290
     0
174
     0
 93
        1
 44
0.0
173
     0
291
     0
 45
0.0
1001
ACAD
1000
AcDbSavedByObjectVersion
1070
     0
  0
VISUALSTYLE
  5
FA
102
{ACAD_XDICTIONARY
360
29A
102
}
102
{ACAD_REACTORS
330
EF
102
}
330
EF
100
AcDbVisualStyle
  2
Dim
 70
    11
 71
     2
 72
     2
 73
     1
 90
        0
 40
-0.6
 41
-30.0
 62
     5
 63
     7
421
 16777215
 74
     1
 91
        4
 64
     7
 65
   257
 75
     1
175
     1
 42
1.0
 92
        8
 66
     7
 43
1.0
 76
     1
 77
     6
 78
     2
 67
     7
 79
     5
170
     0
171
     0
290
     0
174
     0
 93
        1
 44
-50.0
173
     0
291
     1
 45
0.0
1001
ACAD
1000
AcDbSavedByObjectVersion
1070
     0
  0
VISUALSTYLE
  5
1E6
102
{ACAD_XDICTIONARY
360
2AA
102
}
102
{ACAD_REACTORS
330
EF
102
}
330
EF
100
AcDbVisualStyle
  2
EdgeColorOff
 70
    22
 71
     2
 72
     2
 73
     0
 90
        0
 40
-0.6
 41
-30.0
 62
     5
 63
     7
421
 16777215
 74
     1
 91
        4
 64
     7
 65
   257
 75
     1
175
     1
 42
1.0
 92
        8
 66
     7
 43
1.0
 76
     1
 77
     6
 78
     2
 67
     7
 79
     5
170
     0
171
     0
290
     0
174
     0
 93
        1
 44
0.0
173
     0
291
     1
 45
0.0
1001
ACAD
1000
AcDbSavedByObjectVersion
1070
     0
  0
VISUALSTYLE
  5
FE
102
{ACAD_XDICTIONARY
360
2A2
102
}
102
{ACAD_REACTORS
330
EF
102
}
330
EF
100
AcDbVisualStyle
  2
Facepattern
 70
    15
 71
     2
 72
     2
 73
     1
 90
        0
 40
-0.6
 41
-30.0
 62
     5
 63
     7
421
 16777215
 74
     1
 91
        4
 64
     7
 65
   257
 75
     1
175
     1
 42
1.0
 92
        8
 66
     7
 43
1.0
 76
     1
 77
     6
 78
     2
 67
     7
 79
     5
170
     0
171
     0
290
     0
174
     0
 93
        1
 44
0.0
173
     0
291
     1
 45
0.0
1001
ACAD
1000
AcDbSavedByObjectVersion
1070
     0
  0
VISUALSTYLE
  5
F0
102
{ACAD_XDICTIONARY
360
286
102
}
102
{ACAD_REACTORS
330
EF
102
}
330
EF
100
AcDbVisualStyle
  2
Flat
 70
     0
 71
     2
 72
     1
 73
     1
 90
        2
 40
-0.6
 41
30.0
 62
     5
 63
     7
421
 16777215
 74
     0
 91
        0
 64
     7
 65
   257
 75
     1
175
     1
 42
1.0
 92
        8
 66
     7
 43
1.0
 76
     1
 77
     6
 78
     2
 67
     7
 79
     5
170
     0
171
     0
290
     0
174
     0
 93
       13
 44
0.0
173
     0
291
     1
 45
0.0
1001
ACAD
1000
AcDbSavedByObjectVersion
1070
     0
  0
VISUALSTYLE
  5
F1
102
{ACAD_XDICTIONARY
360
288
102
}
102
{ACAD_REACTORS
330
EF
102
}
330
EF
100
AcDbVisualStyle
  2
FlatWithEdges
 70
     1
 71
     2
 72
     1
 73
     1
 90
        2
 40
-0.6
 41
30.0
 62
     5
 63
     7
421
 16777215
 74
     1
 91
        0
 64
     7
 65
   257
 75
     1
175
     1
 42
1.0
 92
        0
 66
   257
 43
1.0
 76
     1
 77
     6
 78
     2
 67
     7
 79
     5
170
     0
171
     0
290
     0
174
     0
 93
       13
 44
0.0
173
     0
291
     1
 45
0.0
1001
ACAD
1000
AcDbSavedByObjectVersion
1070
     0
  0
VISUALSTYLE
  5
F2
102
{ACAD_XDICTIONARY
360
28A
102
}
102
{ACAD_REACTORS
330
EF
102
}
330
EF
100
AcDbVisualStyle
  2
Gouraud
 70
     2
 71
     2
 72
     2
 73
     1
 90
        2
 40
-0.6
 41
30.0
 62
     5
 63
     7
421
 16777215
 74
     0
 91
        0
 64
     7
 65
   257
 75
     1
175
     1
 42
1.0
 92
        0
 66
     7
 43
1.0
 76
     1
 77
     6
 78
     2
 67
     7
 79
     5
170
     0
171
     0
290
     0
174
     0
 93
       13
 44
0.0
173
     0
291
     1
 45
0.0
1001
ACAD
1000
AcDbSavedByObjectVersion
1070
     0
  0
VISUALSTYLE
  5
F3
102
{ACAD_XDICTIONARY
360
28C
102
}
102
{ACAD_REACTORS
330
EF
102
}
330
EF
100
AcDbVisualStyle
  2
GouraudWithEdges
 70
     3
 71
     2
 72
     2
 73
     1
 90
        2
 40
-0.6
 41
30.0
 62
     5
 63
     7
421
 16777215
 74
     1
 91
        0
 64
     7
 65
   257
 75
     1
175
     1
 42
1.0
 92
        0
 66
   257
 43
1.0
 76
     1
 77
     6
 78
     2
 67
     7
 79
     5
170
     0
171
     0
290
     0
174
     0
 93
       13
 44
0.0
173
     0
291
     1
 45
0.0
1001
ACAD
1000
AcDbSavedByObjectVersion
1070
     0
  0
VISUALSTYLE
  5
F7
102
{ACAD_XDICTIONARY
360
294
102
}
102
{ACAD_REACTORS
330
EF
102
}
330
EF
100
AcDbVisualStyle
  2
Hidden
 70
     6
 71
     1
 72
     2
 73
     2
 90
        0
 40
-0.6
 41
-30.0
 62
     5
 63
     7
421
 16777215
 74
     2
 91
        2
 64
     7
 65
   257
 75
     2
175
     1
 42
40.0
 92
        0
 66
   257
 43
1.0
 76
     1
 77
     6
 78
     2
 67
     7
 79
     3
170
     0
171
     0
290
     0
174
     0
 93
        1
 44
0.0
173
     0
291
     0
 45
0.0
1001
ACAD
1000
AcDbSavedByObjectVersion
1070
     0
  0
VISUALSTYLE
  5
1E4
102
{ACAD_XDICTIONARY
360
2A6
102
}
102
{ACAD_REACTORS
330
EF
102
}
330
EF
100
AcDbVisualStyle
  2
JitterOff
 70
    20
 71
     2
 72
     2
 73
     0
 90
        0
 40
-0.6
 41
-30.0
 62
     5
 63
     7
421
 16777215
 74
     1
 91
        4
 64
     7
 65
   257
 75
     1
175
     1
 42
1.0
 92
       10
 66
     7
 43
1.0
 76
     1
 77
     6
 78
     2
 67
     7
 79
     5
170
     0
171
     0
290
     0
174
     0
 93
        1
 44
0.0
173
     0
291
     1
 45
0.0
1001
ACAD
1000
AcDbSavedByObjectVersion
1070
     0
  0
VISUALSTYLE
  5
FD
102
{ACAD_XDICTIONARY
360
2A0
102
}
102
{ACAD_REACTORS
330
EF
102
}
330
EF
100
AcDbVisualStyle
  2
Linepattern
 70
    14
 71
     2
 72
     2
 73
     1
 90
        0
 40
-0.6
 41
-30.0
 62
     5
 63
     7
421
 16777215
 74
     1
 91
        4
 64
     7
 65
   257
 75
     7
175
     7
 42
1.0
 92
        8
 66
     7
 43
1.0
 76
     1
 77
     6
 78
     2
 67
     7
 79
     5
170
     0
171
     0
290
     0
174
     0
 93
        1
 44
0.0
173
     0
291
     1
 45
0.0
1001
ACAD
1000
AcDbSavedByObjectVersion
1070
     0
  0
VISUALSTYLE
  5
1E5
102
{ACAD_XDICTIONARY
360
2A8
102
}
102
{ACAD_REACTORS
330
EF
102
}
330
EF
100
AcDbVisualStyle
  2
OverhangOff
 70
    21
 71
     2
 72
     2
 73
     0
 90
        0
 40
-0.6
 41
-30.0
 62
     5
 63
     7
421
 16777215
 74
     1
 91
        4
 64
     7
 65
   257
 75
     1
175
     1
 42
1.0
 92
        9
 66
     7
 43
1.0
 76
     1
 77
     6
 78
     2
 67
     7
 79
     5
170
     0
171
     0
290
     0
174
     0
 93
        1
 44
0.0
173
     0
291
     1
 45
0.0
1001
ACAD
1000
AcDbSavedByObjectVersion
1070
     0
  0
VISUALSTYLE
  5
F9
102
{ACAD_XDICTIONARY
360
298
102
}
102
{ACAD_REACTORS
330
EF
102
}
330
EF
100
AcDbVisualStyle
  2
Realistic
 70
     8
 71
     2
 72
     3
 73
     0
 90
        2
 40
-0.6
 41
30.0
 62
     5
 63
     7
421
 16777215
 74
     0
 91
        0
 64
     7
 65
   257
 75
     1
175
     1
 42
1.0
 92
        8
 66
   257
 43
1.0
 76
     1
 77
     6
 78
     2
 67
     7
 79
     3
170
     0
171
     0
290
     0
174
     0
 93
       13
 44
0.0
173
     0
291
     0
 45
0.0
1001
ACAD
1000
AcDbSavedByObjectVersion
1070
     0
  0
VISUALSTYLE
  5
1F3
102
{ACAD_XDICTIONARY
360
2B4
102
}
102
{ACAD_REACTORS
330
EF
102
}
330
EF
100
AcDbVisualStyle
  2
Shaded
 70
    27
 71
     2
 72
     2
 73
     1
 90
        2
 40
-0.6
 41
30.0
 62
     5
 63
     7
421
 16777215
 74
     0
 91
        4
 64
     7
 65
   257
 75
     1
175
     1
 42
1.0
 92
        8
 66
   257
 43
1.0
 76
     1
 77
     6
 78
     2
 67
     8
425
  7895160
 79
     3
170
     0
171
     0
290
     0
174
     0
 93
        5
 44
0.0
173
     0
291
     0
 45
0.0
1001
ACAD
1000
AcDbSavedByObjectVersion
1070
     0
  0
VISUALSTYLE
  5
1F2
102
{ACAD_XDICTIONARY
360
2B2
102
}
102
{ACAD_REACTORS
330
EF
102
}
330
EF
100
AcDbVisualStyle
  2
Shaded with edges
 70
    26
 71
     2
 72
     2
 73
     1
 90
        2
 40
-0.6
 41
30.0
 62
     5
 63
     7
421
 16777215
 74
     1
 91
        2
 64
     7
 65
   257
 75
     2
175
     1
 42
1.0
 92
        8
 66
   257
 43
1.0
 76
     1
 77
     6
 78
     2
 67
     7
 79
     3
170
     0
171
     0
290
     0
174
     0
 93
        5
 44
0.0
173
     0
291
     0
 45
0.0
1001
ACAD
1000
AcDbSavedByObjectVersion
1070
     0
  0
VISUALSTYLE
  5
1EF
102
{ACAD_XDICTIONARY
360
2AC
102
}
102
{ACAD_REACTORS
330
EF
102
}
330
EF
100
AcDbVisualStyle
  2
Shades of Gray
 70
    23
 71
     2
 72
     2
 73
     3
 90
        0
 40
-0.6
 41
-30.0
 62
     5
 63
     7
421
 16777215
 74
     2
 91
        2
 64
     7
 65
     7
 75
     1
175
     1
 42
40.0
 92
        8
 66
     7
 43
1.0
 76
     1
 77
     6
 78
     2
 67
     7
 79
     3
170
     0
171
     0
290
     0
174
     0
 93
        1
 44
0.0
173
     0
291
     0
 45
0.0
1001
ACAD
1000
AcDbSavedByObjectVersion
1070
     0
  0
VISUALSTYLE
  5
1F0
102
{ACAD_XDICTIONARY
360
2AE
102
}
102
{ACAD_REACTORS
330
EF
102
}
330
EF
100
AcDbVisualStyle
  2
Sketchy
 70
    24
 71
     1
 72
     2
 73
     2
 90
        0
 40
-0.6
 41
-30.0
 62
     5
 63
     7
421
 16777215
 74
     2
 91
        2
 64
     7
 65
     7
 75
     1
175
     1
 42
40.0
 92
       11
 66
     7
 43
1.0
 76
     1
 77
     6
 78
     2
 67
     7
 79
     6
170
     0
171
     0
290
     0
174
     0
 93
        1
 44
0.0
173
     0
291
     0
 45
0.0
1001
ACAD
1000
AcDbSavedByObjectVersion
1070
     0
  0
VISUALSTYLE
  5
FC
102
{ACAD_XDICTIONARY
360
29E
102
}
102
{ACAD_REACTORS
330
EF
102
}
330
EF
100
AcDbVisualStyle
  2
Thicken
 70
    13
 71
     2
 72
     2
 73
     1
 90
        0
 40
-0.6
 41
-30.0
 62
     5
 63
     7
421
 16777215
 74
     1
 91
        4
 64
     7
 65
   257
 75
     1
175
     1
 42
1.0
 92
       12
 66
     7
 43
1.0
 76
     1
 77
     6
 78
     2
 67
     7
 79
     5
170
     0
171
     0
290
     0
174
     0
 93
        1
 44
0.0
173
     0
291
     1
 45
0.0
1001
ACAD
1000
AcDbSavedByObjectVersion
1070
     0
  0
VISUALSTYLE
  5
F6
102
{ACAD_XDICTIONARY
360
292
102
}
102
{ACAD_REACTORS
330
EF
102
}
330
EF
100
AcDbVisualStyle
  2
Wireframe
 70
     5
 71
     0
 72
     2
 73
     0
 90
        0
 40
-0.6
 41
-30.0
 62
     5
 63
     7
421
 16777215
 74
     1
 91
        4
 64
     7
 65
   257
 75
     1
175
     1
 42
1.0
 92
        0
 66
   257
 43
1.0
 76
     1
 77
     6
 78
     2
 67
     7
 79
     3
170
     0
171
     0
290
     0
174
     0
 93
        1
 44
0.0
173
     0
291
     0
 45
0.0
1001
ACAD
1000
AcDbSavedByObjectVersion
1070
     0
  0
VISUALSTYLE
  5
1F1
102
{ACAD_XDICTIONARY
360
2B0
102
}
102
{ACAD_REACTORS
330
EF
102
}
330
EF
100
AcDbVisualStyle
  2
X-Ray
 70
    25
 71
     2
 72
     2
 73
     1
 90
        1
 40
0.5
 41
-30.0
 62
     5
 63
     7
421
 16777215
 74
     1
 91
        0
 64
     7
 65
   257
 75
     1
175
     1
 42
1.0
 92
        8
 66
     7
 43
1.0
 76
     1
 77
     6
 78
     2
 67
     7
 79
     3
170
     0
171
     0
290
     0
174
     0
 93
       13
 44
0.0
173
     0
291
     0
 45
0.0
1001
ACAD
1000
AcDbSavedByObjectVersion
1070
     0
  0
DICTIONARYVAR
  5
146
102
{ACAD_REACTORS
330
5E
102
}
330
5E
100
DictionaryVariables
280
     0
  1
1:1
  0
DICTIONARYVAR
  5
259
102
{ACAD_REACTORS
330
5E
102
}
330
5E
100
DictionaryVariables
280
     0
  1
3.500000
  0
DICTIONARYVAR
  5
25A
102
{ACAD_REACTORS
330
5E
102
}
330
5E
100
DictionaryVariables
280
     0
  1
acadiso.lin
  0
DICTIONARYVAR
  5
145
102
{ACAD_REACTORS
330
5E
102
}
330
5E
100
DictionaryVariables
280
     0
  1
STANDARD
  0
DICTIONARYVAR
  5
84
102
{ACAD_REACTORS
330
5E
102
}
330
5E
100
DictionaryVariables
280
     0
  1
STANDARD
  0
DICTIONARYVAR
  5
227
102
{ACAD_REACTORS
330
5E
102
}
330
5E
100
DictionaryVariables
280
     0
  1
Metric50
  0
DICTIONARYVAR
  5
228
102
{ACAD_REACTORS
330
5E
102
}
330
5E
100
DictionaryVariables
280
     0
  1
Metric50
  0
DICTIONARYVAR
  5
5F
102
{ACAD_REACTORS
330
5E
102
}
330
5E
100
DictionaryVariables
280
     0
  1
2
  0
DICTIONARYVAR
  5
63
102
{ACAD_REACTORS
330
5E
102
}
330
5E
100
DictionaryVariables
280
     0
  1
1
  0
DICTIONARYVAR
  5
1AE
102
{ACAD_REACTORS
330
5E
102
}
330
5E
100
DictionaryVariables
280
     0
  1
0
  0
DICTIONARYVAR
  5
1AF
102
{ACAD_REACTORS
330
5E
102
}
330
5E
100
DictionaryVariables
280
     0
  1
0
  0
DICTIONARYVAR
  5
27B
102
{ACAD_REACTORS
330
5E
102
}
330
5E
100
DictionaryVariables
280
     0
  1
2
  0
DICTIONARY
  5
285
102
{ACAD_REACTORS
330
283
102
}
330
283
100
AcDbDictionary
281
     1
  0
DICTIONARY
  5
284
102
{ACAD_REACTORS
330
283
102
}
330
283
100
AcDbDictionary
281
     1
  3
1923465580128
350
27E
  3
1923465580144
350
27F
  3
1923465580160
350
280
  3
1923465580176
350
281
  3
1923465580192
350
282
  0
DICTIONARY
  5
236
330
21C
100
AcDbDictionary
280
     1
281
     1
  3
ACAD_XREC_ROUNDTRIP
360
2B7
  0
DICTIONARY
  5
205
330
22
100
AcDbDictionary
280
     1
281
     1
  0
DICTIONARY
  5
1F9
330
ED
100
AcDbDictionary
280
     1
281
     1
  3
FBXASSET
360
1FA
  0
DICTIONARY
  5
1F7
330
EC
100
AcDbDictionary
280
     1
281
     1
  3
FBXASSET
360
1F8
  0
DICTIONARY
  5
173
330
EE
100
AcDbDictionary
280
     1
281
     1
  3
BUMPTILE
360
175
  3
DIFFUSETILE
360
174
  3
FBXASSET
360
1FB
  3
OPACITYTILE
360
176
  3
REFLECTIONTILE
360
177
  0
DICTIONARY
  5
234
330
21A
100
AcDbDictionary
280
     1
281
     1
  3
ACAD_XREC_ROUNDTRIP
360
2B6
  0
DICTIONARY
  5
162
330
7F
100
AcDbDictionary
280
     1
281
     1
  3
ACAD_ROUNDTRIP_2008_TABLESTYLE_CELLSTYLEMAP
360
27C
  0
DICTIONARY
  5
290
330
F5
100
AcDbDictionary
280
     1
281
     1
  3
ACAD_XREC_ROUNDTRIP
360
291
  0
DICTIONARY
  5
28E
330
F4
100
AcDbDictionary
280
     1
281
     1
  3
ACAD_XREC_ROUNDTRIP
360
28F
  0
DICTIONARY
  5
29C
330
FB
100
AcDbDictionary
280
     1
281
     1
  3
ACAD_XREC_ROUNDTRIP
360
29D
  0
DICTIONARY
  5
2A4
330
FF
100
AcDbDictionary
280
     1
281
     1
  3
ACAD_XREC_ROUNDTRIP
360
2A5
  0
DICTIONARY
  5
296
330
F8
100
AcDbDictionary
280
     1
281
     1
  3
ACAD_XREC_ROUNDTRIP
360
297
  0
DICTIONARY
  5
29A
330
FA
100
AcDbDictionary
280
     1
281
     1
  3
ACAD_XREC_ROUNDTRIP
360
29B
  0
DICTIONARY
  5
2AA
330
1E6
100
AcDbDictionary
280
     1
281
     1
  3
ACAD_XREC_ROUNDTRIP
360
2AB
  0
DICTIONARY
  5
2A2
330
FE
100
AcDbDictionary
280
     1
281
     1
  3
ACAD_XREC_ROUNDTRIP
360
2A3
  0
DICTIONARY
  5
286
330
F0
100
AcDbDictionary
280
     1
281
     1
  3
ACAD_XREC_ROUNDTRIP
360
287
  0
DICTIONARY
  5
288
330
F1
100
AcDbDictionary
280
     1
281
     1
  3
ACAD_XREC_ROUNDTRIP
360
289
  0
DICTIONARY
  5
28A
330
F2
100
AcDbDictionary
280
     1
281
     1
  3
ACAD_XREC_ROUNDTRIP
360
28B
  0
DICTIONARY
  5
28C
330
F3
100
AcDbDictionary
280
     1
281
     1
  3
ACAD_XREC_ROUNDTRIP
360
28D
  0
DICTIONARY
  5
294
330
F7
100
AcDbDictionary
280
     1
281
     1
  3
ACAD_XREC_ROUNDTRIP
360
295
  0
DICTIONARY
  5
2A6
330
1E4
100
AcDbDictionary
280
     1
281
     1
  3
ACAD_XREC_ROUNDTRIP
360
2A7
  0
DICTIONARY
  5
2A0
330
FD
100
AcDbDictionary
280
     1
281
     1
  3
ACAD_XREC_ROUNDTRIP
360
2A1
  0
DICTIONARY
  5
2A8
330
1E5
100
AcDbDictionary
280
     1
281
     1
  3
ACAD_XREC_ROUNDTRIP
360
2A9
  0
DICTIONARY
  5
298
330
F9
100
AcDbDictionary
280
     1
281
     1
  3
ACAD_XREC_ROUNDTRIP
360
299
  0
DICTIONARY
  5
2B4
330
1F3
100
AcDbDictionary
280
     1
281
     1
  3
ACAD_XREC_ROUNDTRIP
360
2B5
  0
DICTIONARY
  5
2B2
330
1F2
100
AcDbDictionary
280
     1
281
     1
  3
ACAD_XREC_ROUNDTRIP
360
2B3
  0
DICTIONARY
  5
2AC
330
1EF
100
AcDbDictionary
280
     1
281
     1
  3
ACAD_XREC_ROUNDTRIP
360
2AD
  0
DICTIONARY
  5
2AE
330
1F0
100
AcDbDictionary
280
     1
281
     1
  3
ACAD_XREC_ROUNDTRIP
360
2AF
  0
DICTIONARY
  5
29E
330
FC
100
AcDbDictionary
280
     1
281
     1
  3
ACAD_XREC_ROUNDTRIP
360
29F
  0
DICTIONARY
  5
292
330
F6
100
AcDbDictionary
280
     1
281
     1
  3
ACAD_XREC_ROUNDTRIP
360
293
  0
DICTIONARY
  5
2B0
330
1F1
100
AcDbDictionary
280
     1
281
     1
  3
ACAD_XREC_ROUNDTRIP
360
2B1
  0
XRECORD
  5
27E
102
{ACAD_REACTORS
330
284
102
}
330
284
100
AcDbXrecord
280
     1
  1
AcDb_Thumbnail_Schema
102
{ATTRRECORD
341
27F
  2
AcDbDs::TreatedAsObjectData
280
     1
291
     1
102
ATTRRECORD}
102
{ATTRRECORD
341
280
  2
AcDbDs::Legacy
280
     1
291
     1
102
ATTRRECORD}
  2
AcDbDs::ID
280
    10
 91
        8
102
{ATTRRECORD
341
281
  2
AcDs:Indexable
280
     1
291
     1
102
ATTRRECORD}
102
{ATTRRECORD
341
282
  2
AcDbDs::HandleAttribute
280
     7
282
     1
102
ATTRRECORD}
  2
Thumbnail_Data
280
    15
 91
        0
  0
XRECORD
  5
27F
102
{ACAD_REACTORS
330
284
102
}
330
284
100
AcDbXrecord
280
     1
  1
AcDbDs::TreatedAsObjectDataSchema
  2
AcDbDs::TreatedAsObjectData
280
     1
 91
        0
  0
XRECORD
  5
280
102
{ACAD_REACTORS
330
284
102
}
330
284
100
AcDbXrecord
280
     1
  1
AcDbDs::LegacySchema
  2
AcDbDs::Legacy
280
     1
 91
        0
  0
XRECORD
  5
281
102
{ACAD_REACTORS
330
284
102
}
330
284
100
AcDbXrecord
280
     1
  1
AcDbDs::IndexedPropertySchema
  2
AcDs:Indexable
280
     1
 91
        0
  0
XRECORD
  5
282
102
{ACAD_REACTORS
330
284
102
}
330
284
100
AcDbXrecord
280
     1
  1
AcDbDs::HandleAttributeSchema
  2
AcDbDs::HandleAttribute
280
     7
 91
        1
284
     1
  0
XRECORD
  5
2B7
102
{ACAD_REACTORS
330
236
102
}
330
236
100
AcDbXrecord
280
     1
102
DISPLAYNAME
  1
Metric50
102
FLAGS
 90
        0
  0
XRECORD
  5
1FA
102
{ACAD_REACTORS
330
1F9
102
}
330
1F9
100
AcDbXrecord
280
     1
 70
     1
 90
429727718
  1
D62C5603-E3A1-4AEA-B7FB-FE5D8D0755AF
310
504B03040A0000080000CC70623B3DEE336E79000000790000001B0000006175746F6465736B2D64657369676E2D7061636B6167652E786D6C3C3F786D6C2076657273696F6E3D22312E302220656E636F64696E673D227574662D3822203F3E3C666F726D6174733E3C666F726D61743E687474703A2F2F736368656D612E
310
6175746F6465736B2E636F6D2F64657369676E2D7061636B6167652F323030393C2F666F726D61743E3C2F666F726D6174733E504B0304140006080800CC70623BD486FD9CA0000000F4000000130000005B436F6E74656E745F54797065735D2E786D6C7D8EC10E82300C865F65E91D8A1E8C310C0EEA1BF002731658846E
310
D98AC1B77784ABF1D8FE5FBFBF75BBCE937A534CCEB38643598122B6FEE978D0B0485F9C41B54DDD7D022595594E1A469170414C76A4D9A4D207E29CF43ECE46F218070CC6BECC4078ACAA135ACF422C856C0E68EA1BF5669944DDD7BCDE7B1F8E415D77AECB980613C2E4AC91FC167A2B244592486606FC29C8FD7F045B9A
310
EF7053A7E60B504B0304140006080800CC70623B853B8169EB0000007C01000008000000636F72652E786D6C8D90416EC3201045AF62CDB6C206821CC7C244919D9CA01740401C94182C03558F5F9C3852BBEB6A467FFE9B197D7EFC9E1EC5975982F5AE035262288C535E5B377690E21535501C055FBC8FBF6C503839990E
310
5619041F179FE64D52DE45E362569DD7661365082642A11EB9E920A89B99642953CC8E702F67A9EE7234257977194EC9EAE275C4EABCCF5EAD5940D4AC6F0E35A568B8F43562CD7046CD199FD07E60174276A7BE677B5EADB0E0D14EEFFB6A31321A0D82627C4084204C3F096B71DD52F6819B16635EADF63F509AF53FA164
310
5DDCD1EDDD17164090FCC8732078B56691CB33A85CD7DCC40F504B0304140006080800CC70623B55019EA25F0000007C00000007000000636E782E786D6C4DCB3B0E80201045D1AD90E915ED2CF8AC45050C11660C8261F98AB1B07AC9C97D42D718D865D3E909258CFD00CCE24AC6E326A164D74DC0B4128928FF32603847
310
2BA13128B1252AC747C6BAB984FC68F0B87FE8960A5C09FE86CFB69FBA01504B0304140006080800CC70623BDBABAAF470010000D40300000C0000006662782F636F72652E786D6CC553D16E823014FD95A6AF4B694182CC941A83FA05FB810A9511A125A5257EFE2E82712ECEB8A7F100CD39F7F69E734AF9FADC366850B6
310
AF8DCE7018308C942E4C59EB2AC3DE1D498AD15A706B8CFB56869196ADCAF00863C12B6B7C374385D14E6907A836A59A41D9F7CA615434B0C8705F7CAA5606D23BA8E84F41278B93AC54100640439DE0BDB320004D43C63716C7C399D30917DCFBBA9CD9BA8469F5B156168B24CED3F7248AC8769F27244EB73B92EED8862C
310
B7F13E0C179B3C8F979C8ECD82BBBABDAA2BAC924E9558448CBD9330242CFA08E3154B5651FCC6D215639C8EE5774DBE2B5F6CF2B5768B68963BB5F5588420E442FC700B1139D4CB01F450C1E918227C2E09DF070D8140C84E1E9AAB8F1340832A9CB13130A5F1376A908D57309505ECF2A0DF179C4E9D30F5B239B87E3823
310
7A79C6F31DE1A8A5AEC08474B03C7837EAE4938639B44E5932B833D2C6B6B279CDC613877FA26EE21F4A2A4C63EC7F29A2F301D1F9F7A0E37D145F504B0304140006080800CC70623B9C113CC27E0000009D0000000B0000006662782F636E782E786D6C4DCCDF0A83201C86E15B91DFB94BFB330DD428C8FB886521330DA7
310
6397BF1A1DECE883878F57749FCDA1B7892F1BBC047A23808C7F84D9FA55424E0BE6803A256208E9EF06C84F9B91703228B1C690F78B66B34CD9A5439DF5CF0BFBF65E35BCA1B8D6A5C6F540381E886698B5741C695F9503EBA150A2F8958E3DC3EA0B504B0304140006080800CC70623B7DF2F77C2A010000120200003100
310
00006662782F41393633353835312D344632462D344230382D423046372D3739314545314133324237412F636F72652E786D6C8D51DB8EC22014FC15C2939B0D2DB4B45643319AE817EC0F6041255A68B86CFCFC856D4D76DF7CE190393373060EDB3DC707F856CE6B6B7A480A0C81328395DA5C7B18C3057510EC3873D686
310
3F34088C18550F330C39BB3A1BA7051AAC09CA84841A2BD5020AEF55806078A44B0FFD7053A328440C89E1EFC52486BBB8AA8214A99D789CF9E05200300FC927E4FB4D5B375D43103D5527440FB843077C5AA3F5861C8F645F5787F59E95B390B318B55CE45AA638FAA2957BD7248B390B7A7CC51F9C124149C82B8C378810
310
84AB2F42B7B8DD56F413775B8C5999E9FF4471926F8AA236A1AE96B8B3CC434E5839373893369E1FAF30EA395917409EB7F26AF8801C171837A4A6AC9C89E9F9C9B1A58BA30FD6A5EF5DDDCF894B9AD9B6A59C957943A9FCAE2FD5BC4DFE03504B0304140006080800CC70623BAD7543B64E01000033030000300000006662
310
782F41393633353835312D344632462D344230382D423046372D3739314545314133324237412F636E782E786D6CD593CD6EC32010845F0571AD6CE3D48AD20813A9873E410FBD12D82434182C7EAAE6EDBB2424CD25871E7B41D6EC30B3FA84F9E67BB2E40B4234DE8DB46F1925E094D7C6ED479AD3AE5951B2113C789FEE
310
6C943839C1488B4C05DF079FE72A69D8C96C13AAD6B8631503449F83828872B949AC57D26200B826A308D316B4064D6E46FCDA41C05550DC9E483A00797BFD207EFB092A45DE9514C1BBD22178396BD39D891265658C238DEA00936C654E5E433CB65A26D9F6EDB5EBC14EBF49A45CB856E66048291F6939A9A81BB5C89177
310
38143CA680F4AA299D66A042CEB3354A2684DC9D8D178FE0D9B8B41CAAD720F880EE7EF93C0C18769E099ECC04D5A102C8049A8A05632F4DDF376CF1DE0F6BB65C2F8627B65A33C6BB62177CEBBDAD973006829F89F22E814B54F4BC2BE347F8AA8F681390B50FA73F804400B5F542E796F19FF974E7F78DB802FE05E20750
310
4B0304140006080800CC70623BE75B7789680500003C100000340000006662782F41393633353835312D344632462D344230382D423046372D3739314545314133324237412F6F626A656374732E786D6CAD575B8F9B3818FD2B887D06C22499CB8AA1CA655245D5B455A356FB305264C061D8018C6C3393D95FBFC7600890
310
A4CD5EF210B0B1BFEBF98E3F7B1FF6596ABC522E1296DF9BAE3D320D9A872C4AF2F8DE2CE5CEBA358D0FBEC719939D65A691938CDE9B6ADAF4BD98B3B2D05311DD91329583D9D5FC0F438434A7A611A644887B5384CF34233629258BA878B12322891DEFF6B66BD70BFB62634E8AE781D082709A4B588AF91C528CDA28B73F
310
1C998EEF39EABBEFA97FBD6A7C7E9553F9D3D79FE442923C3C523610337627CB87ABE99D359D4CC6D6E4FACAB5E6ABF9D2726FC6A3C5F56271377BB88362213924694B38DD99FE47C48627A1E7D49F5A8BB5E1A74C0A599ED3B0F21F1E56366B89112D681E218F0915D0D6F17AD41FBA2A369DCF6335D62ABBD39779D5DDD1
310
11D4D8DE3CBB96B2E04FB8202E41051754A1AA8E8F76B4C6DFE810B580B1547F4B84911149794252234D024EF8BBE963A95AE27B3D310A9D5C215C7960FAEE415ED75694C6AFB17BCACA5D99A60A9AA65F217B0BFC53292ACB92BF283FAD0D3621576592CB5BED907C2FA8E9DF794E35E97BEA31BED21FEB401ABB94C44839
310
DCACBF0E1C5DA8DA5B2F4DFFD32AD86F543D9E565E7056502E157C00AD2671CD534549AB752FCA9CDA00677A313F04E51B22FF19E57B300579E3C97EB29F682D92935CEC18CF901B7B54FD8C51F362B56FC72FE0B3C1EAE335EDCCBF5AEC39ADB17DC238973F804BA5E6F6BFE7AF1FB32E523BE9F3BD571418E3631DCA4D48
310
5250CF639223210A9446CA30052EDF057BD35F8329C1ECD84552BF0DC8D18BE7BCE23BFE6BD960AB4A7DE79923A103BEBD80F911CBAA2C60DB19B01CF164A5583B772EE6D3FFA56666CBCDA74DC97724A48F9A58967497E489C4D979006FD7A05E227A1EBDD0F737C623387A9C844D3709995625106D157315F8B8392CD4E0
310
A0B9A720C4BE9829CEF37EA1E13111214D53925356365ADA634861B52519DD27A00AEB808EAF0628E6F435519D446F45CF2C9CF5214F0A15B2F6D06B79DA3EE3CBF7F56780D2F4E7EF73A0F5E5B02A38D07DC852C6B7C1FBB6664213E0C39E3EBA7FF4E1AD23EA2829407C85E586727488B751B2DB9502BC7B228A3FD68B6E
310
A65A22397E690AA8D158D7E404EC8CDA235CC3B7D1898680131CEC2CDF2638C65196279577750F15884AEE19F94199155B92B13297978469D4F8D358DF0AEF7631E28DC8F0D9F437D5D39A83B2231A1D52D543813A824EF8D44BCFF2FA6A31BD1E8DAD87F1CCB526B3879935BF59CDADD5C37479BB1CDD4CA7B3556B516589
310
EF352754B706114D9C885EC9131DE6EFEB43D99AFE2391C2F958179413D7CFEF6B1B6DB1E7600F00DE6E5C67454A339A4BA2E0FBA85ED26F045D454F463DBFCE484C2F90F2E5E3666003662ED8F755951A7D1BECD5B30B550B2785C8E7320B7292A4838DDA71BBC863ED7613CAF659337A3354231D4FF4A182A54904C2898C
310
98B28C4AD0CE056CCF332A80986E571EE9DBC305BB5FEB7E509220A58D25CF042D712A806AC0AD0C657FDEF80D2D9CEAA2EE4D1C76F60BFE74219A06527D6F82DF6412526107381E55E353090704D085B52408A8913C4ED159D79BDA71BB4BC506F4831350EB6F975CD22D69BF7AC49B91A2C0A9DDA3D5CA36AD20FC478E37
310
E61844E2352865EBCB61A275A65283CAAA9DD27703B4102F5AF51EF5F573B75CBB5AD38BC845F7A49F82A0966A49C2E3EA5EA0ECD326CD965F1DB402C6FA8B51A4658C5C5E2EC9E214602E55810345408596591009A82E7E7FFACA19EEA299B14A0081A705CB3296EBC14CDF658DCD336EA6D1136881AAEB87B81AB9EE53D5
310
F5EB8BC8362082DA24122F98680A4E7930C01A0079749CEA14382A0783E5EBA5A10F8C098456A03D6A4AEB6BB881E2513747552A5DB22C7EDAF83BD5528081A365F7FF06504B0304140006080000CC70623B000000000000000000000000350000006662782F41393633353835312D344632462D344230382D423046372D37
310
39314545314133324237412F76657274696365732E62696E504B0304140006080800CC70623BF270F1330600000004000000360000006662782F41393633353835312D344632462D344230382D423046372D3739314545314133324237412F747269616E676C65732E62696E636660600000504B0304140006080000CC7062
310
3B000000000000000000000000370000006662782F41393633353835312D344632462D344230382D423046372D3739314545314133324237412F617474726962757465732E62696E504B0304140006080800CC70623B08DA0BD19000000041010000360000006662782F41393633353835312D344632462D344230382D4230
310
46372D3739314545314133324237412F6469726563746F72792E786D6C858F410AC3201045AF22B36F53E9A60B35CBEEBAE80D244E44489C6234F4F835464A48035D0DF398FF9F8AF63D0E6CC63039F212F8F9020C7D47C6792B21C5FE7403D62A1188E2E60C98D7234A5830286103A55745067B9D86B8A3CF9C7F90C11DE6
310
07FB144396D7B6A82D282E9A152AD114D5EF2CB866EEE831B8EEA07A7BB5A8D7D61A2BAAEB7FD5F70921FF497D00504B0304140006080800CC70623BEDD1DC58FD000000A00100003B0000006662782F41393633353835312D344632462D344230382D423046372D3739314545314133324237412F7265736F75726365732F
310
636F72652E786D6C8D504B6E833010BD0A9A6D65B00922041947112427E8052C33A156828DFCA97AFC9A40A576D7CDCCE87D344F8F9FBFE667F689CE6B6B3A6039850C8DB2A336530731DC4903D95970676DF82583CCC8193B5861107C72362E3BA4AC096842428D1D7107A5F7182053CF7474E0D507CE32973124857FE48B
310
540F3961CEF244279DE03EB81420DB9EAC1384436FA353E879B1B182C7A8C75DA3C7F453DF353A1075D537A7BA6464B8F535A99AE14A9A2BBD90E350DD183B5CFABE3AF262350B1EF4FC9351399401471025A527C218A1E53BAB5A5AB765F5469B96525EACF23FA6B88CFF34456DC2A1DCE36E360F82A5202F42F062ED2BAD
310
579969AFDD8A6F504B010214000A0000080000CC70623B3DEE336E79000000790000001B00000000000000000000000000000000006175746F6465736B2D64657369676E2D7061636B6167652E786D6C504B01021400140006080800CC70623BD486FD9CA0000000F40000001300000000000000000000000000B20000005B
310
436F6E74656E745F54797065735D2E786D6C504B01021400140006080800CC70623B853B8169EB0000007C010000080000000000000000000000000083010000636F72652E786D6C504B01021400140006080800CC70623B55019EA25F0000007C000000070000000000000000000000000094020000636E782E786D6C504B
310
01021400140006080800CC70623BDBABAAF470010000D40300000C00000000000000000000000000180300006662782F636F72652E786D6C504B01021400140006080800CC70623B9C113CC27E0000009D0000000B00000000000000000000000000B20400006662782F636E782E786D6C504B01021400140006080800CC70
310
623B7DF2F77C2A010000120200003100000000000000000000000000590500006662782F41393633353835312D344632462D344230382D423046372D3739314545314133324237412F636F72652E786D6C504B01021400140006080800CC70623BAD7543B64E010000330300003000000000000000000000000000D2060000
310
6662782F41393633353835312D344632462D344230382D423046372D3739314545314133324237412F636E782E786D6C504B01021400140006080800CC70623BE75B7789680500003C10000034000000000000000000000000006E0800006662782F41393633353835312D344632462D344230382D423046372D3739314545
310
314133324237412F6F626A656374732E786D6C504B01021400140006080000CC70623B0000000000000000000000003500000000000000000000000000280E00006662782F41393633353835312D344632462D344230382D423046372D3739314545314133324237412F76657274696365732E62696E504B01021400140006
310
080800CC70623BF270F133060000000400000036000000000000000000000000007B0E00006662782F41393633353835312D344632462D344230382D423046372D3739314545314133324237412F747269616E676C65732E62696E504B01021400140006080000CC70623B0000000000000000000000003700000000000000
310
000000000000D50E00006662782F41393633353835312D344632462D344230382D423046372D3739314545314133324237412F617474726962757465732E62696E504B01021400140006080800CC70623B08DA0BD1900000004101000036000000000000000000000000002A0F00006662782F41393633353835312D344632
310
462D344230382D423046372D3739314545314133324237412F6469726563746F72792E786D6C504B01021400140006080800CC70623BEDD1DC58FD000000A00100003B000000000000000000000000000E1000006662782F41393633353835312D344632462D344230382D423046372D3739314545314133324237412F7265
310
736F75726365732F636F72652E786D6C504B0506000000000E000E0080040000641100000000
  0
XRECORD
  5
1F8
102
{ACAD_REACTORS
330
1F7
102
}
330
1F7
100
AcDbXrecord
280
     1
 70
     1
 90
429727718
  1
30362254-06B7-45E0-A893-8CFA70E3D6BC
310
504B03040A0000080000CC70623B3DEE336E79000000790000001B0000006175746F6465736B2D64657369676E2D7061636B6167652E786D6C3C3F786D6C2076657273696F6E3D22312E302220656E636F64696E673D227574662D3822203F3E3C666F726D6174733E3C666F726D61743E687474703A2F2F736368656D612E
310
6175746F6465736B2E636F6D2F64657369676E2D7061636B6167652F323030393C2F666F726D61743E3C2F666F726D6174733E504B0304140006080800CC70623BD486FD9CA0000000F4000000130000005B436F6E74656E745F54797065735D2E786D6C7D8EC10E82300C865F65E91D8A1E8C310C0EEA1BF002731658846E
310
D98AC1B77784ABF1D8FE5FBFBF75BBCE937A534CCEB38643598122B6FEE978D0B0485F9C41B54DDD7D022595594E1A469170414C76A4D9A4D207E29CF43ECE46F218070CC6BECC4078ACAA135ACF422C856C0E68EA1BF5669944DDD7BCDE7B1F8E415D77AECB980613C2E4AC91FC167A2B244592486606FC29C8FD7F045B9A
310
EF7053A7E60B504B0304140006080800CC70623B1EC5D7A3EB0000007C01000008000000636F72652E786D6C8D90416EC3201045AF82665B6103C6756C6122AB4D4ED00B204C5C94182C03558F5F9C3852BBEB6A467FFE9B197D71FC9E6FE8CBACC17AD7032D0820E3B41FAD9B7A48F1820F808E52ACDEC75F36404ECDA687
310
4D0629A6D5A76597B477D1B89855E747B38B2A041301E95B6E7A08FAD3CCAA50296647B8168BD2573599823EBB0CA76447F43862C7BCCF5EAC59410E4DDD9C7973C2755553CCCFA4C603E3040F1565ED3B1FDE4E432BCA0D9622DAF9795FAF464533826484B498524CD807E51D79ED187F21878E10516EF63F505AC67F42C9
310
BA58B1FDDD071640D2FCC87D2045B96591CB3DA85CB7DCE40F504B0304140006080800CC70623B55019EA25F0000007C00000007000000636E782E786D6C4DCB3B0E80201045D1AD90E915ED2CF8AC45050C11660C8261F98AB1B07AC9C97D42D718D865D3E909258CFD00CCE24AC6E326A164D74DC0B4128928FF32603847
310
2BA13128B1252AC747C6BAB984FC68F0B87FE8960A5C09FE86CFB69FBA01504B0304140006080800CC70623B8C9102E971010000D40300000C0000006662782F636F72652E786D6CC5535B6E833010BC8AE5DF0A6C08340F1947A84D4ED00B38C6A128602363A31CBFCB234A53A551FA553EC09AD9F5CE8C31DB9E9B1AF5CA
310
7695D1198E428A91D2D214952E33ECDD315861B4E5CC1AE3BE9561A445A3323CC098B3D21ADFCE9034DA29ED00D5A6503328BA4E398C640D8B0C77F253352214DE4145770A5B214FA2546114020D759C75CE8200340D19DE981F0F6746269C33EFAB6266AB02A655C74A59CCF365BADC27CB5D902ED22848F6340DF238A141
310
BE88E2F57B92BFEDF23523433367AE6A2EEAA455C2A902F398D2751045018D3FA264435F3771F242571B4A1919CA6F9A7C5B3CD9E42BED16F12C776AEB308F40C848FC700B1139D4891EF410CEC810227CC6846F8386402064270EF5C5C709A05E49676C024C61FC95EA45ED154CA5211D1FF4FB8291A913A68E9B83EBBB33
310
E2A7673CDE118E5AE8124C0807CB8377834E366998436B950D7A7746DAD846D4CFD978E0F04FD455FC5D49D2D4C6FE9722321F10997F0F32DC47FE05504B0304140006080800CC70623BFFEA85907E0000009D0000000B0000006662782F636E782E786D6C4DCCD10A83201886E15B91FFDC95D95A811AB6F23E625948A6C3
310
E9D8E5AF46073BFAE0E1E365ED67B3E8ADC3CB78C7815C7240DA3DFC64DCC221C519D7805AC182F7F1EF06C88D9BE6703008B6049F9E274D7A1E938DBB5AE3D6131B2589BA0D3D965551E0B2EA732C9B9A624AAEB41E3A557677029960D9AFB4EF11165F504B0304140006080800CC70623B4FEEA4082C0100001202000031
310
0000006662782F39464131463745442D413632322D343644302D413938332D3331353338454246344243312F636F72652E786D6C8D515B6EC32010BC0AE2AB55850DD871ED0813254D72825EC00192A2C460F1A872FC42ED48ED5F7E00CDCECCCEB26C731F6FE05B39AFADE921293004CA082BB5B9F43086336A21D870E6AC
310
0D7F68109861543DCC30E4ECE26C9C164858139409093556AA051CBC570102714B8F1E7AF1A5C6A11862480C7F2DA6415C878B2A4891CA89C7990F2E050073937C42DE1DB7E4F87ED8A36D4329AA9B3D46DBAEAD504556557BD81DEBDD0761E52CE42C462D17B996298E3E6BE59E35C962CE821E1FF18553435012728A7187
310
0841987E927A8D9B35ADDF70BBC6989599FE4F1427F9A4286A132ABAC49D651EF234CD5CE04CDA78BA3DC2A8FB645D00B9DF8B57E215725C60BCA2A463E54C4CE327C7A65E1C7DB02E7DEFCBF594B864C5CA6CDBD49C957943E9FA5D5FBAF336F90F504B0304140006080800CC70623BAD7543B64E01000033030000300000
310
006662782F39464131463745442D413632322D343644302D413938332D3331353338454246344243312F636E782E786D6CD593CD6EC32010845F0571AD6CE3D48AD20813A9873E410FBD12D82434182C7EAAE6EDBB2424CD25871E7B41D6EC30B3FA84F9E67BB2E40B4234DE8DB46F1925E094D7C6ED479AD3AE5951B2113C
310
789FEE6C943839C1488B4C05DF079FE72A69D8C96C13AAD6B8631503449F83828872B949AC57D26200B826A308D316B4064D6E46FCDA41C05550DC9E483A00797BFD207EFB092A45DE9514C1BBD22178396BD39D891265658C238DEA00936C654E5E433CB65A26D9F6EDB5EBC14EBF49A45CB856E66048291F6939A9A81BB5
310
C8917738143CA680F4AA299D66A042CEB3354A2684DC9D8D178FE0D9B8B41CAAD720F880EE7EF93C0C18769E099ECC04D5A102C8049A8A05632F4DDF376CF1DE0F6BB65C2F8627B65A33C6BB62177CEBBDAD973006829F89F22E814B54F4BC2BE347F8AA8F681390B50FA73F804400B5F542E796F19FF974E7F78DB802FE05
310
E207504B0304140006080800CC70623B16AB87BA640500003C100000340000006662782F39464131463745442D413632322D343644302D413938332D3331353338454246344243312F6F626A656374732E786D6CAD575B6FA33818FD2B887DE6924B3BED8A326A92B68A663B534DD4D13E548A0C38942D60649B369D5FBFC7
310
600890A493BDE42160637FD7F31D7FF63E6FB3D478A55C242CBF3247B66B1A340F5994E4F19559CA8D75611A9F7D8F33263BCB4C232719BD32D5B4E97B316765A1A722BA21652A07B3B7B33F0D11D29C9A46981221AE4C113ED38CD8A4942CA2E2C58E882476BCD9DA23BB5ED8171B73523C0F841684D35CC252CCE79062D4
310
468DFA43D7747CCF51DF7D4FFDEB5593E3AB9CCA9FBEFE241792E4E19EB28198C968BAB8199F5D5A67D3E9C49A9E8F47D6EC76B6B0469F26EEFC7C3EBFBCBEB98462213924694B38DD98FE1D62C393D073EA4FADC5DAF04326852CCF6958F90F0F2B9BB5C48816348F90C7840A68EB78EDF68723159BCEE7891A6B95DDE9D3
310
BCEAEEE8086A6C6F9E5D4B59F0175C10A7A0820BAA5055C7473B5AE3CFDD452D602CD5DF12616444529E90D448938013FE6EFA58AA96F85E4F8C42275708571E98FE6827AF6B2B4AE3D7D83D64E5A64C53054DD3AF90BD06FEA9149565C94FCA0F6B834DC85599E4F2423B24DF0B6AFA979E534DFA9E7A4CC6FA631D486393
310
921829879BF5D781A373557BCB85E97FB90DB62B558F8795179C15944B051F40AB495CF35451D26A4727654E6D8033BD98EF82F21D91FF8AF2DD9982BCF1643BDD4EB516C9492E368C67C88DED563FC36D5EACF66DFF057C3658BDBFA69DF9578B3DA735B64F18C7F20770A9D45CFCF7FCF563D6456A277DBEF78A02637CA2
310
43B90A490AEAB94F72244481D24819A6C0E59B606BFA4B3025981DBB48EAB701D97BF19C577CC77F2D1B6C55A9EF3C732474C0B727303F625995056C3B02963D9EAC146BE78EC5FCEC7FA999EBC5EACBAAE41B12D27B4D2C0BBA49F244E2ECDC81B76B502F113D8F5EE8FB1BE3111CDD4FC2AA9B844CAB1288B68AB90A7CDC
310
1C166AB0D3DC5310625FCC14E779BFD0709F8890A629C9292B1B2DED31A4B0DA928CEE135085754027E3018A397D4D5427D15BD1330B677DC8934285AC3DF45A9EB68FF8F2B8FC0A509AFEECFD0FF2DE25CC6047F7214B195F07EFEB9A094D800F7BFAE8FED187B78EA8A3A400F115961BCAD1215E47C966530AF0EE8128FE
310
58CEBB996A8964FFA529A046635D9353B0336A8F700DDF46271A024E70B0B37C9DE01847591E54DED53D54202AB947E4076556AC49C6CA5C9E1226B7F1A7B1BE15DEED62C41B91E1B3E9AFAAA735036547343A925075041DF0A9979E893B391F8FCFA6967B3EFB644DCF6E5CEBFAE272625DCC6FAF3FB93793C5F90CE1EF57
310
407342756B10D1C489E8953CD1617E5CEECAD6F4EF8914CE5D5D504E5C3F1F9736DA62CFC11E00BCDDB8CC8A9466349744C1F75EBDA4DF09BA8A9E8C7A7E9991989E20E5DBDD6A6003664ED8F7A04A8DBE0DF6EAD9B9AA858342E47399053949D2C146EDB85DE4B176BB0965FBAC19BD19AA918E27FA50C1D22402E144464C
310
59462568E704B6E71915404CB72B8FF4EDE184DDAF753F284990D2C6926782963815403548A70C657FDEF80D2D9CEAA2AE4C1C76F60BFE74219A06527D6582DF6412526107381E55E353090704D085B52408D0933C4ED159D79BDA71BB4BC506F4831350EB6F979CD22D69BF7AC49B91A2C0A9DDA3D5CA36AD20FC478E37E6
310
1844E2352865EBCB6EA275A652E3836BE04EFB400BF1A2556F515F1FBB35B2AB35BD889C744FFA1004B5544B121E57F70215746DD2F5E2C1412B602CBF19455AC6C8E5E9922C4E01E65215385004546899059180EAFCF7A707CE7017CD8CDB0410789AB32C63B91E5CEBBBACB17AC6CD347A022D5075FD106377347AAABA7E
310
7D11590744509B44E205134DC1290F06580320F78E537D3D73540E06CB970B431F185308AD40BBD794D6D77003C5A36E8EAA54BA64597CD8F83BD552A080A365F7FF06504B0304140006080000CC70623B000000000000000000000000350000006662782F39464131463745442D413632322D343644302D413938332D3331
310
353338454246344243312F76657274696365732E62696E504B0304140006080800CC70623BF270F1330600000004000000360000006662782F39464131463745442D413632322D343644302D413938332D3331353338454246344243312F747269616E676C65732E62696E636660600000504B0304140006080000CC70623B
310
000000000000000000000000370000006662782F39464131463745442D413632322D343644302D413938332D3331353338454246344243312F617474726962757465732E62696E504B0304140006080800CC70623B08DA0BD19000000041010000360000006662782F39464131463745442D413632322D343644302D413938
310
332D3331353338454246344243312F6469726563746F72792E786D6C858F410AC3201045AF22B36F53E9A60B35CBEEBAE80D244E44489C6234F4F835464A48035D0DF398FF9F8AF63D0E6CC63039F212F8F9020C7D47C6792B21C5FE7403D62A1188E2E60C98D7234A5830286103A55745067B9D86B8A3CF9C7F90C11DE607
310
FB144396D7B6A82D282E9A152AD114D5EF2CB866EEE831B8EEA07A7BB5A8D7D61A2BAAEB7FD5F70921FF497D00504B0304140006080800CC70623B0D6EF93BFE000000A00100003B0000006662782F39464131463745442D413632322D343644302D413938332D3331353338454246344243312F7265736F75726365732F63
310
6F72652E786D6C8D50596E833010BD0A9ADFCA60B334011947A8694ED00B586642AC041B79A97AFC9A40A5F6AF3F33A3B7689E1E3F7DCD8FEC139DD7D6F4C0720A191A65476DA61E62B892236427C19DB5E1970C322367EC618541F0C9D9B8EC90B226A009093576C41D94DE63804C3DD2D18357379C652E63480A7FCF17A9
310
EE72C29CE5894E3AC17D702940B63D59270887DE46A7D0F36263058F518FBB468FE9A7BE6A7420864373B8D4873369AA8691FA421B3294352543C5CAF65C0F6FEF43CB8BD52C78D0F34F46E550061C419494B6843142CB0F5677F4B52BEB177AEC28E5C52AFF638ACBF84F53D42654E51E77B379102C05791282176B5F693D
310
CB4C7BED567C03504B010214000A0000080000CC70623B3DEE336E79000000790000001B00000000000000000000000000000000006175746F6465736B2D64657369676E2D7061636B6167652E786D6C504B01021400140006080800CC70623BD486FD9CA0000000F40000001300000000000000000000000000B20000005B
310
436F6E74656E745F54797065735D2E786D6C504B01021400140006080800CC70623B1EC5D7A3EB0000007C010000080000000000000000000000000083010000636F72652E786D6C504B01021400140006080800CC70623B55019EA25F0000007C000000070000000000000000000000000094020000636E782E786D6C504B
310
01021400140006080800CC70623B8C9102E971010000D40300000C00000000000000000000000000180300006662782F636F72652E786D6C504B01021400140006080800CC70623BFFEA85907E0000009D0000000B00000000000000000000000000B30400006662782F636E782E786D6C504B01021400140006080800CC70
310
623B4FEEA4082C0100001202000031000000000000000000000000005A0500006662782F39464131463745442D413632322D343644302D413938332D3331353338454246344243312F636F72652E786D6C504B01021400140006080800CC70623BAD7543B64E010000330300003000000000000000000000000000D5060000
310
6662782F39464131463745442D413632322D343644302D413938332D3331353338454246344243312F636E782E786D6C504B01021400140006080800CC70623B16AB87BA640500003C1000003400000000000000000000000000710800006662782F39464131463745442D413632322D343644302D413938332D3331353338
310
454246344243312F6F626A656374732E786D6C504B01021400140006080000CC70623B0000000000000000000000003500000000000000000000000000270E00006662782F39464131463745442D413632322D343644302D413938332D3331353338454246344243312F76657274696365732E62696E504B01021400140006
310
080800CC70623BF270F133060000000400000036000000000000000000000000007A0E00006662782F39464131463745442D413632322D343644302D413938332D3331353338454246344243312F747269616E676C65732E62696E504B01021400140006080000CC70623B0000000000000000000000003700000000000000
310
000000000000D40E00006662782F39464131463745442D413632322D343644302D413938332D3331353338454246344243312F617474726962757465732E62696E504B01021400140006080800CC70623B08DA0BD190000000410100003600000000000000000000000000290F00006662782F39464131463745442D413632
310
322D343644302D413938332D3331353338454246344243312F6469726563746F72792E786D6C504B01021400140006080800CC70623B0D6EF93BFE000000A00100003B000000000000000000000000000D1000006662782F39464131463745442D413632322D343644302D413938332D3331353338454246344243312F7265
310
736F75726365732F636F72652E786D6C504B0506000000000E000E0080040000641100000000
  0
XRECORD
  5
175
102
{ACAD_REACTORS
330
173
102
}
330
173
100
AcDbXrecord
280
     1
270
     1
271
     1
  0
XRECORD
  5
174
102
{ACAD_REACTORS
330
173
102
}
330
173
100
AcDbXrecord
280
     1
270
     1
271
     1
  0
XRECORD
  5
1FB
102
{ACAD_REACTORS
330
173
102
}
330
173
100
AcDbXrecord
280
     1
 70
     0
 90
1673772943
  1
ECE7A1D2-D628-4531-984C-D00F80459256
310
504B03040A0000080000CC70623B3DEE336E79000000790000001B0000006175746F6465736B2D64657369676E2D7061636B6167652E786D6C3C3F786D6C2076657273696F6E3D22312E302220656E636F64696E673D227574662D3822203F3E3C666F726D6174733E3C666F726D61743E687474703A2F2F736368656D612E
310
6175746F6465736B2E636F6D2F64657369676E2D7061636B6167652F323030393C2F666F726D61743E3C2F666F726D6174733E504B0304140006080800CC70623BD486FD9CA0000000F4000000130000005B436F6E74656E745F54797065735D2E786D6C7D8EC10E82300C865F65E91D8A1E8C310C0EEA1BF002731658846E
310
D98AC1B77784ABF1D8FE5FBFBF75BBCE937A534CCEB38643598122B6FEE978D0B0485F9C41B54DDD7D022595594E1A469170414C76A4D9A4D207E29CF43ECE46F218070CC6BECC4078ACAA135ACF422C856C0E68EA1BF5669944DDD7BCDE7B1F8E415D77AECB980613C2E4AC91FC167A2B244592486606FC29C8FD7F045B9A
310
EF7053A7E60B504B0304140006080800CC70623BD9DDAED0EC0000007C01000008000000636F72652E786D6C8D90416EC3201045AF82665B61836D9CD8C2444DD39CA01740405C94182C03558F5F9C3852BBEB6A467FFE9B197D7EF89E6EE8CB2CC17A37002D0820E394D7D68D03A478C17B4007C117EFE32F1B20272733C0
310
2A83E0E3E2D3BC49CABB685CCCAAF3DA6CA20CC14440EA969B0182FA34932C648AD911AEC52CD5558EA6A0CF2EC329598D1E47ACCEFBECC59A050463A7EA5833865FEBDD0E37353BE3EE8DBDE3F6786A48D375FBF6CC78B9C282473B3DEFABC5C86834888A900E538A49F5419B9EB47DD5BC907D4F082F57FB1F28CDFA9F50
310
B22ED6D5F6EE030B20687EE43E10BC5CB3C8E51E54AE6B6EE207504B0304140006080800CC70623B55019EA25F0000007C00000007000000636E782E786D6C4DCB3B0E80201045D1AD90E915ED2CF8AC45050C11660C8261F98AB1B07AC9C97D42D718D865D3E909258CFD00CCE24AC6E326A164D74DC0B4128928FF326038
310
472BA13128B1252AC747C6BAB984FC68F0B87FE8960A5C09FE86CFB69FBA01504B0304140006080800CC70623BA24EB22D72010000D40300000C0000006662782F636F72652E786D6CC5535B6E833010BC8AE5DF0A6C5E49888CA3A6694ED00B38E05014B091B1518EDFE511A5A9D228FD2A1F60CDEC7A67C6986DCE4D8D7A
310
69BA4AAB0C073EC548AA5C17952A33ECECD15B61B4E1CC686DBF9561A44423333CC098B3D268D7CE50AE9595CA02AA74216750749DB418E5352C32DCE59FB211BE70162ABA93DF8AFC244AE9073ED050C759670D0840D390E18DF9F1706664C23973AE2A66B62A605A75ACA4C13C4976E1364A12EF355A2EBD384AF65EFA96
310
BC7B8BED2EA6719AAE16FB8491A199335B351775B991C2CA02F390D2D40B028F861F41BCA68B7518BFD0D59A524686F29B26D7164F36B94AD9289CE54E6D1DE6010819891F6E21228B3AD1831EC219194284CF98F06DD01008846CC5A1BEF83801D4CBDC6A1303536877A57A513B0953A94FC707FDBE6064EA84A9E3E6E0FA
310
EE8CF0E9198F7784A316AA0413C2C2F2E0ECA0934D1AE6D05A69BCDE9E91D2A611F573361E38FC1375157F5752AE6B6DFE4B11990F88CCBF0719EE23FF02504B0304140006080800CC70623B408A7D3B7C0000009D0000000B0000006662782F636E782E786D6C4DCCD10A83201886E15B91FFDC552A92A0064DBC8F581632
310
D3703A76F9ABD1C18E3E78F878E5F0D9027ABBFCF2292AE86E2D20171F69F6715550CB827B40839639A5F2770314A7CD293819B45C73AAFB45B35BA61ACAA1C1C7E7855C58C15BC331339661262CC762340413D68D77DA5B42298546CBE6573AF60CEB2F504B0304140006080800CC70623B449FB9BD290100001202000031
310
0000006662782F36394639363044362D344446342D343946362D394244322D3234314243333846323333332F636F72652E786D6C8D515B6EC32010BC0AE22B55850D98B871848994463E412FE002495162B07854397EA176A4F62F3F2C9A9D991D587EB84F37F0AD7D30CEF6905418026DA553C65E7A98E219ED203808EE9D
310
8B7F6810D871D23D2C3014FCE25D9A57483A1BB58D19B54EE9151C43D0110279CB971E06F9A5A7B11A53CC8C70ADE6515EC78BAE4895DB992778883E0700CB907242D17643D7E2538BD869608875438BBAE38922CAC8F1BDD90DB4691A5E2F42C153326A951B95E398B3D1FE599322163C9AE9115F7A3D46ADA0A018778810
310
84E907617BDCEE297BC5BB3DC6BC2EF47FA234AB2745C9D8D8D035EE220B50105E2F0DC1954B9FB747187D9F9D8FA0CCDB042D5FA0C015C65B42DF78BD10F3F3B363CB56C7109DCFDFBBB97E662ED92EB62D13BC2E1BCAE5777DB9966D8A1F504B0304140006080800CC70623BAD7543B64E01000033030000300000006662
310
782F36394639363044362D344446342D343946362D394244322D3234314243333846323333332F636E782E786D6CD593CD6EC32010845F0571AD6CE3D48AD20813A9873E410FBD12D82434182C7EAAE6EDBB2424CD25871E7B41D6EC30B3FA84F9E67BB2E40B4234DE8DB46F1925E094D7C6ED479AD3AE5951B2113C789FEE
310
6C943839C1488B4C05DF079FE72A69D8C96C13AAD6B8631503449F83828872B949AC57D26200B826A308D316B4064D6E46FCDA41C05550DC9E483A00797BFD207EFB092A45DE9514C1BBD22178396BD39D891265658C238DEA00936C654E5E433CB65A26D9F6EDB5EBC14EBF49A45CB856E66048291F6939A9A81BB5C89177
310
38143CA680F4AA299D66A042CEB3354A2684DC9D8D178FE0D9B8B41CAAD720F880EE7EF93C0C18769E099ECC04D5A102C8049A8A05632F4DDF376CF1DE0F6BB65C2F8627B65A33C6BB62177CEBBDAD973006829F89F22E814B54F4BC2BE347F8AA8F681390B50FA73F804400B5F542E796F19FF974E7F78DB802FE05E20750
310
4B0304140006080800CC70623B8D05915C650500003B100000340000006662782F36394639363044362D344446342D343946362D394244322D3234314243333846323333332F6F626A656374732E786D6CAD575B6FA33814FE2B887D06429276DA1565D4266D158D3A339A6846FB502932E050B66023DB74D2FDF5FB190C01
310
9276B2973C046C8ECFF53B17071F77456EBD502133CEAE6CDF9DD81665314F32965ED995DA3A17B6F5310C04E7AA47665B8C14F4CAD6DB7618A48257A5D94AE89654B91AEDDEDDFC61C998326A5B714EA4BCB265FC440BE2924AF184CA6737218AB8E976E7FA6E4338649B0A523E8D98964450A6A029F619B8588D52FE7039
310
B1BD30F0F4F730D0FF866AF6369557DB33949F31A9088B0F848DD8CCFCF9F2767A76E99CCDE733677E3EF59D9BBB9BA5E37F984D16E78BC5E5F5ED25044B25C0C96822E8D60EEFE11B91C581D77CEA34368A1F5329E68CD1B8B61F16D63A1B8E092D294B10C78C4A48EB593D192E7DED9BDEE7995E1B91FDEDD3ACEA9FE831
310
6A756F9F7D4D79F4274C90A7A04248AA51D5F8C718DAE06FB2F75AC4796EBE65D22A88A22223B995679120E2D50E41AA49C260C046A35368846B0BECD0DFF3EBEB8AD4F835768F69B9ADF25C43D30E6B646F807FAA64AD59F61715C7A54127C4AACA98BA3006A9D792DAE165E0D59B61A01FB3A9F9D838D2DAE62445C86166
310
F37564E842E7DE6A69879FEEA2DD5AE7E371E1A5E025154AC307D06A03D73EB5978C58FFA4C8E9033066E0F3BD53BEC1F39F91BE7B55103791EDE6BBB991A2046172CB4581D8B893FA674DDA17A77B3B7C413D1B511FD2743BFF8A38F03A658705E3ADF8015C3A3417FF3D7E439FF591DA0B5F18BC20C1B8981957AE6392A3
310
F43C640C01D1A0B4728E2DD4F26DB4B3C3152A252A3B4E913CEC1C72F012782FF88EFF8637AA552DBEF76408E8A8DE9E50F9E1CB3A2DA0DB1B6039A893B56063DC5B3E3FFB5F72E67AB9FEB4AEC496C4F4C1149625DD662C53E89D7BF0F6151A046260D1337DFDC94502430F83B0EE07A130A224BCAD7DAE1D9FB6CD422FF6
310
920702629C4BB9AE79C12F243C6432A6794E18E5552BA56B431AAB5D91317302B2B071E86C3A42B1A02F999E24061403B5D0EB639195DA655DD3EBEAB4FB862DDF579F014AD0E73C22F99E28DA57FB98E75C6CA2D74D53086D600F4786E0FE3144B771A8A7B900F03594DB8A633CBC49B2EDB69228BB479CF863B5E807AAAB
310
23872F6DFEB4129B949CA33823F58830E86D65621E10047D9DB34D862E8EAC3C2ABC2F7B2C40D67CDFE01F5545B92105AF983AC54D93D69E56FB8E797F88913F898A9FEC705D3F9D1B54EC8426FB500D40A03BD0119B06E1B95DDC7EB8F6975367793EBD70E66733DFB9BC982F9CE564727731999F5D4ECFCE3B8D6A4DC2A0
310
6D50FD148437D110834A64C6CDDF57FBACB5C307A2A477DFE4939736CFEF2B175371E0E10CF0DD1D5C15654E0BCA14D1E87DD02FF93782A162C0A3D95F1524A52770F972BF1EE9809D13CE7DD599467F8ECE9ADD85CE85A34CD45355448C64F9E8A031DC2D596ACC6E5DD93D9B82DE2EF5CAF81363A8E47996A0DE24564A79
310
4115AACE09C55E14540231FDA13C319787134EBF34E3A022514E5B4D9E0826E25C02D5805B15ABE1BEF51B26383D445DD9E875EE33FE4C22DA16427D65A3BCA92CA6D28DD01DF5DC53330704308475351050232CCD31583787BA75774AFB06E5070DD0C8EF484E19968C5D83BA5B90B244D31E54D55A372320FE4786B7EA58
310
44E135AA5467CB7EA333A61683CC6A8C3257034C10CF46F40EF9F5BE59BE5BD30C3C72D235E95D10345C1D45445A5F0BB47E46A5EBE5570F9380B5FA629579952296A773720405982B9DE04011506178964401AA8BDF1FBF0A8EAB6861DD6580C0E38217056766716DAEB2D6FA0917D3E4116581EADB879C4E7CFFB11EFACD
310
3D641311495D92C8676CB409A72D18610D803CE8A626049E8EC1887CB5B44CC39883690DDA8399B4B9855B481E7D71D4A9D22F96E5BB73BF5793020C02137BF837504B0304140006080000CC70623B000000000000000000000000350000006662782F36394639363044362D344446342D343946362D394244322D32343142
310
43333846323333332F76657274696365732E62696E504B0304140006080800CC70623BF270F1330600000004000000360000006662782F36394639363044362D344446342D343946362D394244322D3234314243333846323333332F747269616E676C65732E62696E636660600000504B0304140006080000CC70623B0000
310
00000000000000000000370000006662782F36394639363044362D344446342D343946362D394244322D3234314243333846323333332F617474726962757465732E62696E504B0304140006080800CC70623B08DA0BD19000000041010000360000006662782F36394639363044362D344446342D343946362D394244322D
310
3234314243333846323333332F6469726563746F72792E786D6C858F410AC3201045AF22B36F53E9A60B35CBEEBAE80D244E44489C6234F4F835464A48035D0DF398FF9F8AF63D0E6CC63039F212F8F9020C7D47C6792B21C5FE7403D62A1188E2E60C98D7234A5830286103A55745067B9D86B8A3CF9C7F90C11DE607FB14
310
4396D7B6A82D282E9A152AD114D5EF2CB866EEE831B8EEA07A7BB5A8D7D61A2BAAEB7FD5F70921FF497D00504B0304140006080800CC70623BCA768048FE000000A00100003B0000006662782F36394639363044362D344446342D343946362D394244322D3234314243333846323333332F7265736F75726365732F636F72
310
652E786D6C8D50596E833010BD0A9ADFCA60D600328E9AA639412F609909B1126CE4A5EAF16B0295DABFFECC8CDEA2797AECF8353F924FB44E193D409E5248504B332A3D0D10FC95B4901C39B3C6F85F3248B49871801506CE266BC2B243D2688FDA47549B11775038871E12F988C7004EDE7016A9083E2ADC3D5D84BC8B09
310
D33C8D74D471E6BC8D0192EDC93A815B742658898E651BCB59086ADC356A8C3FD555A1055ED7E7E254D615792D0F075295F585746FF53B694EE78A565DD736979A65AB9933AFE69F8CD2A2F038022F28ED489E135A7CE4554F9BBEA85E68DB53CAB255FEC71496F19FA6A0B42F8B3DEE6673C0F318E4497096AD7DC5F52C33
310
EEB55BFE0D504B010214000A0000080000CC70623B3DEE336E79000000790000001B00000000000000000000000000000000006175746F6465736B2D64657369676E2D7061636B6167652E786D6C504B01021400140006080800CC70623BD486FD9CA0000000F40000001300000000000000000000000000B20000005B436F
310
6E74656E745F54797065735D2E786D6C504B01021400140006080800CC70623BD9DDAED0EC0000007C010000080000000000000000000000000083010000636F72652E786D6C504B01021400140006080800CC70623B55019EA25F0000007C000000070000000000000000000000000095020000636E782E786D6C504B0102
310
1400140006080800CC70623BA24EB22D72010000D40300000C00000000000000000000000000190300006662782F636F72652E786D6C504B01021400140006080800CC70623B408A7D3B7C0000009D0000000B00000000000000000000000000B50400006662782F636E782E786D6C504B01021400140006080800CC70623B
310
449FB9BD290100001202000031000000000000000000000000005A0500006662782F36394639363044362D344446342D343946362D394244322D3234314243333846323333332F636F72652E786D6C504B01021400140006080800CC70623BAD7543B64E010000330300003000000000000000000000000000D20600006662
310
782F36394639363044362D344446342D343946362D394244322D3234314243333846323333332F636E782E786D6C504B01021400140006080800CC70623B8D05915C650500003B10000034000000000000000000000000006E0800006662782F36394639363044362D344446342D343946362D394244322D32343142433338
310
46323333332F6F626A656374732E786D6C504B01021400140006080000CC70623B0000000000000000000000003500000000000000000000000000250E00006662782F36394639363044362D344446342D343946362D394244322D3234314243333846323333332F76657274696365732E62696E504B010214001400060808
310
00CC70623BF270F13306000000040000003600000000000000000000000000780E00006662782F36394639363044362D344446342D343946362D394244322D3234314243333846323333332F747269616E676C65732E62696E504B01021400140006080000CC70623B00000000000000000000000037000000000000000000
310
00000000D20E00006662782F36394639363044362D344446342D343946362D394244322D3234314243333846323333332F617474726962757465732E62696E504B01021400140006080800CC70623B08DA0BD190000000410100003600000000000000000000000000270F00006662782F36394639363044362D344446342D
310
343946362D394244322D3234314243333846323333332F6469726563746F72792E786D6C504B01021400140006080800CC70623BCA768048FE000000A00100003B000000000000000000000000000B1000006662782F36394639363044362D344446342D343946362D394244322D3234314243333846323333332F7265736F
310
75726365732F636F72652E786D6C504B0506000000000E000E0080040000621100000000
  0
XRECORD
  5
176
102
{ACAD_REACTORS
330
173
102
}
330
173
100
AcDbXrecord
280
     1
270
     1
271
     1
  0
XRECORD
  5
177
102
{ACAD_REACTORS
330
173
102
}
330
173
100
AcDbXrecord
280
     1
270
     1
271
     1
  0
XRECORD
  5
2B6
102
{ACAD_REACTORS
330
234
102
}
330
234
100
AcDbXrecord
280
     1
102
DISPLAYNAME
  1
Metric50
102
FLAGS
 90
        0
  0
CELLSTYLEMAP
  5
27C
102
{ACAD_REACTORS
330
162
102
}
330
162
100
AcDbCellStyleMap
 90
        3
300
CELLSTYLE
  1
TABLEFORMAT_BEGIN
 90
        5
170
     1
 91
        0
 92
    32768
 62
   257
 93
        1
300
CONTENTFORMAT
  1
CONTENTFORMAT_BEGIN
 90
        0
 91
        0
 92
      512
 93
        0
300

 40
0.0
140
1.0
 94
        5
 62
     0
340
11
144
6.0
309
CONTENTFORMAT_END
171
     1
301
MARGIN
  1
CELLMARGIN_BEGIN
 40
1.5
 40
1.5
 40
1.5
 40
1.5
 40
4.5
 40
4.5
309
CELLMARGIN_END
 94
        6
 95
        1
302
GRIDFORMAT
  1
GRIDFORMAT_BEGIN
 90
        0
 91
        1
 62
     0
 92
       -2
340
14
 93
        0
 40
1.125
309
GRIDFORMAT_END
 95
        2
302
GRIDFORMAT
  1
GRIDFORMAT_BEGIN
 90
        0
 91
        1
 62
     0
 92
       -2
340
14
 93
        0
 40
1.125
309
GRIDFORMAT_END
 95
        4
302
GRIDFORMAT
  1
GRIDFORMAT_BEGIN
 90
        0
 91
        1
 62
     0
 92
       -2
340
14
 93
        0
 40
1.125
309
GRIDFORMAT_END
 95
        8
302
GRIDFORMAT
  1
GRIDFORMAT_BEGIN
 90
        0
 91
        1
 62
     0
 92
       -2
340
14
 93
        0
 40
1.125
309
GRIDFORMAT_END
 95
       16
302
GRIDFORMAT
  1
GRIDFORMAT_BEGIN
 90
        0
 91
        1
 62
     0
 92
       -2
340
14
 93
        0
 40
1.125
309
GRIDFORMAT_END
 95
       32
302
GRIDFORMAT
  1
GRIDFORMAT_BEGIN
 90
        0
 91
        1
 62
     0
 92
       -2
340
14
 93
        0
 40
1.125
309
GRIDFORMAT_END
309
TABLEFORMAT_END
  1
CELLSTYLE_BEGIN
 90
        1
 91
        1
300
_TITLE
309
CELLSTYLE_END
300
CELLSTYLE
  1
TABLEFORMAT_BEGIN
 90
        5
170
     1
 91
        0
 92
        0
 62
   257
 93
        1
300
CONTENTFORMAT
  1
CONTENTFORMAT_BEGIN
 90
        0
 91
        0
 92
      512
 93
        0
300

 40
0.0
140
1.0
 94
        5
 62
     0
340
11
144
4.5
309
CONTENTFORMAT_END
171
     1
301
MARGIN
  1
CELLMARGIN_BEGIN
 40
1.5
 40
1.5
 40
1.5
 40
1.5
 40
4.5
 40
4.5
309
CELLMARGIN_END
 94
        6
 95
        1
302
GRIDFORMAT
  1
GRIDFORMAT_BEGIN
 90
        0
 91
        1
 62
     0
 92
       -2
340
14
 93
        0
 40
1.125
309
GRIDFORMAT_END
 95
        2
302
GRIDFORMAT
  1
GRIDFORMAT_BEGIN
 90
        0
 91
        1
 62
     0
 92
       -2
340
14
 93
        0
 40
1.125
309
GRIDFORMAT_END
 95
        4
302
GRIDFORMAT
  1
GRIDFORMAT_BEGIN
 90
        0
 91
        1
 62
     0
 92
       -2
340
14
 93
        0
 40
1.125
309
GRIDFORMAT_END
 95
        8
302
GRIDFORMAT
  1
GRIDFORMAT_BEGIN
 90
        0
 91
        1
 62
     0
 92
       -2
340
14
 93
        0
 40
1.125
309
GRIDFORMAT_END
 95
       16
302
GRIDFORMAT
  1
GRIDFORMAT_BEGIN
 90
        0
 91
        1
 62
     0
 92
       -2
340
14
 93
        0
 40
1.125
309
GRIDFORMAT_END
 95
       32
302
GRIDFORMAT
  1
GRIDFORMAT_BEGIN
 90
        0
 91
        1
 62
     0
 92
       -2
340
14
 93
        0
 40
1.125
309
GRIDFORMAT_END
309
TABLEFORMAT_END
  1
CELLSTYLE_BEGIN
 90
        2
 91
        1
300
_HEADER
309
CELLSTYLE_END
300
CELLSTYLE
  1
TABLEFORMAT_BEGIN
 90
        5
170
     1
 91
        0
 92
        0
 62
   257
 93
        1
300
CONTENTFORMAT
  1
CONTENTFORMAT_BEGIN
 90
        0
 91
        0
 92
      512
 93
        0
300

 40
0.0
140
1.0
 94
        2
 62
     0
340
11
144
4.5
309
CONTENTFORMAT_END
171
     1
301
MARGIN
  1
CELLMARGIN_BEGIN
 40
1.5
 40
1.5
 40
1.5
 40
1.5
 40
4.5
 40
4.5
309
CELLMARGIN_END
 94
        6
 95
        1
302
GRIDFORMAT
  1
GRIDFORMAT_BEGIN
 90
        0
 91
        1
 62
     0
 92
       -2
340
14
 93
        0
 40
1.125
309
GRIDFORMAT_END
 95
        2
302
GRIDFORMAT
  1
GRIDFORMAT_BEGIN
 90
        0
 91
        1
 62
     0
 92
       -2
340
14
 93
        0
 40
1.125
309
GRIDFORMAT_END
 95
        4
302
GRIDFORMAT
  1
GRIDFORMAT_BEGIN
 90
        0
 91
        1
 62
     0
 92
       -2
340
14
 93
        0
 40
1.125
309
GRIDFORMAT_END
 95
        8
302
GRIDFORMAT
  1
GRIDFORMAT_BEGIN
 90
        0
 91
        1
 62
     0
 92
       -2
340
14
 93
        0
 40
1.125
309
GRIDFORMAT_END
 95
       16
302
GRIDFORMAT
  1
GRIDFORMAT_BEGIN
 90
        0
 91
        1
 62
     0
 92
       -2
340
14
 93
        0
 40
1.125
309
GRIDFORMAT_END
 95
       32
302
GRIDFORMAT
  1
GRIDFORMAT_BEGIN
 90
        0
 91
        1
 62
     0
 92
       -2
340
14
 93
        0
 40
1.125
309
GRIDFORMAT_END
309
TABLEFORMAT_END
  1
CELLSTYLE_BEGIN
 90
        3
 91
        2
300
_DATA
309
CELLSTYLE_END
  0
XRECORD
  5
291
102
{ACAD_REACTORS
330
290
102
}
330
290
100
AcDbXrecord
280
     1
102
RTVSPost2010Prop28
280
     1
102
RTVSPost2010PropOp28
 70
     1
102
RTVSPost2010Prop29
280
     1
102
RTVSPost2010PropOp29
 70
     1
102
RTVSPost2010Prop30
280
     0
102
RTVSPost2010PropOp30
 70
     1
102
RTVSPost2010Prop31
280
     0
102
RTVSPost2010PropOp31
 70
     1
102
RTVSPost2010Prop32
280
     0
102
RTVSPost2010PropOp32
 70
     1
102
RTVSPost2010Prop33
280
     0
102
RTVSPost2010PropOp33
 70
     1
102
RTVSPost2010Prop34
280
     0
102
RTVSPost2010PropOp34
 70
     1
102
RTVSPost2010Prop35
280
     0
102
RTVSPost2010PropOp35
 70
     1
102
RTVSPost2010Prop36
280
     0
102
RTVSPost2010PropOp36
 70
     1
102
RTVSPost2010Prop37
 90
       50
102
RTVSPost2010PropOp37
 70
     1
102
RTVSPost2010Prop38
140
0.0
102
RTVSPost2010PropOp38
 70
     1
102
RTVSPost2010Prop39
140
1.0
102
RTVSPost2010PropOp39
 70
     1
102
RTVSPost2010Prop40
 90
        0
102
RTVSPost2010PropOp40
 70
     1
102
RTVSPost2010Prop41ColorIndex
 90
       18
102
RTVSPost2010Prop41ColorRGB
 90
        0
102
RTVSPost2010PropOp41
 70
     1
102
RTVSPost2010Prop42
 90
       50
102
RTVSPost2010PropOp42
 70
     1
102
RTVSPost2010Prop43
 90
        3
102
RTVSPost2010PropOp43
 70
     1
102
RTVSPost2010Prop44ColorIndex
 90
        5
102
RTVSPost2010Prop44ColorRGB
 90
      255
102
RTVSPost2010PropOp44
 70
     1
102
RTVSPost2010Prop45
280
     0
102
RTVSPost2010PropOp45
 70
     1
102
RTVSPost2010Prop46
 90
       50
102
RTVSPost2010PropOp46
 70
     1
102
RTVSPost2010Prop47
 90
       50
102
RTVSPost2010PropOp47
 70
     1
102
RTVSPost2010Prop48
 90
       50
102
RTVSPost2010PropOp48
 70
     1
102
RTVSPost2010Prop49
280
     0
102
RTVSPost2010PropOp49
 70
     1
102
RTVSPost2010Prop50
 90
       50
102
RTVSPost2010PropOp50
 70
     1
102
RTVSPost2010Prop51ColorIndex
 90
      256
102
RTVSPost2010Prop51ColorRGB
 90
-16777216
102
RTVSPost2010PropOp51
 70
     0
102
RTVSPost2010Prop52
140
1.0
102
RTVSPost2010PropOp52
 70
     0
102
RTVSPost2010Prop53
 90
        2
102
RTVSPost2010PropOp53
 70
     1
102
RTVSPost2010Prop54
  1
strokes_ogs.tif
102
RTVSPost2010PropOp54
 70
     1
102
RTVSPost2010Prop55
280
     0
102
RTVSPost2010PropOp55
 70
     1
102
RTVSPost2010Prop56
140
1.0
102
RTVSPost2010PropOp56
 70
     1
102
RTVSPost2010Prop57
140
1.0
102
RTVSPost2010PropOp57
 70
     1
102
RTVSPropertyOp0
 70
     1
102
RTVSPropertyOp1
 70
     1
102
RTVSPropertyOp2
 70
     1
102
RTVSPropertyOp3
 70
     1
102
RTVSPropertyOp4
 70
     1
102
RTVSPropertyOp5
 70
     1
102
RTVSPropertyOp6
 70
     1
102
RTVSPropertyOp7
 70
     1
102
RTVSPropertyOp8
 70
     1
102
RTVSPropertyOp9
 70
     1
102
RTVSPropertyOp10
 70
     1
102
RTVSPropertyOp11
 70
     1
102
RTVSPropertyOp12
 70
     1
102
RTVSPropertyOp13
 70
     1
102
RTVSPropertyOp14
 70
     1
102
RTVSPropertyOp15
 70
     1
102
RTVSPropertyOp16
 70
     1
102
RTVSPropertyOp17
 70
     1
102
RTVSPropertyOp18
 70
     1
102
RTVSPropertyOp19
 70
     1
102
RTVSPropertyOp20
 70
     1
102
RTVSPropertyOp21
 70
     1
102
RTVSPropertyOp22
 70
     1
102
RTVSPropertyOp23
 70
     1
102
RTVSPropertyOp24
 70
     1
102
RTVSPropertyOp25
 70
     1
102
RTVSPropertyOp26
 70
     1
102
RTVSPropertyOp27
 70
     1
102
RTVSPropertyOp28
 70
     1
102
RTVSPropertyOp29
 70
     1
102
RTVSPropertyOp30
 70
     1
102
RTVSPropertyOp31
 70
     1
102
RTVSPropertyOp32
 70
     1
102
RTVSPropertyOp33
 70
     1
102
RTVSPropertyOp34
 70
     1
102
RTVSPropertyOp35
 70
     1
102
RTVSPropertyOp36
 70
     1
102
RTVSPropertyOp37
 70
     1
102
RTVSPropertyOp38
 70
     1
102
RTVSPropertyOp39
 70
     1
102
RTVSPropertyOp40
 70
     1
102
RTVSPropertyOp41
 70
     1
102
RTVSPropertyOp42
 70
     1
102
RTVSPropertyOp43
 70
     1
102
RTVSPropertyOp44
 70
     1
102
RTVSPropertyOp45
 70
     1
102
RTVSPropertyOp46
 70
     1
102
RTVSPropertyOp47
 70
     1
102
RTVSPropertyOp48
 70
     1
102
RTVSPropertyOp49
 70
     1
102
RTVSPropertyOp50
 70
     1
102
RTVSPropertyOp51
 70
     0
102
RTVSPropertyOp52
 70
     0
102
RTVSPropertyOp53
 70
     1
102
RTVSPropertyOp54
 70
     1
102
RTVSPropertyOp55
 70
     1
102
RTVSPropertyOp56
 70
     1
102
RTVSPropertyOp57
 70
     1
102
RTVSPropertyOp58
 70
     1
102
RTVSPropertyOp59
 70
     1
102
RTVSPropertyOp60
 70
     1
102
RTVSPropertyOp61
 70
     1
102
RTVSPropertyOp62
 70
     1
  0
XRECORD
  5
28F
102
{ACAD_REACTORS
330
28E
102
}
330
28E
100
AcDbXrecord
280
     1
102
RTVSPost2010Prop28
280
     0
102
RTVSPost2010PropOp28
 70
     1
102
RTVSPost2010Prop29
280
     1
102
RTVSPost2010PropOp29
 70
     1
102
RTVSPost2010Prop30
280
     1
102
RTVSPost2010PropOp30
 70
     1
102
RTVSPost2010Prop31
280
     0
102
RTVSPost2010PropOp31
 70
     1
102
RTVSPost2010Prop32
280
     0
102
RTVSPost2010PropOp32
 70
     1
102
RTVSPost2010Prop33
280
     0
102
RTVSPost2010PropOp33
 70
     1
102
RTVSPost2010Prop34
280
     0
102
RTVSPost2010PropOp34
 70
     1
102
RTVSPost2010Prop35
280
     0
102
RTVSPost2010PropOp35
 70
     1
102
RTVSPost2010Prop36
280
     0
102
RTVSPost2010PropOp36
 70
     1
102
RTVSPost2010Prop37
 90
       50
102
RTVSPost2010PropOp37
 70
     1
102
RTVSPost2010Prop38
140
0.0
102
RTVSPost2010PropOp38
 70
     1
102
RTVSPost2010Prop39
140
1.0
102
RTVSPost2010PropOp39
 70
     1
102
RTVSPost2010Prop40
 90
        0
102
RTVSPost2010PropOp40
 70
     1
102
RTVSPost2010Prop41ColorIndex
 90
       18
102
RTVSPost2010Prop41ColorRGB
 90
        0
102
RTVSPost2010PropOp41
 70
     1
102
RTVSPost2010Prop42
 90
       50
102
RTVSPost2010PropOp42
 70
     1
102
RTVSPost2010Prop43
 90
        3
102
RTVSPost2010PropOp43
 70
     1
102
RTVSPost2010Prop44ColorIndex
 90
        5
102
RTVSPost2010Prop44ColorRGB
 90
      255
102
RTVSPost2010PropOp44
 70
     1
102
RTVSPost2010Prop45
280
     0
102
RTVSPost2010PropOp45
 70
     1
102
RTVSPost2010Prop46
 90
       50
102
RTVSPost2010PropOp46
 70
     1
102
RTVSPost2010Prop47
 90
       50
102
RTVSPost2010PropOp47
 70
     1
102
RTVSPost2010Prop48
 90
       50
102
RTVSPost2010PropOp48
 70
     1
102
RTVSPost2010Prop49
280
     0
102
RTVSPost2010PropOp49
 70
     1
102
RTVSPost2010Prop50
 90
       50
102
RTVSPost2010PropOp50
 70
     1
102
RTVSPost2010Prop51ColorIndex
 90
      256
102
RTVSPost2010Prop51ColorRGB
 90
-16777216
102
RTVSPost2010PropOp51
 70
     0
102
RTVSPost2010Prop52
140
1.0
102
RTVSPost2010PropOp52
 70
     0
102
RTVSPost2010Prop53
 90
        2
102
RTVSPost2010PropOp53
 70
     1
102
RTVSPost2010Prop54
  1
strokes_ogs.tif
102
RTVSPost2010PropOp54
 70
     1
102
RTVSPost2010Prop55
280
     0
102
RTVSPost2010PropOp55
 70
     1
102
RTVSPost2010Prop56
140
1.0
102
RTVSPost2010PropOp56
 70
     1
102
RTVSPost2010Prop57
140
1.0
102
RTVSPost2010PropOp57
 70
     1
102
RTVSPropertyOp0
 70
     1
102
RTVSPropertyOp1
 70
     1
102
RTVSPropertyOp2
 70
     1
102
RTVSPropertyOp3
 70
     1
102
RTVSPropertyOp4
 70
     1
102
RTVSPropertyOp5
 70
     1
102
RTVSPropertyOp6
 70
     1
102
RTVSPropertyOp7
 70
     1
102
RTVSPropertyOp8
 70
     1
102
RTVSPropertyOp9
 70
     1
102
RTVSPropertyOp10
 70
     1
102
RTVSPropertyOp11
 70
     1
102
RTVSPropertyOp12
 70
     1
102
RTVSPropertyOp13
 70
     1
102
RTVSPropertyOp14
 70
     1
102
RTVSPropertyOp15
 70
     1
102
RTVSPropertyOp16
 70
     1
102
RTVSPropertyOp17
 70
     1
102
RTVSPropertyOp18
 70
     1
102
RTVSPropertyOp19
 70
     1
102
RTVSPropertyOp20
 70
     1
102
RTVSPropertyOp21
 70
     1
102
RTVSPropertyOp22
 70
     1
102
RTVSPropertyOp23
 70
     1
102
RTVSPropertyOp24
 70
     1
102
RTVSPropertyOp25
 70
     1
102
RTVSPropertyOp26
 70
     1
102
RTVSPropertyOp27
 70
     1
102
RTVSPropertyOp28
 70
     1
102
RTVSPropertyOp29
 70
     1
102
RTVSPropertyOp30
 70
     1
102
RTVSPropertyOp31
 70
     1
102
RTVSPropertyOp32
 70
     1
102
RTVSPropertyOp33
 70
     1
102
RTVSPropertyOp34
 70
     1
102
RTVSPropertyOp35
 70
     1
102
RTVSPropertyOp36
 70
     1
102
RTVSPropertyOp37
 70
     1
102
RTVSPropertyOp38
 70
     1
102
RTVSPropertyOp39
 70
     1
102
RTVSPropertyOp40
 70
     1
102
RTVSPropertyOp41
 70
     1
102
RTVSPropertyOp42
 70
     1
102
RTVSPropertyOp43
 70
     1
102
RTVSPropertyOp44
 70
     1
102
RTVSPropertyOp45
 70
     1
102
RTVSPropertyOp46
 70
     1
102
RTVSPropertyOp47
 70
     1
102
RTVSPropertyOp48
 70
     1
102
RTVSPropertyOp49
 70
     1
102
RTVSPropertyOp50
 70
     1
102
RTVSPropertyOp51
 70
     0
102
RTVSPropertyOp52
 70
     0
102
RTVSPropertyOp53
 70
     1
102
RTVSPropertyOp54
 70
     1
102
RTVSPropertyOp55
 70
     1
102
RTVSPropertyOp56
 70
     1
102
RTVSPropertyOp57
 70
     1
102
RTVSPropertyOp58
 70
     1
102
RTVSPropertyOp59
 70
     1
102
RTVSPropertyOp60
 70
     1
102
RTVSPropertyOp61
 70
     1
102
RTVSPropertyOp62
 70
     1
  0
XRECORD
  5
29D
102
{ACAD_REACTORS
330
29C
102
}
330
29C
100
AcDbXrecord
280
     1
102
RTVSPost2010Prop28
280
     0
102
RTVSPost2010PropOp28
 70
     1
102
RTVSPost2010Prop29
280
     1
102
RTVSPost2010PropOp29
 70
     1
102
RTVSPost2010Prop30
280
     1
102
RTVSPost2010PropOp30
 70
     1
102
RTVSPost2010Prop31
280
     0
102
RTVSPost2010PropOp31
 70
     1
102
RTVSPost2010Prop32
280
     0
102
RTVSPost2010PropOp32
 70
     1
102
RTVSPost2010Prop33
280
     0
102
RTVSPost2010PropOp33
 70
     1
102
RTVSPost2010Prop34
280
     0
102
RTVSPost2010PropOp34
 70
     1
102
RTVSPost2010Prop35
280
     0
102
RTVSPost2010PropOp35
 70
     1
102
RTVSPost2010Prop36
280
     0
102
RTVSPost2010PropOp36
 70
     1
102
RTVSPost2010Prop37
 90
       50
102
RTVSPost2010PropOp37
 70
     1
102
RTVSPost2010Prop38
140
0.0
102
RTVSPost2010PropOp38
 70
     1
102
RTVSPost2010Prop39
140
1.0
102
RTVSPost2010PropOp39
 70
     1
102
RTVSPost2010Prop40
 90
        0
102
RTVSPost2010PropOp40
 70
     1
102
RTVSPost2010Prop41ColorIndex
 90
       18
102
RTVSPost2010Prop41ColorRGB
 90
        0
102
RTVSPost2010PropOp41
 70
     1
102
RTVSPost2010Prop42
 90
       50
102
RTVSPost2010PropOp42
 70
     1
102
RTVSPost2010Prop43
 90
        3
102
RTVSPost2010PropOp43
 70
     1
102
RTVSPost2010Prop44ColorIndex
 90
        5
102
RTVSPost2010Prop44ColorRGB
 90
      255
102
RTVSPost2010PropOp44
 70
     1
102
RTVSPost2010Prop45
280
     0
102
RTVSPost2010PropOp45
 70
     1
102
RTVSPost2010Prop46
 90
       50
102
RTVSPost2010PropOp46
 70
     1
102
RTVSPost2010Prop47
 90
       50
102
RTVSPost2010PropOp47
 70
     1
102
RTVSPost2010Prop48
 90
       50
102
RTVSPost2010PropOp48
 70
     1
102
RTVSPost2010Prop49
280
     0
102
RTVSPost2010PropOp49
 70
     1
102
RTVSPost2010Prop50
 90
       50
102
RTVSPost2010PropOp50
 70
     1
102
RTVSPost2010Prop51ColorIndex
 90
      256
102
RTVSPost2010Prop51ColorRGB
 90
-16777216
102
RTVSPost2010PropOp51
 70
     0
102
RTVSPost2010Prop52
140
1.0
102
RTVSPost2010PropOp52
 70
     0
102
RTVSPost2010Prop53
 90
        2
102
RTVSPost2010PropOp53
 70
     1
102
RTVSPost2010Prop54
  1
strokes_ogs.tif
102
RTVSPost2010PropOp54
 70
     1
102
RTVSPost2010Prop55
280
     0
102
RTVSPost2010PropOp55
 70
     1
102
RTVSPost2010Prop56
140
1.0
102
RTVSPost2010PropOp56
 70
     1
102
RTVSPost2010Prop57
140
1.0
102
RTVSPost2010PropOp57
 70
     1
102
RTVSPropertyOp0
 70
     1
102
RTVSPropertyOp1
 70
     1
102
RTVSPropertyOp2
 70
     1
102
RTVSPropertyOp3
 70
     1
102
RTVSPropertyOp4
 70
     1
102
RTVSPropertyOp5
 70
     1
102
RTVSPropertyOp6
 70
     1
102
RTVSPropertyOp7
 70
     1
102
RTVSPropertyOp8
 70
     1
102
RTVSPropertyOp9
 70
     1
102
RTVSPropertyOp10
 70
     1
102
RTVSPropertyOp11
 70
     1
102
RTVSPropertyOp12
 70
     1
102
RTVSPropertyOp13
 70
     1
102
RTVSPropertyOp14
 70
     1
102
RTVSPropertyOp15
 70
     1
102
RTVSPropertyOp16
 70
     1
102
RTVSPropertyOp17
 70
     1
102
RTVSPropertyOp18
 70
     1
102
RTVSPropertyOp19
 70
     1
102
RTVSPropertyOp20
 70
     1
102
RTVSPropertyOp21
 70
     1
102
RTVSPropertyOp22
 70
     1
102
RTVSPropertyOp23
 70
     1
102
RTVSPropertyOp24
 70
     1
102
RTVSPropertyOp25
 70
     1
102
RTVSPropertyOp26
 70
     1
102
RTVSPropertyOp27
 70
     1
102
RTVSPropertyOp28
 70
     1
102
RTVSPropertyOp29
 70
     1
102
RTVSPropertyOp30
 70
     1
102
RTVSPropertyOp31
 70
     1
102
RTVSPropertyOp32
 70
     1
102
RTVSPropertyOp33
 70
     1
102
RTVSPropertyOp34
 70
     1
102
RTVSPropertyOp35
 70
     1
102
RTVSPropertyOp36
 70
     1
102
RTVSPropertyOp37
 70
     1
102
RTVSPropertyOp38
 70
     1
102
RTVSPropertyOp39
 70
     1
102
RTVSPropertyOp40
 70
     1
102
RTVSPropertyOp41
 70
     1
102
RTVSPropertyOp42
 70
     1
102
RTVSPropertyOp43
 70
     1
102
RTVSPropertyOp44
 70
     1
102
RTVSPropertyOp45
 70
     1
102
RTVSPropertyOp46
 70
     1
102
RTVSPropertyOp47
 70
     1
102
RTVSPropertyOp48
 70
     1
102
RTVSPropertyOp49
 70
     1
102
RTVSPropertyOp50
 70
     1
102
RTVSPropertyOp51
 70
     0
102
RTVSPropertyOp52
 70
     0
102
RTVSPropertyOp53
 70
     1
102
RTVSPropertyOp54
 70
     1
102
RTVSPropertyOp55
 70
     1
102
RTVSPropertyOp56
 70
     1
102
RTVSPropertyOp57
 70
     1
102
RTVSPropertyOp58
 70
     1
102
RTVSPropertyOp59
 70
     1
102
RTVSPropertyOp60
 70
     1
102
RTVSPropertyOp61
 70
     1
102
RTVSPropertyOp62
 70
     1
  0
XRECORD
  5
2A5
102
{ACAD_REACTORS
330
2A4
102
}
330
2A4
100
AcDbXrecord
280
     1
102
RTVSPost2010Prop28
280
     0
102
RTVSPost2010PropOp28
 70
     1
102
RTVSPost2010Prop29
280
     1
102
RTVSPost2010PropOp29
 70
     1
102
RTVSPost2010Prop30
280
     1
102
RTVSPost2010PropOp30
 70
     1
102
RTVSPost2010Prop31
280
     0
102
RTVSPost2010PropOp31
 70
     1
102
RTVSPost2010Prop32
280
     0
102
RTVSPost2010PropOp32
 70
     1
102
RTVSPost2010Prop33
280
     0
102
RTVSPost2010PropOp33
 70
     1
102
RTVSPost2010Prop34
280
     0
102
RTVSPost2010PropOp34
 70
     1
102
RTVSPost2010Prop35
280
     0
102
RTVSPost2010PropOp35
 70
     1
102
RTVSPost2010Prop36
280
     0
102
RTVSPost2010PropOp36
 70
     1
102
RTVSPost2010Prop37
 90
       50
102
RTVSPost2010PropOp37
 70
     1
102
RTVSPost2010Prop38
140
0.0
102
RTVSPost2010PropOp38
 70
     1
102
RTVSPost2010Prop39
140
1.0
102
RTVSPost2010PropOp39
 70
     1
102
RTVSPost2010Prop40
 90
        0
102
RTVSPost2010PropOp40
 70
     1
102
RTVSPost2010Prop41ColorIndex
 90
       18
102
RTVSPost2010Prop41ColorRGB
 90
        0
102
RTVSPost2010PropOp41
 70
     1
102
RTVSPost2010Prop42
 90
       50
102
RTVSPost2010PropOp42
 70
     1
102
RTVSPost2010Prop43
 90
        3
102
RTVSPost2010PropOp43
 70
     1
102
RTVSPost2010Prop44ColorIndex
 90
        5
102
RTVSPost2010Prop44ColorRGB
 90
      255
102
RTVSPost2010PropOp44
 70
     1
102
RTVSPost2010Prop45
280
     0
102
RTVSPost2010PropOp45
 70
     1
102
RTVSPost2010Prop46
 90
       50
102
RTVSPost2010PropOp46
 70
     1
102
RTVSPost2010Prop47
 90
       50
102
RTVSPost2010PropOp47
 70
     1
102
RTVSPost2010Prop48
 90
       50
102
RTVSPost2010PropOp48
 70
     1
102
RTVSPost2010Prop49
280
     0
102
RTVSPost2010PropOp49
 70
     1
102
RTVSPost2010Prop50
 90
       50
102
RTVSPost2010PropOp50
 70
     1
102
RTVSPost2010Prop51ColorIndex
 90
      256
102
RTVSPost2010Prop51ColorRGB
 90
-16777216
102
RTVSPost2010PropOp51
 70
     0
102
RTVSPost2010Prop52
140
1.0
102
RTVSPost2010PropOp52
 70
     0
102
RTVSPost2010Prop53
 90
        2
102
RTVSPost2010PropOp53
 70
     1
102
RTVSPost2010Prop54
  1
strokes_ogs.tif
102
RTVSPost2010PropOp54
 70
     1
102
RTVSPost2010Prop55
280
     0
102
RTVSPost2010PropOp55
 70
     1
102
RTVSPost2010Prop56
140
1.0
102
RTVSPost2010PropOp56
 70
     1
102
RTVSPost2010Prop57
140
1.0
102
RTVSPost2010PropOp57
 70
     1
102
RTVSPropertyOp0
 70
     1
102
RTVSPropertyOp1
 70
     1
102
RTVSPropertyOp2
 70
     1
102
RTVSPropertyOp3
 70
     1
102
RTVSPropertyOp4
 70
     1
102
RTVSPropertyOp5
 70
     1
102
RTVSPropertyOp6
 70
     1
102
RTVSPropertyOp7
 70
     1
102
RTVSPropertyOp8
 70
     1
102
RTVSPropertyOp9
 70
     1
102
RTVSPropertyOp10
 70
     1
102
RTVSPropertyOp11
 70
     1
102
RTVSPropertyOp12
 70
     1
102
RTVSPropertyOp13
 70
     1
102
RTVSPropertyOp14
 70
     1
102
RTVSPropertyOp15
 70
     1
102
RTVSPropertyOp16
 70
     1
102
RTVSPropertyOp17
 70
     1
102
RTVSPropertyOp18
 70
     1
102
RTVSPropertyOp19
 70
     1
102
RTVSPropertyOp20
 70
     1
102
RTVSPropertyOp21
 70
     1
102
RTVSPropertyOp22
 70
     1
102
RTVSPropertyOp23
 70
     1
102
RTVSPropertyOp24
 70
     1
102
RTVSPropertyOp25
 70
     1
102
RTVSPropertyOp26
 70
     1
102
RTVSPropertyOp27
 70
     1
102
RTVSPropertyOp28
 70
     1
102
RTVSPropertyOp29
 70
     1
102
RTVSPropertyOp30
 70
     1
102
RTVSPropertyOp31
 70
     1
102
RTVSPropertyOp32
 70
     1
102
RTVSPropertyOp33
 70
     1
102
RTVSPropertyOp34
 70
     1
102
RTVSPropertyOp35
 70
     1
102
RTVSPropertyOp36
 70
     1
102
RTVSPropertyOp37
 70
     1
102
RTVSPropertyOp38
 70
     1
102
RTVSPropertyOp39
 70
     1
102
RTVSPropertyOp40
 70
     1
102
RTVSPropertyOp41
 70
     1
102
RTVSPropertyOp42
 70
     1
102
RTVSPropertyOp43
 70
     1
102
RTVSPropertyOp44
 70
     1
102
RTVSPropertyOp45
 70
     1
102
RTVSPropertyOp46
 70
     1
102
RTVSPropertyOp47
 70
     1
102
RTVSPropertyOp48
 70
     1
102
RTVSPropertyOp49
 70
     1
102
RTVSPropertyOp50
 70
     1
102
RTVSPropertyOp51
 70
     0
102
RTVSPropertyOp52
 70
     0
102
RTVSPropertyOp53
 70
     1
102
RTVSPropertyOp54
 70
     1
102
RTVSPropertyOp55
 70
     1
102
RTVSPropertyOp56
 70
     1
102
RTVSPropertyOp57
 70
     1
102
RTVSPropertyOp58
 70
     1
102
RTVSPropertyOp59
 70
     1
102
RTVSPropertyOp60
 70
     1
102
RTVSPropertyOp61
 70
     1
102
RTVSPropertyOp62
 70
     1
  0
XRECORD
  5
297
102
{ACAD_REACTORS
330
296
102
}
330
296
100
AcDbXrecord
280
     1
102
RTVSPost2010Prop28
280
     0
102
RTVSPost2010PropOp28
 70
     1
102
RTVSPost2010Prop29
280
     1
102
RTVSPost2010PropOp29
 70
     1
102
RTVSPost2010Prop30
280
     1
102
RTVSPost2010PropOp30
 70
     1
102
RTVSPost2010Prop31
280
     0
102
RTVSPost2010PropOp31
 70
     1
102
RTVSPost2010Prop32
280
     0
102
RTVSPost2010PropOp32
 70
     1
102
RTVSPost2010Prop33
280
     0
102
RTVSPost2010PropOp33
 70
     1
102
RTVSPost2010Prop34
280
     0
102
RTVSPost2010PropOp34
 70
     1
102
RTVSPost2010Prop35
280
     0
102
RTVSPost2010PropOp35
 70
     1
102
RTVSPost2010Prop36
280
     0
102
RTVSPost2010PropOp36
 70
     1
102
RTVSPost2010Prop37
 90
       50
102
RTVSPost2010PropOp37
 70
     1
102
RTVSPost2010Prop38
140
0.0
102
RTVSPost2010PropOp38
 70
     1
102
RTVSPost2010Prop39
140
1.0
102
RTVSPost2010PropOp39
 70
     1
102
RTVSPost2010Prop40
 90
        0
102
RTVSPost2010PropOp40
 70
     1
102
RTVSPost2010Prop41ColorIndex
 90
       18
102
RTVSPost2010Prop41ColorRGB
 90
        0
102
RTVSPost2010PropOp41
 70
     1
102
RTVSPost2010Prop42
 90
       50
102
RTVSPost2010PropOp42
 70
     1
102
RTVSPost2010Prop43
 90
        3
102
RTVSPost2010PropOp43
 70
     1
102
RTVSPost2010Prop44ColorIndex
 90
        5
102
RTVSPost2010Prop44ColorRGB
 90
      255
102
RTVSPost2010PropOp44
 70
     1
102
RTVSPost2010Prop45
280
     0
102
RTVSPost2010PropOp45
 70
     1
102
RTVSPost2010Prop46
 90
       50
102
RTVSPost2010PropOp46
 70
     1
102
RTVSPost2010Prop47
 90
       50
102
RTVSPost2010PropOp47
 70
     1
102
RTVSPost2010Prop48
 90
       50
102
RTVSPost2010PropOp48
 70
     1
102
RTVSPost2010Prop49
280
     0
102
RTVSPost2010PropOp49
 70
     1
102
RTVSPost2010Prop50
 90
       50
102
RTVSPost2010PropOp50
 70
     1
102
RTVSPost2010Prop51ColorIndex
 90
      256
102
RTVSPost2010Prop51ColorRGB
 90
-16777216
102
RTVSPost2010PropOp51
 70
     0
102
RTVSPost2010Prop52
140
1.0
102
RTVSPost2010PropOp52
 70
     0
102
RTVSPost2010Prop53
 90
        2
102
RTVSPost2010PropOp53
 70
     1
102
RTVSPost2010Prop54
  1
strokes_ogs.tif
102
RTVSPost2010PropOp54
 70
     1
102
RTVSPost2010Prop55
280
     0
102
RTVSPost2010PropOp55
 70
     1
102
RTVSPost2010Prop56
140
1.0
102
RTVSPost2010PropOp56
 70
     1
102
RTVSPost2010Prop57
140
1.0
102
RTVSPost2010PropOp57
 70
     1
102
RTVSPropertyOp0
 70
     1
102
RTVSPropertyOp1
 70
     1
102
RTVSPropertyOp2
 70
     1
102
RTVSPropertyOp3
 70
     1
102
RTVSPropertyOp4
 70
     1
102
RTVSPropertyOp5
 70
     1
102
RTVSPropertyOp6
 70
     1
102
RTVSPropertyOp7
 70
     1
102
RTVSPropertyOp8
 70
     1
102
RTVSPropertyOp9
 70
     1
102
RTVSPropertyOp10
 70
     1
102
RTVSPropertyOp11
 70
     1
102
RTVSPropertyOp12
 70
     1
102
RTVSPropertyOp13
 70
     1
102
RTVSPropertyOp14
 70
     1
102
RTVSPropertyOp15
 70
     1
102
RTVSPropertyOp16
 70
     1
102
RTVSPropertyOp17
 70
     1
102
RTVSPropertyOp18
 70
     1
102
RTVSPropertyOp19
 70
     1
102
RTVSPropertyOp20
 70
     1
102
RTVSPropertyOp21
 70
     1
102
RTVSPropertyOp22
 70
     1
102
RTVSPropertyOp23
 70
     1
102
RTVSPropertyOp24
 70
     1
102
RTVSPropertyOp25
 70
     1
102
RTVSPropertyOp26
 70
     1
102
RTVSPropertyOp27
 70
     1
102
RTVSPropertyOp28
 70
     1
102
RTVSPropertyOp29
 70
     1
102
RTVSPropertyOp30
 70
     1
102
RTVSPropertyOp31
 70
     1
102
RTVSPropertyOp32
 70
     1
102
RTVSPropertyOp33
 70
     1
102
RTVSPropertyOp34
 70
     1
102
RTVSPropertyOp35
 70
     1
102
RTVSPropertyOp36
 70
     1
102
RTVSPropertyOp37
 70
     1
102
RTVSPropertyOp38
 70
     1
102
RTVSPropertyOp39
 70
     1
102
RTVSPropertyOp40
 70
     1
102
RTVSPropertyOp41
 70
     1
102
RTVSPropertyOp42
 70
     1
102
RTVSPropertyOp43
 70
     1
102
RTVSPropertyOp44
 70
     1
102
RTVSPropertyOp45
 70
     1
102
RTVSPropertyOp46
 70
     1
102
RTVSPropertyOp47
 70
     1
102
RTVSPropertyOp48
 70
     1
102
RTVSPropertyOp49
 70
     1
102
RTVSPropertyOp50
 70
     1
102
RTVSPropertyOp51
 70
     0
102
RTVSPropertyOp52
 70
     0
102
RTVSPropertyOp53
 70
     1
102
RTVSPropertyOp54
 70
     1
102
RTVSPropertyOp55
 70
     1
102
RTVSPropertyOp56
 70
     1
102
RTVSPropertyOp57
 70
     1
102
RTVSPropertyOp58
 70
     1
102
RTVSPropertyOp59
 70
     1
102
RTVSPropertyOp60
 70
     1
102
RTVSPropertyOp61
 70
     1
102
RTVSPropertyOp62
 70
     1
  0
XRECORD
  5
29B
102
{ACAD_REACTORS
330
29A
102
}
330
29A
100
AcDbXrecord
280
     1
102
RTVSPost2010Prop28
280
     0
102
RTVSPost2010PropOp28
 70
     1
102
RTVSPost2010Prop29
280
     1
102
RTVSPost2010PropOp29
 70
     1
102
RTVSPost2010Prop30
280
     1
102
RTVSPost2010PropOp30
 70
     1
102
RTVSPost2010Prop31
280
     0
102
RTVSPost2010PropOp31
 70
     1
102
RTVSPost2010Prop32
280
     0
102
RTVSPost2010PropOp32
 70
     1
102
RTVSPost2010Prop33
280
     0
102
RTVSPost2010PropOp33
 70
     1
102
RTVSPost2010Prop34
280
     0
102
RTVSPost2010PropOp34
 70
     1
102
RTVSPost2010Prop35
280
     0
102
RTVSPost2010PropOp35
 70
     1
102
RTVSPost2010Prop36
280
     0
102
RTVSPost2010PropOp36
 70
     1
102
RTVSPost2010Prop37
 90
       50
102
RTVSPost2010PropOp37
 70
     1
102
RTVSPost2010Prop38
140
0.0
102
RTVSPost2010PropOp38
 70
     1
102
RTVSPost2010Prop39
140
1.0
102
RTVSPost2010PropOp39
 70
     1
102
RTVSPost2010Prop40
 90
        0
102
RTVSPost2010PropOp40
 70
     1
102
RTVSPost2010Prop41ColorIndex
 90
       18
102
RTVSPost2010Prop41ColorRGB
 90
        0
102
RTVSPost2010PropOp41
 70
     1
102
RTVSPost2010Prop42
 90
       50
102
RTVSPost2010PropOp42
 70
     1
102
RTVSPost2010Prop43
 90
        3
102
RTVSPost2010PropOp43
 70
     1
102
RTVSPost2010Prop44ColorIndex
 90
        5
102
RTVSPost2010Prop44ColorRGB
 90
      255
102
RTVSPost2010PropOp44
 70
     1
102
RTVSPost2010Prop45
280
     0
102
RTVSPost2010PropOp45
 70
     1
102
RTVSPost2010Prop46
 90
       50
102
RTVSPost2010PropOp46
 70
     1
102
RTVSPost2010Prop47
 90
       50
102
RTVSPost2010PropOp47
 70
     1
102
RTVSPost2010Prop48
 90
       50
102
RTVSPost2010PropOp48
 70
     1
102
RTVSPost2010Prop49
280
     0
102
RTVSPost2010PropOp49
 70
     1
102
RTVSPost2010Prop50
 90
       50
102
RTVSPost2010PropOp50
 70
     1
102
RTVSPost2010Prop51ColorIndex
 90
      256
102
RTVSPost2010Prop51ColorRGB
 90
-16777216
102
RTVSPost2010PropOp51
 70
     0
102
RTVSPost2010Prop52
140
1.0
102
RTVSPost2010PropOp52
 70
     0
102
RTVSPost2010Prop53
 90
        2
102
RTVSPost2010PropOp53
 70
     1
102
RTVSPost2010Prop54
  1
strokes_ogs.tif
102
RTVSPost2010PropOp54
 70
     1
102
RTVSPost2010Prop55
280
     0
102
RTVSPost2010PropOp55
 70
     1
102
RTVSPost2010Prop56
140
1.0
102
RTVSPost2010PropOp56
 70
     1
102
RTVSPost2010Prop57
140
1.0
102
RTVSPost2010PropOp57
 70
     1
102
RTVSPropertyOp0
 70
     1
102
RTVSPropertyOp1
 70
     1
102
RTVSPropertyOp2
 70
     1
102
RTVSPropertyOp3
 70
     1
102
RTVSPropertyOp4
 70
     1
102
RTVSPropertyOp5
 70
     1
102
RTVSPropertyOp6
 70
     1
102
RTVSPropertyOp7
 70
     1
102
RTVSPropertyOp8
 70
     1
102
RTVSPropertyOp9
 70
     1
102
RTVSPropertyOp10
 70
     1
102
RTVSPropertyOp11
 70
     1
102
RTVSPropertyOp12
 70
     1
102
RTVSPropertyOp13
 70
     1
102
RTVSPropertyOp14
 70
     1
102
RTVSPropertyOp15
 70
     1
102
RTVSPropertyOp16
 70
     1
102
RTVSPropertyOp17
 70
     1
102
RTVSPropertyOp18
 70
     1
102
RTVSPropertyOp19
 70
     1
102
RTVSPropertyOp20
 70
     1
102
RTVSPropertyOp21
 70
     1
102
RTVSPropertyOp22
 70
     1
102
RTVSPropertyOp23
 70
     1
102
RTVSPropertyOp24
 70
     1
102
RTVSPropertyOp25
 70
     1
102
RTVSPropertyOp26
 70
     1
102
RTVSPropertyOp27
 70
     1
102
RTVSPropertyOp28
 70
     1
102
RTVSPropertyOp29
 70
     1
102
RTVSPropertyOp30
 70
     1
102
RTVSPropertyOp31
 70
     1
102
RTVSPropertyOp32
 70
     1
102
RTVSPropertyOp33
 70
     1
102
RTVSPropertyOp34
 70
     1
102
RTVSPropertyOp35
 70
     1
102
RTVSPropertyOp36
 70
     1
102
RTVSPropertyOp37
 70
     1
102
RTVSPropertyOp38
 70
     1
102
RTVSPropertyOp39
 70
     1
102
RTVSPropertyOp40
 70
     1
102
RTVSPropertyOp41
 70
     1
102
RTVSPropertyOp42
 70
     1
102
RTVSPropertyOp43
 70
     1
102
RTVSPropertyOp44
 70
     1
102
RTVSPropertyOp45
 70
     1
102
RTVSPropertyOp46
 70
     1
102
RTVSPropertyOp47
 70
     1
102
RTVSPropertyOp48
 70
     1
102
RTVSPropertyOp49
 70
     1
102
RTVSPropertyOp50
 70
     1
102
RTVSPropertyOp51
 70
     0
102
RTVSPropertyOp52
 70
     0
102
RTVSPropertyOp53
 70
     1
102
RTVSPropertyOp54
 70
     1
102
RTVSPropertyOp55
 70
     1
102
RTVSPropertyOp56
 70
     1
102
RTVSPropertyOp57
 70
     1
102
RTVSPropertyOp58
 70
     1
102
RTVSPropertyOp59
 70
     1
102
RTVSPropertyOp60
 70
     1
102
RTVSPropertyOp61
 70
     1
102
RTVSPropertyOp62
 70
     1
  0
XRECORD
  5
2AB
102
{ACAD_REACTORS
330
2AA
102
}
330
2AA
100
AcDbXrecord
280
     1
102
RTVSPost2010Prop28
280
     0
102
RTVSPost2010PropOp28
 70
     1
102
RTVSPost2010Prop29
280
     1
102
RTVSPost2010PropOp29
 70
     1
102
RTVSPost2010Prop30
280
     1
102
RTVSPost2010PropOp30
 70
     1
102
RTVSPost2010Prop31
280
     0
102
RTVSPost2010PropOp31
 70
     1
102
RTVSPost2010Prop32
280
     0
102
RTVSPost2010PropOp32
 70
     1
102
RTVSPost2010Prop33
280
     0
102
RTVSPost2010PropOp33
 70
     1
102
RTVSPost2010Prop34
280
     0
102
RTVSPost2010PropOp34
 70
     1
102
RTVSPost2010Prop35
280
     0
102
RTVSPost2010PropOp35
 70
     1
102
RTVSPost2010Prop36
280
     0
102
RTVSPost2010PropOp36
 70
     1
102
RTVSPost2010Prop37
 90
       50
102
RTVSPost2010PropOp37
 70
     1
102
RTVSPost2010Prop38
140
0.0
102
RTVSPost2010PropOp38
 70
     1
102
RTVSPost2010Prop39
140
1.0
102
RTVSPost2010PropOp39
 70
     1
102
RTVSPost2010Prop40
 90
        0
102
RTVSPost2010PropOp40
 70
     1
102
RTVSPost2010Prop41ColorIndex
 90
       18
102
RTVSPost2010Prop41ColorRGB
 90
        0
102
RTVSPost2010PropOp41
 70
     1
102
RTVSPost2010Prop42
 90
       50
102
RTVSPost2010PropOp42
 70
     1
102
RTVSPost2010Prop43
 90
        3
102
RTVSPost2010PropOp43
 70
     1
102
RTVSPost2010Prop44ColorIndex
 90
        5
102
RTVSPost2010Prop44ColorRGB
 90
      255
102
RTVSPost2010PropOp44
 70
     1
102
RTVSPost2010Prop45
280
     0
102
RTVSPost2010PropOp45
 70
     1
102
RTVSPost2010Prop46
 90
       50
102
RTVSPost2010PropOp46
 70
     1
102
RTVSPost2010Prop47
 90
       50
102
RTVSPost2010PropOp47
 70
     1
102
RTVSPost2010Prop48
 90
       50
102
RTVSPost2010PropOp48
 70
     1
102
RTVSPost2010Prop49
280
     0
102
RTVSPost2010PropOp49
 70
     1
102
RTVSPost2010Prop50
 90
       50
102
RTVSPost2010PropOp50
 70
     1
102
RTVSPost2010Prop51ColorIndex
 90
      256
102
RTVSPost2010Prop51ColorRGB
 90
-16777216
102
RTVSPost2010PropOp51
 70
     0
102
RTVSPost2010Prop52
140
1.0
102
RTVSPost2010PropOp52
 70
     0
102
RTVSPost2010Prop53
 90
        2
102
RTVSPost2010PropOp53
 70
     1
102
RTVSPost2010Prop54
  1
strokes_ogs.tif
102
RTVSPost2010PropOp54
 70
     1
102
RTVSPost2010Prop55
280
     0
102
RTVSPost2010PropOp55
 70
     1
102
RTVSPost2010Prop56
140
1.0
102
RTVSPost2010PropOp56
 70
     1
102
RTVSPost2010Prop57
140
1.0
102
RTVSPost2010PropOp57
 70
     1
102
RTVSPropertyOp0
 70
     0
102
RTVSPropertyOp1
 70
     0
102
RTVSPropertyOp2
 70
     0
102
RTVSPropertyOp3
 70
     0
102
RTVSPropertyOp4
 70
     0
102
RTVSPropertyOp5
 70
     0
102
RTVSPropertyOp6
 70
     0
102
RTVSPropertyOp7
 70
     0
102
RTVSPropertyOp8
 70
     0
102
RTVSPropertyOp9
 70
     0
102
RTVSPropertyOp10
 70
     0
102
RTVSPropertyOp11
 70
     0
102
RTVSPropertyOp12
 70
     0
102
RTVSPropertyOp13
 70
     0
102
RTVSPropertyOp14
 70
     2
102
RTVSPropertyOp15
 70
     0
102
RTVSPropertyOp16
 70
     0
102
RTVSPropertyOp17
 70
     0
102
RTVSPropertyOp18
 70
     0
102
RTVSPropertyOp19
 70
     0
102
RTVSPropertyOp20
 70
     0
102
RTVSPropertyOp21
 70
     0
102
RTVSPropertyOp22
 70
     0
102
RTVSPropertyOp23
 70
     0
102
RTVSPropertyOp24
 70
     0
102
RTVSPropertyOp25
 70
     0
102
RTVSPropertyOp26
 70
     0
102
RTVSPropertyOp27
 70
     0
102
RTVSPropertyOp28
 70
     1
102
RTVSPropertyOp29
 70
     1
102
RTVSPropertyOp30
 70
     1
102
RTVSPropertyOp31
 70
     1
102
RTVSPropertyOp32
 70
     1
102
RTVSPropertyOp33
 70
     1
102
RTVSPropertyOp34
 70
     1
102
RTVSPropertyOp35
 70
     1
102
RTVSPropertyOp36
 70
     1
102
RTVSPropertyOp37
 70
     1
102
RTVSPropertyOp38
 70
     1
102
RTVSPropertyOp39
 70
     1
102
RTVSPropertyOp40
 70
     1
102
RTVSPropertyOp41
 70
     1
102
RTVSPropertyOp42
 70
     1
102
RTVSPropertyOp43
 70
     1
102
RTVSPropertyOp44
 70
     1
102
RTVSPropertyOp45
 70
     1
102
RTVSPropertyOp46
 70
     1
102
RTVSPropertyOp47
 70
     1
102
RTVSPropertyOp48
 70
     1
102
RTVSPropertyOp49
 70
     1
102
RTVSPropertyOp50
 70
     1
102
RTVSPropertyOp51
 70
     0
102
RTVSPropertyOp52
 70
     0
102
RTVSPropertyOp53
 70
     1
102
RTVSPropertyOp54
 70
     1
102
RTVSPropertyOp55
 70
     1
102
RTVSPropertyOp56
 70
     1
102
RTVSPropertyOp57
 70
     1
102
RTVSPropertyOp58
 70
     1
102
RTVSPropertyOp59
 70
     1
102
RTVSPropertyOp60
 70
     1
102
RTVSPropertyOp61
 70
     1
102
RTVSPropertyOp62
 70
     1
  0
XRECORD
  5
2A3
102
{ACAD_REACTORS
330
2A2
102
}
330
2A2
100
AcDbXrecord
280
     1
102
RTVSPost2010Prop28
280
     0
102
RTVSPost2010PropOp28
 70
     1
102
RTVSPost2010Prop29
280
     1
102
RTVSPost2010PropOp29
 70
     1
102
RTVSPost2010Prop30
280
     1
102
RTVSPost2010PropOp30
 70
     1
102
RTVSPost2010Prop31
280
     0
102
RTVSPost2010PropOp31
 70
     1
102
RTVSPost2010Prop32
280
     0
102
RTVSPost2010PropOp32
 70
     1
102
RTVSPost2010Prop33
280
     0
102
RTVSPost2010PropOp33
 70
     1
102
RTVSPost2010Prop34
280
     0
102
RTVSPost2010PropOp34
 70
     1
102
RTVSPost2010Prop35
280
     0
102
RTVSPost2010PropOp35
 70
     1
102
RTVSPost2010Prop36
280
     0
102
RTVSPost2010PropOp36
 70
     1
102
RTVSPost2010Prop37
 90
       50
102
RTVSPost2010PropOp37
 70
     1
102
RTVSPost2010Prop38
140
0.0
102
RTVSPost2010PropOp38
 70
     1
102
RTVSPost2010Prop39
140
1.0
102
RTVSPost2010PropOp39
 70
     1
102
RTVSPost2010Prop40
 90
        0
102
RTVSPost2010PropOp40
 70
     1
102
RTVSPost2010Prop41ColorIndex
 90
       18
102
RTVSPost2010Prop41ColorRGB
 90
        0
102
RTVSPost2010PropOp41
 70
     1
102
RTVSPost2010Prop42
 90
       50
102
RTVSPost2010PropOp42
 70
     1
102
RTVSPost2010Prop43
 90
        3
102
RTVSPost2010PropOp43
 70
     1
102
RTVSPost2010Prop44ColorIndex
 90
        5
102
RTVSPost2010Prop44ColorRGB
 90
      255
102
RTVSPost2010PropOp44
 70
     1
102
RTVSPost2010Prop45
280
     0
102
RTVSPost2010PropOp45
 70
     1
102
RTVSPost2010Prop46
 90
       50
102
RTVSPost2010PropOp46
 70
     1
102
RTVSPost2010Prop47
 90
       50
102
RTVSPost2010PropOp47
 70
     1
102
RTVSPost2010Prop48
 90
       50
102
RTVSPost2010PropOp48
 70
     1
102
RTVSPost2010Prop49
280
     0
102
RTVSPost2010PropOp49
 70
     1
102
RTVSPost2010Prop50
 90
       50
102
RTVSPost2010PropOp50
 70
     1
102
RTVSPost2010Prop51ColorIndex
 90
      256
102
RTVSPost2010Prop51ColorRGB
 90
-16777216
102
RTVSPost2010PropOp51
 70
     0
102
RTVSPost2010Prop52
140
1.0
102
RTVSPost2010PropOp52
 70
     0
102
RTVSPost2010Prop53
 90
        2
102
RTVSPost2010PropOp53
 70
     1
102
RTVSPost2010Prop54
  1
strokes_ogs.tif
102
RTVSPost2010PropOp54
 70
     1
102
RTVSPost2010Prop55
280
     0
102
RTVSPost2010PropOp55
 70
     1
102
RTVSPost2010Prop56
140
1.0
102
RTVSPost2010PropOp56
 70
     1
102
RTVSPost2010Prop57
140
1.0
102
RTVSPost2010PropOp57
 70
     1
102
RTVSPropertyOp0
 70
     1
102
RTVSPropertyOp1
 70
     1
102
RTVSPropertyOp2
 70
     1
102
RTVSPropertyOp3
 70
     1
102
RTVSPropertyOp4
 70
     1
102
RTVSPropertyOp5
 70
     1
102
RTVSPropertyOp6
 70
     1
102
RTVSPropertyOp7
 70
     1
102
RTVSPropertyOp8
 70
     1
102
RTVSPropertyOp9
 70
     1
102
RTVSPropertyOp10
 70
     1
102
RTVSPropertyOp11
 70
     1
102
RTVSPropertyOp12
 70
     1
102
RTVSPropertyOp13
 70
     1
102
RTVSPropertyOp14
 70
     1
102
RTVSPropertyOp15
 70
     1
102
RTVSPropertyOp16
 70
     1
102
RTVSPropertyOp17
 70
     1
102
RTVSPropertyOp18
 70
     1
102
RTVSPropertyOp19
 70
     1
102
RTVSPropertyOp20
 70
     1
102
RTVSPropertyOp21
 70
     1
102
RTVSPropertyOp22
 70
     1
102
RTVSPropertyOp23
 70
     1
102
RTVSPropertyOp24
 70
     1
102
RTVSPropertyOp25
 70
     1
102
RTVSPropertyOp26
 70
     1
102
RTVSPropertyOp27
 70
     1
102
RTVSPropertyOp28
 70
     1
102
RTVSPropertyOp29
 70
     1
102
RTVSPropertyOp30
 70
     1
102
RTVSPropertyOp31
 70
     1
102
RTVSPropertyOp32
 70
     1
102
RTVSPropertyOp33
 70
     1
102
RTVSPropertyOp34
 70
     1
102
RTVSPropertyOp35
 70
     1
102
RTVSPropertyOp36
 70
     1
102
RTVSPropertyOp37
 70
     1
102
RTVSPropertyOp38
 70
     1
102
RTVSPropertyOp39
 70
     1
102
RTVSPropertyOp40
 70
     1
102
RTVSPropertyOp41
 70
     1
102
RTVSPropertyOp42
 70
     1
102
RTVSPropertyOp43
 70
     1
102
RTVSPropertyOp44
 70
     1
102
RTVSPropertyOp45
 70
     1
102
RTVSPropertyOp46
 70
     1
102
RTVSPropertyOp47
 70
     1
102
RTVSPropertyOp48
 70
     1
102
RTVSPropertyOp49
 70
     1
102
RTVSPropertyOp50
 70
     1
102
RTVSPropertyOp51
 70
     0
102
RTVSPropertyOp52
 70
     0
102
RTVSPropertyOp53
 70
     1
102
RTVSPropertyOp54
 70
     1
102
RTVSPropertyOp55
 70
     1
102
RTVSPropertyOp56
 70
     1
102
RTVSPropertyOp57
 70
     1
102
RTVSPropertyOp58
 70
     1
102
RTVSPropertyOp59
 70
     1
102
RTVSPropertyOp60
 70
     1
102
RTVSPropertyOp61
 70
     1
102
RTVSPropertyOp62
 70
     1
  0
XRECORD
  5
287
102
{ACAD_REACTORS
330
286
102
}
330
286
100
AcDbXrecord
280
     1
102
RTVSPost2010Prop28
280
     0
102
RTVSPost2010PropOp28
 70
     1
102
RTVSPost2010Prop29
280
     1
102
RTVSPost2010PropOp29
 70
     1
102
RTVSPost2010Prop30
280
     1
102
RTVSPost2010PropOp30
 70
     1
102
RTVSPost2010Prop31
280
     0
102
RTVSPost2010PropOp31
 70
     1
102
RTVSPost2010Prop32
280
     0
102
RTVSPost2010PropOp32
 70
     1
102
RTVSPost2010Prop33
280
     0
102
RTVSPost2010PropOp33
 70
     1
102
RTVSPost2010Prop34
280
     0
102
RTVSPost2010PropOp34
 70
     1
102
RTVSPost2010Prop35
280
     0
102
RTVSPost2010PropOp35
 70
     1
102
RTVSPost2010Prop36
280
     0
102
RTVSPost2010PropOp36
 70
     1
102
RTVSPost2010Prop37
 90
       50
102
RTVSPost2010PropOp37
 70
     1
102
RTVSPost2010Prop38
140
0.0
102
RTVSPost2010PropOp38
 70
     1
102
RTVSPost2010Prop39
140
1.0
102
RTVSPost2010PropOp39
 70
     1
102
RTVSPost2010Prop40
 90
        0
102
RTVSPost2010PropOp40
 70
     1
102
RTVSPost2010Prop41ColorIndex
 90
       18
102
RTVSPost2010Prop41ColorRGB
 90
        0
102
RTVSPost2010PropOp41
 70
     1
102
RTVSPost2010Prop42
 90
       50
102
RTVSPost2010PropOp42
 70
     1
102
RTVSPost2010Prop43
 90
        3
102
RTVSPost2010PropOp43
 70
     1
102
RTVSPost2010Prop44ColorIndex
 90
        5
102
RTVSPost2010Prop44ColorRGB
 90
      255
102
RTVSPost2010PropOp44
 70
     1
102
RTVSPost2010Prop45
280
     0
102
RTVSPost2010PropOp45
 70
     1
102
RTVSPost2010Prop46
 90
       50
102
RTVSPost2010PropOp46
 70
     1
102
RTVSPost2010Prop47
 90
       50
102
RTVSPost2010PropOp47
 70
     1
102
RTVSPost2010Prop48
 90
       50
102
RTVSPost2010PropOp48
 70
     1
102
RTVSPost2010Prop49
280
     0
102
RTVSPost2010PropOp49
 70
     1
102
RTVSPost2010Prop50
 90
       50
102
RTVSPost2010PropOp50
 70
     1
102
RTVSPost2010Prop51ColorIndex
 90
      256
102
RTVSPost2010Prop51ColorRGB
 90
-16777216
102
RTVSPost2010PropOp51
 70
     0
102
RTVSPost2010Prop52
140
1.0
102
RTVSPost2010PropOp52
 70
     0
102
RTVSPost2010Prop53
 90
        2
102
RTVSPost2010PropOp53
 70
     1
102
RTVSPost2010Prop54
  1
strokes_ogs.tif
102
RTVSPost2010PropOp54
 70
     1
102
RTVSPost2010Prop55
280
     0
102
RTVSPost2010PropOp55
 70
     1
102
RTVSPost2010Prop56
140
1.0
102
RTVSPost2010PropOp56
 70
     1
102
RTVSPost2010Prop57
140
1.0
102
RTVSPost2010PropOp57
 70
     1
102
RTVSPropertyOp0
 70
     1
102
RTVSPropertyOp1
 70
     1
102
RTVSPropertyOp2
 70
     1
102
RTVSPropertyOp3
 70
     1
102
RTVSPropertyOp4
 70
     1
102
RTVSPropertyOp5
 70
     1
102
RTVSPropertyOp6
 70
     1
102
RTVSPropertyOp7
 70
     1
102
RTVSPropertyOp8
 70
     1
102
RTVSPropertyOp9
 70
     1
102
RTVSPropertyOp10
 70
     1
102
RTVSPropertyOp11
 70
     1
102
RTVSPropertyOp12
 70
     1
102
RTVSPropertyOp13
 70
     1
102
RTVSPropertyOp14
 70
     1
102
RTVSPropertyOp15
 70
     1
102
RTVSPropertyOp16
 70
     1
102
RTVSPropertyOp17
 70
     1
102
RTVSPropertyOp18
 70
     1
102
RTVSPropertyOp19
 70
     1
102
RTVSPropertyOp20
 70
     1
102
RTVSPropertyOp21
 70
     1
102
RTVSPropertyOp22
 70
     1
102
RTVSPropertyOp23
 70
     1
102
RTVSPropertyOp24
 70
     1
102
RTVSPropertyOp25
 70
     1
102
RTVSPropertyOp26
 70
     1
102
RTVSPropertyOp27
 70
     1
102
RTVSPropertyOp28
 70
     1
102
RTVSPropertyOp29
 70
     1
102
RTVSPropertyOp30
 70
     1
102
RTVSPropertyOp31
 70
     1
102
RTVSPropertyOp32
 70
     1
102
RTVSPropertyOp33
 70
     1
102
RTVSPropertyOp34
 70
     1
102
RTVSPropertyOp35
 70
     1
102
RTVSPropertyOp36
 70
     1
102
RTVSPropertyOp37
 70
     1
102
RTVSPropertyOp38
 70
     1
102
RTVSPropertyOp39
 70
     1
102
RTVSPropertyOp40
 70
     1
102
RTVSPropertyOp41
 70
     1
102
RTVSPropertyOp42
 70
     1
102
RTVSPropertyOp43
 70
     1
102
RTVSPropertyOp44
 70
     1
102
RTVSPropertyOp45
 70
     1
102
RTVSPropertyOp46
 70
     1
102
RTVSPropertyOp47
 70
     1
102
RTVSPropertyOp48
 70
     1
102
RTVSPropertyOp49
 70
     1
102
RTVSPropertyOp50
 70
     1
102
RTVSPropertyOp51
 70
     0
102
RTVSPropertyOp52
 70
     0
102
RTVSPropertyOp53
 70
     1
102
RTVSPropertyOp54
 70
     1
102
RTVSPropertyOp55
 70
     1
102
RTVSPropertyOp56
 70
     1
102
RTVSPropertyOp57
 70
     1
102
RTVSPropertyOp58
 70
     1
102
RTVSPropertyOp59
 70
     1
102
RTVSPropertyOp60
 70
     1
102
RTVSPropertyOp61
 70
     1
102
RTVSPropertyOp62
 70
     1
  0
XRECORD
  5
289
102
{ACAD_REACTORS
330
288
102
}
330
288
100
AcDbXrecord
280
     1
102
RTVSPost2010Prop28
280
     0
102
RTVSPost2010PropOp28
 70
     1
102
RTVSPost2010Prop29
280
     1
102
RTVSPost2010PropOp29
 70
     1
102
RTVSPost2010Prop30
280
     1
102
RTVSPost2010PropOp30
 70
     1
102
RTVSPost2010Prop31
280
     0
102
RTVSPost2010PropOp31
 70
     1
102
RTVSPost2010Prop32
280
     0
102
RTVSPost2010PropOp32
 70
     1
102
RTVSPost2010Prop33
280
     0
102
RTVSPost2010PropOp33
 70
     1
102
RTVSPost2010Prop34
280
     0
102
RTVSPost2010PropOp34
 70
     1
102
RTVSPost2010Prop35
280
     0
102
RTVSPost2010PropOp35
 70
     1
102
RTVSPost2010Prop36
280
     0
102
RTVSPost2010PropOp36
 70
     1
102
RTVSPost2010Prop37
 90
       50
102
RTVSPost2010PropOp37
 70
     1
102
RTVSPost2010Prop38
140
0.0
102
RTVSPost2010PropOp38
 70
     1
102
RTVSPost2010Prop39
140
1.0
102
RTVSPost2010PropOp39
 70
     1
102
RTVSPost2010Prop40
 90
        0
102
RTVSPost2010PropOp40
 70
     1
102
RTVSPost2010Prop41ColorIndex
 90
       18
102
RTVSPost2010Prop41ColorRGB
 90
        0
102
RTVSPost2010PropOp41
 70
     1
102
RTVSPost2010Prop42
 90
       50
102
RTVSPost2010PropOp42
 70
     1
102
RTVSPost2010Prop43
 90
        3
102
RTVSPost2010PropOp43
 70
     1
102
RTVSPost2010Prop44ColorIndex
 90
        5
102
RTVSPost2010Prop44ColorRGB
 90
      255
102
RTVSPost2010PropOp44
 70
     1
102
RTVSPost2010Prop45
280
     0
102
RTVSPost2010PropOp45
 70
     1
102
RTVSPost2010Prop46
 90
       50
102
RTVSPost2010PropOp46
 70
     1
102
RTVSPost2010Prop47
 90
       50
102
RTVSPost2010PropOp47
 70
     1
102
RTVSPost2010Prop48
 90
       50
102
RTVSPost2010PropOp48
 70
     1
102
RTVSPost2010Prop49
280
     0
102
RTVSPost2010PropOp49
 70
     1
102
RTVSPost2010Prop50
 90
       50
102
RTVSPost2010PropOp50
 70
     1
102
RTVSPost2010Prop51ColorIndex
 90
      256
102
RTVSPost2010Prop51ColorRGB
 90
-16777216
102
RTVSPost2010PropOp51
 70
     0
102
RTVSPost2010Prop52
140
1.0
102
RTVSPost2010PropOp52
 70
     0
102
RTVSPost2010Prop53
 90
        2
102
RTVSPost2010PropOp53
 70
     1
102
RTVSPost2010Prop54
  1
strokes_ogs.tif
102
RTVSPost2010PropOp54
 70
     1
102
RTVSPost2010Prop55
280
     0
102
RTVSPost2010PropOp55
 70
     1
102
RTVSPost2010Prop56
140
1.0
102
RTVSPost2010PropOp56
 70
     1
102
RTVSPost2010Prop57
140
1.0
102
RTVSPost2010PropOp57
 70
     1
102
RTVSPropertyOp0
 70
     1
102
RTVSPropertyOp1
 70
     1
102
RTVSPropertyOp2
 70
     1
102
RTVSPropertyOp3
 70
     1
102
RTVSPropertyOp4
 70
     1
102
RTVSPropertyOp5
 70
     1
102
RTVSPropertyOp6
 70
     1
102
RTVSPropertyOp7
 70
     1
102
RTVSPropertyOp8
 70
     1
102
RTVSPropertyOp9
 70
     1
102
RTVSPropertyOp10
 70
     1
102
RTVSPropertyOp11
 70
     1
102
RTVSPropertyOp12
 70
     1
102
RTVSPropertyOp13
 70
     1
102
RTVSPropertyOp14
 70
     1
102
RTVSPropertyOp15
 70
     1
102
RTVSPropertyOp16
 70
     1
102
RTVSPropertyOp17
 70
     1
102
RTVSPropertyOp18
 70
     1
102
RTVSPropertyOp19
 70
     1
102
RTVSPropertyOp20
 70
     1
102
RTVSPropertyOp21
 70
     1
102
RTVSPropertyOp22
 70
     1
102
RTVSPropertyOp23
 70
     1
102
RTVSPropertyOp24
 70
     1
102
RTVSPropertyOp25
 70
     1
102
RTVSPropertyOp26
 70
     1
102
RTVSPropertyOp27
 70
     1
102
RTVSPropertyOp28
 70
     1
102
RTVSPropertyOp29
 70
     1
102
RTVSPropertyOp30
 70
     1
102
RTVSPropertyOp31
 70
     1
102
RTVSPropertyOp32
 70
     1
102
RTVSPropertyOp33
 70
     1
102
RTVSPropertyOp34
 70
     1
102
RTVSPropertyOp35
 70
     1
102
RTVSPropertyOp36
 70
     1
102
RTVSPropertyOp37
 70
     1
102
RTVSPropertyOp38
 70
     1
102
RTVSPropertyOp39
 70
     1
102
RTVSPropertyOp40
 70
     1
102
RTVSPropertyOp41
 70
     1
102
RTVSPropertyOp42
 70
     1
102
RTVSPropertyOp43
 70
     1
102
RTVSPropertyOp44
 70
     1
102
RTVSPropertyOp45
 70
     1
102
RTVSPropertyOp46
 70
     1
102
RTVSPropertyOp47
 70
     1
102
RTVSPropertyOp48
 70
     1
102
RTVSPropertyOp49
 70
     1
102
RTVSPropertyOp50
 70
     1
102
RTVSPropertyOp51
 70
     0
102
RTVSPropertyOp52
 70
     0
102
RTVSPropertyOp53
 70
     1
102
RTVSPropertyOp54
 70
     1
102
RTVSPropertyOp55
 70
     1
102
RTVSPropertyOp56
 70
     1
102
RTVSPropertyOp57
 70
     1
102
RTVSPropertyOp58
 70
     1
102
RTVSPropertyOp59
 70
     1
102
RTVSPropertyOp60
 70
     1
102
RTVSPropertyOp61
 70
     1
102
RTVSPropertyOp62
 70
     1
  0
XRECORD
  5
28B
102
{ACAD_REACTORS
330
28A
102
}
330
28A
100
AcDbXrecord
280
     1
102
RTVSPost2010Prop28
280
     0
102
RTVSPost2010PropOp28
 70
     1
102
RTVSPost2010Prop29
280
     1
102
RTVSPost2010PropOp29
 70
     1
102
RTVSPost2010Prop30
280
     1
102
RTVSPost2010PropOp30
 70
     1
102
RTVSPost2010Prop31
280
     0
102
RTVSPost2010PropOp31
 70
     1
102
RTVSPost2010Prop32
280
     0
102
RTVSPost2010PropOp32
 70
     1
102
RTVSPost2010Prop33
280
     0
102
RTVSPost2010PropOp33
 70
     1
102
RTVSPost2010Prop34
280
     0
102
RTVSPost2010PropOp34
 70
     1
102
RTVSPost2010Prop35
280
     0
102
RTVSPost2010PropOp35
 70
     1
102
RTVSPost2010Prop36
280
     0
102
RTVSPost2010PropOp36
 70
     1
102
RTVSPost2010Prop37
 90
       50
102
RTVSPost2010PropOp37
 70
     1
102
RTVSPost2010Prop38
140
0.0
102
RTVSPost2010PropOp38
 70
     1
102
RTVSPost2010Prop39
140
1.0
102
RTVSPost2010PropOp39
 70
     1
102
RTVSPost2010Prop40
 90
        0
102
RTVSPost2010PropOp40
 70
     1
102
RTVSPost2010Prop41ColorIndex
 90
       18
102
RTVSPost2010Prop41ColorRGB
 90
        0
102
RTVSPost2010PropOp41
 70
     1
102
RTVSPost2010Prop42
 90
       50
102
RTVSPost2010PropOp42
 70
     1
102
RTVSPost2010Prop43
 90
        3
102
RTVSPost2010PropOp43
 70
     1
102
RTVSPost2010Prop44ColorIndex
 90
        5
102
RTVSPost2010Prop44ColorRGB
 90
      255
102
RTVSPost2010PropOp44
 70
     1
102
RTVSPost2010Prop45
280
     0
102
RTVSPost2010PropOp45
 70
     1
102
RTVSPost2010Prop46
 90
       50
102
RTVSPost2010PropOp46
 70
     1
102
RTVSPost2010Prop47
 90
       50
102
RTVSPost2010PropOp47
 70
     1
102
RTVSPost2010Prop48
 90
       50
102
RTVSPost2010PropOp48
 70
     1
102
RTVSPost2010Prop49
280
     0
102
RTVSPost2010PropOp49
 70
     1
102
RTVSPost2010Prop50
 90
       50
102
RTVSPost2010PropOp50
 70
     1
102
RTVSPost2010Prop51ColorIndex
 90
      256
102
RTVSPost2010Prop51ColorRGB
 90
-16777216
102
RTVSPost2010PropOp51
 70
     0
102
RTVSPost2010Prop52
140
1.0
102
RTVSPost2010PropOp52
 70
     0
102
RTVSPost2010Prop53
 90
        2
102
RTVSPost2010PropOp53
 70
     1
102
RTVSPost2010Prop54
  1
strokes_ogs.tif
102
RTVSPost2010PropOp54
 70
     1
102
RTVSPost2010Prop55
280
     0
102
RTVSPost2010PropOp55
 70
     1
102
RTVSPost2010Prop56
140
1.0
102
RTVSPost2010PropOp56
 70
     1
102
RTVSPost2010Prop57
140
1.0
102
RTVSPost2010PropOp57
 70
     1
102
RTVSPropertyOp0
 70
     1
102
RTVSPropertyOp1
 70
     1
102
RTVSPropertyOp2
 70
     1
102
RTVSPropertyOp3
 70
     1
102
RTVSPropertyOp4
 70
     1
102
RTVSPropertyOp5
 70
     1
102
RTVSPropertyOp6
 70
     1
102
RTVSPropertyOp7
 70
     1
102
RTVSPropertyOp8
 70
     1
102
RTVSPropertyOp9
 70
     1
102
RTVSPropertyOp10
 70
     1
102
RTVSPropertyOp11
 70
     1
102
RTVSPropertyOp12
 70
     1
102
RTVSPropertyOp13
 70
     1
102
RTVSPropertyOp14
 70
     1
102
RTVSPropertyOp15
 70
     1
102
RTVSPropertyOp16
 70
     1
102
RTVSPropertyOp17
 70
     1
102
RTVSPropertyOp18
 70
     1
102
RTVSPropertyOp19
 70
     1
102
RTVSPropertyOp20
 70
     1
102
RTVSPropertyOp21
 70
     1
102
RTVSPropertyOp22
 70
     1
102
RTVSPropertyOp23
 70
     1
102
RTVSPropertyOp24
 70
     1
102
RTVSPropertyOp25
 70
     1
102
RTVSPropertyOp26
 70
     1
102
RTVSPropertyOp27
 70
     1
102
RTVSPropertyOp28
 70
     1
102
RTVSPropertyOp29
 70
     1
102
RTVSPropertyOp30
 70
     1
102
RTVSPropertyOp31
 70
     1
102
RTVSPropertyOp32
 70
     1
102
RTVSPropertyOp33
 70
     1
102
RTVSPropertyOp34
 70
     1
102
RTVSPropertyOp35
 70
     1
102
RTVSPropertyOp36
 70
     1
102
RTVSPropertyOp37
 70
     1
102
RTVSPropertyOp38
 70
     1
102
RTVSPropertyOp39
 70
     1
102
RTVSPropertyOp40
 70
     1
102
RTVSPropertyOp41
 70
     1
102
RTVSPropertyOp42
 70
     1
102
RTVSPropertyOp43
 70
     1
102
RTVSPropertyOp44
 70
     1
102
RTVSPropertyOp45
 70
     1
102
RTVSPropertyOp46
 70
     1
102
RTVSPropertyOp47
 70
     1
102
RTVSPropertyOp48
 70
     1
102
RTVSPropertyOp49
 70
     1
102
RTVSPropertyOp50
 70
     1
102
RTVSPropertyOp51
 70
     0
102
RTVSPropertyOp52
 70
     0
102
RTVSPropertyOp53
 70
     1
102
RTVSPropertyOp54
 70
     1
102
RTVSPropertyOp55
 70
     1
102
RTVSPropertyOp56
 70
     1
102
RTVSPropertyOp57
 70
     1
102
RTVSPropertyOp58
 70
     1
102
RTVSPropertyOp59
 70
     1
102
RTVSPropertyOp60
 70
     1
102
RTVSPropertyOp61
 70
     1
102
RTVSPropertyOp62
 70
     1
  0
XRECORD
  5
28D
102
{ACAD_REACTORS
330
28C
102
}
330
28C
100
AcDbXrecord
280
     1
102
RTVSPost2010Prop28
280
     0
102
RTVSPost2010PropOp28
 70
     1
102
RTVSPost2010Prop29
280
     1
102
RTVSPost2010PropOp29
 70
     1
102
RTVSPost2010Prop30
280
     1
102
RTVSPost2010PropOp30
 70
     1
102
RTVSPost2010Prop31
280
     0
102
RTVSPost2010PropOp31
 70
     1
102
RTVSPost2010Prop32
280
     0
102
RTVSPost2010PropOp32
 70
     1
102
RTVSPost2010Prop33
280
     0
102
RTVSPost2010PropOp33
 70
     1
102
RTVSPost2010Prop34
280
     0
102
RTVSPost2010PropOp34
 70
     1
102
RTVSPost2010Prop35
280
     0
102
RTVSPost2010PropOp35
 70
     1
102
RTVSPost2010Prop36
280
     0
102
RTVSPost2010PropOp36
 70
     1
102
RTVSPost2010Prop37
 90
       50
102
RTVSPost2010PropOp37
 70
     1
102
RTVSPost2010Prop38
140
0.0
102
RTVSPost2010PropOp38
 70
     1
102
RTVSPost2010Prop39
140
1.0
102
RTVSPost2010PropOp39
 70
     1
102
RTVSPost2010Prop40
 90
        0
102
RTVSPost2010PropOp40
 70
     1
102
RTVSPost2010Prop41ColorIndex
 90
       18
102
RTVSPost2010Prop41ColorRGB
 90
        0
102
RTVSPost2010PropOp41
 70
     1
102
RTVSPost2010Prop42
 90
       50
102
RTVSPost2010PropOp42
 70
     1
102
RTVSPost2010Prop43
 90
        3
102
RTVSPost2010PropOp43
 70
     1
102
RTVSPost2010Prop44ColorIndex
 90
        5
102
RTVSPost2010Prop44ColorRGB
 90
      255
102
RTVSPost2010PropOp44
 70
     1
102
RTVSPost2010Prop45
280
     0
102
RTVSPost2010PropOp45
 70
     1
102
RTVSPost2010Prop46
 90
       50
102
RTVSPost2010PropOp46
 70
     1
102
RTVSPost2010Prop47
 90
       50
102
RTVSPost2010PropOp47
 70
     1
102
RTVSPost2010Prop48
 90
       50
102
RTVSPost2010PropOp48
 70
     1
102
RTVSPost2010Prop49
280
     0
102
RTVSPost2010PropOp49
 70
     1
102
RTVSPost2010Prop50
 90
       50
102
RTVSPost2010PropOp50
 70
     1
102
RTVSPost2010Prop51ColorIndex
 90
      256
102
RTVSPost2010Prop51ColorRGB
 90
-16777216
102
RTVSPost2010PropOp51
 70
     0
102
RTVSPost2010Prop52
140
1.0
102
RTVSPost2010PropOp52
 70
     0
102
RTVSPost2010Prop53
 90
        2
102
RTVSPost2010PropOp53
 70
     1
102
RTVSPost2010Prop54
  1
strokes_ogs.tif
102
RTVSPost2010PropOp54
 70
     1
102
RTVSPost2010Prop55
280
     0
102
RTVSPost2010PropOp55
 70
     1
102
RTVSPost2010Prop56
140
1.0
102
RTVSPost2010PropOp56
 70
     1
102
RTVSPost2010Prop57
140
1.0
102
RTVSPost2010PropOp57
 70
     1
102
RTVSPropertyOp0
 70
     1
102
RTVSPropertyOp1
 70
     1
102
RTVSPropertyOp2
 70
     1
102
RTVSPropertyOp3
 70
     1
102
RTVSPropertyOp4
 70
     1
102
RTVSPropertyOp5
 70
     1
102
RTVSPropertyOp6
 70
     1
102
RTVSPropertyOp7
 70
     1
102
RTVSPropertyOp8
 70
     1
102
RTVSPropertyOp9
 70
     1
102
RTVSPropertyOp10
 70
     1
102
RTVSPropertyOp11
 70
     1
102
RTVSPropertyOp12
 70
     1
102
RTVSPropertyOp13
 70
     1
102
RTVSPropertyOp14
 70
     1
102
RTVSPropertyOp15
 70
     1
102
RTVSPropertyOp16
 70
     1
102
RTVSPropertyOp17
 70
     1
102
RTVSPropertyOp18
 70
     1
102
RTVSPropertyOp19
 70
     1
102
RTVSPropertyOp20
 70
     1
102
RTVSPropertyOp21
 70
     1
102
RTVSPropertyOp22
 70
     1
102
RTVSPropertyOp23
 70
     1
102
RTVSPropertyOp24
 70
     1
102
RTVSPropertyOp25
 70
     1
102
RTVSPropertyOp26
 70
     1
102
RTVSPropertyOp27
 70
     1
102
RTVSPropertyOp28
 70
     1
102
RTVSPropertyOp29
 70
     1
102
RTVSPropertyOp30
 70
     1
102
RTVSPropertyOp31
 70
     1
102
RTVSPropertyOp32
 70
     1
102
RTVSPropertyOp33
 70
     1
102
RTVSPropertyOp34
 70
     1
102
RTVSPropertyOp35
 70
     1
102
RTVSPropertyOp36
 70
     1
102
RTVSPropertyOp37
 70
     1
102
RTVSPropertyOp38
 70
     1
102
RTVSPropertyOp39
 70
     1
102
RTVSPropertyOp40
 70
     1
102
RTVSPropertyOp41
 70
     1
102
RTVSPropertyOp42
 70
     1
102
RTVSPropertyOp43
 70
     1
102
RTVSPropertyOp44
 70
     1
102
RTVSPropertyOp45
 70
     1
102
RTVSPropertyOp46
 70
     1
102
RTVSPropertyOp47
 70
     1
102
RTVSPropertyOp48
 70
     1
102
RTVSPropertyOp49
 70
     1
102
RTVSPropertyOp50
 70
     1
102
RTVSPropertyOp51
 70
     0
102
RTVSPropertyOp52
 70
     0
102
RTVSPropertyOp53
 70
     1
102
RTVSPropertyOp54
 70
     1
102
RTVSPropertyOp55
 70
     1
102
RTVSPropertyOp56
 70
     1
102
RTVSPropertyOp57
 70
     1
102
RTVSPropertyOp58
 70
     1
102
RTVSPropertyOp59
 70
     1
102
RTVSPropertyOp60
 70
     1
102
RTVSPropertyOp61
 70
     1
102
RTVSPropertyOp62
 70
     1
  0
XRECORD
  5
295
102
{ACAD_REACTORS
330
294
102
}
330
294
100
AcDbXrecord
280
     1
102
RTVSPost2010Prop28
280
     0
102
RTVSPost2010PropOp28
 70
     1
102
RTVSPost2010Prop29
280
     1
102
RTVSPost2010PropOp29
 70
     1
102
RTVSPost2010Prop30
280
     1
102
RTVSPost2010PropOp30
 70
     1
102
RTVSPost2010Prop31
280
     0
102
RTVSPost2010PropOp31
 70
     1
102
RTVSPost2010Prop32
280
     0
102
RTVSPost2010PropOp32
 70
     1
102
RTVSPost2010Prop33
280
     0
102
RTVSPost2010PropOp33
 70
     1
102
RTVSPost2010Prop34
280
     0
102
RTVSPost2010PropOp34
 70
     1
102
RTVSPost2010Prop35
280
     0
102
RTVSPost2010PropOp35
 70
     1
102
RTVSPost2010Prop36
280
     0
102
RTVSPost2010PropOp36
 70
     1
102
RTVSPost2010Prop37
 90
       50
102
RTVSPost2010PropOp37
 70
     1
102
RTVSPost2010Prop38
140
0.0
102
RTVSPost2010PropOp38
 70
     1
102
RTVSPost2010Prop39
140
1.0
102
RTVSPost2010PropOp39
 70
     1
102
RTVSPost2010Prop40
 90
        0
102
RTVSPost2010PropOp40
 70
     1
102
RTVSPost2010Prop41ColorIndex
 90
       18
102
RTVSPost2010Prop41ColorRGB
 90
        0
102
RTVSPost2010PropOp41
 70
     1
102
RTVSPost2010Prop42
 90
       50
102
RTVSPost2010PropOp42
 70
     1
102
RTVSPost2010Prop43
 90
        3
102
RTVSPost2010PropOp43
 70
     1
102
RTVSPost2010Prop44ColorIndex
 90
        5
102
RTVSPost2010Prop44ColorRGB
 90
      255
102
RTVSPost2010PropOp44
 70
     1
102
RTVSPost2010Prop45
280
     0
102
RTVSPost2010PropOp45
 70
     1
102
RTVSPost2010Prop46
 90
       50
102
RTVSPost2010PropOp46
 70
     1
102
RTVSPost2010Prop47
 90
       50
102
RTVSPost2010PropOp47
 70
     1
102
RTVSPost2010Prop48
 90
       50
102
RTVSPost2010PropOp48
 70
     1
102
RTVSPost2010Prop49
280
     0
102
RTVSPost2010PropOp49
 70
     1
102
RTVSPost2010Prop50
 90
       50
102
RTVSPost2010PropOp50
 70
     1
102
RTVSPost2010Prop51ColorIndex
 90
      256
102
RTVSPost2010Prop51ColorRGB
 90
-16777216
102
RTVSPost2010PropOp51
 70
     0
102
RTVSPost2010Prop52
140
1.0
102
RTVSPost2010PropOp52
 70
     0
102
RTVSPost2010Prop53
 90
        2
102
RTVSPost2010PropOp53
 70
     1
102
RTVSPost2010Prop54
  1
strokes_ogs.tif
102
RTVSPost2010PropOp54
 70
     1
102
RTVSPost2010Prop55
280
     0
102
RTVSPost2010PropOp55
 70
     1
102
RTVSPost2010Prop56
140
1.0
102
RTVSPost2010PropOp56
 70
     1
102
RTVSPost2010Prop57
140
1.0
102
RTVSPost2010PropOp57
 70
     1
102
RTVSPropertyOp0
 70
     1
102
RTVSPropertyOp1
 70
     1
102
RTVSPropertyOp2
 70
     1
102
RTVSPropertyOp3
 70
     1
102
RTVSPropertyOp4
 70
     1
102
RTVSPropertyOp5
 70
     1
102
RTVSPropertyOp6
 70
     1
102
RTVSPropertyOp7
 70
     1
102
RTVSPropertyOp8
 70
     1
102
RTVSPropertyOp9
 70
     1
102
RTVSPropertyOp10
 70
     1
102
RTVSPropertyOp11
 70
     1
102
RTVSPropertyOp12
 70
     1
102
RTVSPropertyOp13
 70
     1
102
RTVSPropertyOp14
 70
     1
102
RTVSPropertyOp15
 70
     1
102
RTVSPropertyOp16
 70
     1
102
RTVSPropertyOp17
 70
     1
102
RTVSPropertyOp18
 70
     1
102
RTVSPropertyOp19
 70
     1
102
RTVSPropertyOp20
 70
     1
102
RTVSPropertyOp21
 70
     1
102
RTVSPropertyOp22
 70
     1
102
RTVSPropertyOp23
 70
     1
102
RTVSPropertyOp24
 70
     1
102
RTVSPropertyOp25
 70
     1
102
RTVSPropertyOp26
 70
     1
102
RTVSPropertyOp27
 70
     1
102
RTVSPropertyOp28
 70
     1
102
RTVSPropertyOp29
 70
     1
102
RTVSPropertyOp30
 70
     1
102
RTVSPropertyOp31
 70
     1
102
RTVSPropertyOp32
 70
     1
102
RTVSPropertyOp33
 70
     1
102
RTVSPropertyOp34
 70
     1
102
RTVSPropertyOp35
 70
     1
102
RTVSPropertyOp36
 70
     1
102
RTVSPropertyOp37
 70
     1
102
RTVSPropertyOp38
 70
     1
102
RTVSPropertyOp39
 70
     1
102
RTVSPropertyOp40
 70
     1
102
RTVSPropertyOp41
 70
     1
102
RTVSPropertyOp42
 70
     1
102
RTVSPropertyOp43
 70
     1
102
RTVSPropertyOp44
 70
     1
102
RTVSPropertyOp45
 70
     1
102
RTVSPropertyOp46
 70
     1
102
RTVSPropertyOp47
 70
     1
102
RTVSPropertyOp48
 70
     1
102
RTVSPropertyOp49
 70
     1
102
RTVSPropertyOp50
 70
     1
102
RTVSPropertyOp51
 70
     0
102
RTVSPropertyOp52
 70
     0
102
RTVSPropertyOp53
 70
     1
102
RTVSPropertyOp54
 70
     1
102
RTVSPropertyOp55
 70
     1
102
RTVSPropertyOp56
 70
     1
102
RTVSPropertyOp57
 70
     1
102
RTVSPropertyOp58
 70
     1
102
RTVSPropertyOp59
 70
     1
102
RTVSPropertyOp60
 70
     1
102
RTVSPropertyOp61
 70
     1
102
RTVSPropertyOp62
 70
     1
  0
XRECORD
  5
2A7
102
{ACAD_REACTORS
330
2A6
102
}
330
2A6
100
AcDbXrecord
280
     1
102
RTVSPost2010Prop28
280
     0
102
RTVSPost2010PropOp28
 70
     1
102
RTVSPost2010Prop29
280
     1
102
RTVSPost2010PropOp29
 70
     1
102
RTVSPost2010Prop30
280
     1
102
RTVSPost2010PropOp30
 70
     1
102
RTVSPost2010Prop31
280
     0
102
RTVSPost2010PropOp31
 70
     1
102
RTVSPost2010Prop32
280
     0
102
RTVSPost2010PropOp32
 70
     1
102
RTVSPost2010Prop33
280
     0
102
RTVSPost2010PropOp33
 70
     1
102
RTVSPost2010Prop34
280
     0
102
RTVSPost2010PropOp34
 70
     1
102
RTVSPost2010Prop35
280
     0
102
RTVSPost2010PropOp35
 70
     1
102
RTVSPost2010Prop36
280
     0
102
RTVSPost2010PropOp36
 70
     1
102
RTVSPost2010Prop37
 90
       50
102
RTVSPost2010PropOp37
 70
     1
102
RTVSPost2010Prop38
140
0.0
102
RTVSPost2010PropOp38
 70
     1
102
RTVSPost2010Prop39
140
1.0
102
RTVSPost2010PropOp39
 70
     1
102
RTVSPost2010Prop40
 90
        0
102
RTVSPost2010PropOp40
 70
     1
102
RTVSPost2010Prop41ColorIndex
 90
       18
102
RTVSPost2010Prop41ColorRGB
 90
        0
102
RTVSPost2010PropOp41
 70
     1
102
RTVSPost2010Prop42
 90
       50
102
RTVSPost2010PropOp42
 70
     1
102
RTVSPost2010Prop43
 90
        3
102
RTVSPost2010PropOp43
 70
     1
102
RTVSPost2010Prop44ColorIndex
 90
        5
102
RTVSPost2010Prop44ColorRGB
 90
      255
102
RTVSPost2010PropOp44
 70
     1
102
RTVSPost2010Prop45
280
     0
102
RTVSPost2010PropOp45
 70
     1
102
RTVSPost2010Prop46
 90
       50
102
RTVSPost2010PropOp46
 70
     1
102
RTVSPost2010Prop47
 90
       50
102
RTVSPost2010PropOp47
 70
     1
102
RTVSPost2010Prop48
 90
       50
102
RTVSPost2010PropOp48
 70
     1
102
RTVSPost2010Prop49
280
     0
102
RTVSPost2010PropOp49
 70
     1
102
RTVSPost2010Prop50
 90
       50
102
RTVSPost2010PropOp50
 70
     1
102
RTVSPost2010Prop51ColorIndex
 90
      256
102
RTVSPost2010Prop51ColorRGB
 90
-16777216
102
RTVSPost2010PropOp51
 70
     0
102
RTVSPost2010Prop52
140
1.0
102
RTVSPost2010PropOp52
 70
     0
102
RTVSPost2010Prop53
 90
        2
102
RTVSPost2010PropOp53
 70
     1
102
RTVSPost2010Prop54
  1
strokes_ogs.tif
102
RTVSPost2010PropOp54
 70
     1
102
RTVSPost2010Prop55
280
     0
102
RTVSPost2010PropOp55
 70
     1
102
RTVSPost2010Prop56
140
1.0
102
RTVSPost2010PropOp56
 70
     1
102
RTVSPost2010Prop57
140
1.0
102
RTVSPost2010PropOp57
 70
     1
102
RTVSPropertyOp0
 70
     0
102
RTVSPropertyOp1
 70
     0
102
RTVSPropertyOp2
 70
     0
102
RTVSPropertyOp3
 70
     0
102
RTVSPropertyOp4
 70
     0
102
RTVSPropertyOp5
 70
     0
102
RTVSPropertyOp6
 70
     0
102
RTVSPropertyOp7
 70
     0
102
RTVSPropertyOp8
 70
     0
102
RTVSPropertyOp9
 70
     0
102
RTVSPropertyOp10
 70
     0
102
RTVSPropertyOp11
 70
     0
102
RTVSPropertyOp12
 70
     0
102
RTVSPropertyOp13
 70
     0
102
RTVSPropertyOp14
 70
     2
102
RTVSPropertyOp15
 70
     0
102
RTVSPropertyOp16
 70
     0
102
RTVSPropertyOp17
 70
     0
102
RTVSPropertyOp18
 70
     0
102
RTVSPropertyOp19
 70
     0
102
RTVSPropertyOp20
 70
     0
102
RTVSPropertyOp21
 70
     0
102
RTVSPropertyOp22
 70
     0
102
RTVSPropertyOp23
 70
     0
102
RTVSPropertyOp24
 70
     0
102
RTVSPropertyOp25
 70
     0
102
RTVSPropertyOp26
 70
     0
102
RTVSPropertyOp27
 70
     0
102
RTVSPropertyOp28
 70
     1
102
RTVSPropertyOp29
 70
     1
102
RTVSPropertyOp30
 70
     1
102
RTVSPropertyOp31
 70
     1
102
RTVSPropertyOp32
 70
     1
102
RTVSPropertyOp33
 70
     1
102
RTVSPropertyOp34
 70
     1
102
RTVSPropertyOp35
 70
     1
102
RTVSPropertyOp36
 70
     1
102
RTVSPropertyOp37
 70
     1
102
RTVSPropertyOp38
 70
     1
102
RTVSPropertyOp39
 70
     1
102
RTVSPropertyOp40
 70
     1
102
RTVSPropertyOp41
 70
     1
102
RTVSPropertyOp42
 70
     1
102
RTVSPropertyOp43
 70
     1
102
RTVSPropertyOp44
 70
     1
102
RTVSPropertyOp45
 70
     1
102
RTVSPropertyOp46
 70
     1
102
RTVSPropertyOp47
 70
     1
102
RTVSPropertyOp48
 70
     1
102
RTVSPropertyOp49
 70
     1
102
RTVSPropertyOp50
 70
     1
102
RTVSPropertyOp51
 70
     0
102
RTVSPropertyOp52
 70
     0
102
RTVSPropertyOp53
 70
     1
102
RTVSPropertyOp54
 70
     1
102
RTVSPropertyOp55
 70
     1
102
RTVSPropertyOp56
 70
     1
102
RTVSPropertyOp57
 70
     1
102
RTVSPropertyOp58
 70
     1
102
RTVSPropertyOp59
 70
     1
102
RTVSPropertyOp60
 70
     1
102
RTVSPropertyOp61
 70
     1
102
RTVSPropertyOp62
 70
     1
  0
XRECORD
  5
2A1
102
{ACAD_REACTORS
330
2A0
102
}
330
2A0
100
AcDbXrecord
280
     1
102
RTVSPost2010Prop28
280
     0
102
RTVSPost2010PropOp28
 70
     1
102
RTVSPost2010Prop29
280
     1
102
RTVSPost2010PropOp29
 70
     1
102
RTVSPost2010Prop30
280
     1
102
RTVSPost2010PropOp30
 70
     1
102
RTVSPost2010Prop31
280
     0
102
RTVSPost2010PropOp31
 70
     1
102
RTVSPost2010Prop32
280
     0
102
RTVSPost2010PropOp32
 70
     1
102
RTVSPost2010Prop33
280
     0
102
RTVSPost2010PropOp33
 70
     1
102
RTVSPost2010Prop34
280
     0
102
RTVSPost2010PropOp34
 70
     1
102
RTVSPost2010Prop35
280
     0
102
RTVSPost2010PropOp35
 70
     1
102
RTVSPost2010Prop36
280
     0
102
RTVSPost2010PropOp36
 70
     1
102
RTVSPost2010Prop37
 90
       50
102
RTVSPost2010PropOp37
 70
     1
102
RTVSPost2010Prop38
140
0.0
102
RTVSPost2010PropOp38
 70
     1
102
RTVSPost2010Prop39
140
1.0
102
RTVSPost2010PropOp39
 70
     1
102
RTVSPost2010Prop40
 90
        0
102
RTVSPost2010PropOp40
 70
     1
102
RTVSPost2010Prop41ColorIndex
 90
       18
102
RTVSPost2010Prop41ColorRGB
 90
        0
102
RTVSPost2010PropOp41
 70
     1
102
RTVSPost2010Prop42
 90
       50
102
RTVSPost2010PropOp42
 70
     1
102
RTVSPost2010Prop43
 90
        3
102
RTVSPost2010PropOp43
 70
     1
102
RTVSPost2010Prop44ColorIndex
 90
        5
102
RTVSPost2010Prop44ColorRGB
 90
      255
102
RTVSPost2010PropOp44
 70
     1
102
RTVSPost2010Prop45
280
     0
102
RTVSPost2010PropOp45
 70
     1
102
RTVSPost2010Prop46
 90
       50
102
RTVSPost2010PropOp46
 70
     1
102
RTVSPost2010Prop47
 90
       50
102
RTVSPost2010PropOp47
 70
     1
102
RTVSPost2010Prop48
 90
       50
102
RTVSPost2010PropOp48
 70
     1
102
RTVSPost2010Prop49
280
     0
102
RTVSPost2010PropOp49
 70
     1
102
RTVSPost2010Prop50
 90
       50
102
RTVSPost2010PropOp50
 70
     1
102
RTVSPost2010Prop51ColorIndex
 90
      256
102
RTVSPost2010Prop51ColorRGB
 90
-16777216
102
RTVSPost2010PropOp51
 70
     0
102
RTVSPost2010Prop52
140
1.0
102
RTVSPost2010PropOp52
 70
     0
102
RTVSPost2010Prop53
 90
        2
102
RTVSPost2010PropOp53
 70
     1
102
RTVSPost2010Prop54
  1
strokes_ogs.tif
102
RTVSPost2010PropOp54
 70
     1
102
RTVSPost2010Prop55
280
     0
102
RTVSPost2010PropOp55
 70
     1
102
RTVSPost2010Prop56
140
1.0
102
RTVSPost2010PropOp56
 70
     1
102
RTVSPost2010Prop57
140
1.0
102
RTVSPost2010PropOp57
 70
     1
102
RTVSPropertyOp0
 70
     1
102
RTVSPropertyOp1
 70
     1
102
RTVSPropertyOp2
 70
     1
102
RTVSPropertyOp3
 70
     1
102
RTVSPropertyOp4
 70
     1
102
RTVSPropertyOp5
 70
     1
102
RTVSPropertyOp6
 70
     1
102
RTVSPropertyOp7
 70
     1
102
RTVSPropertyOp8
 70
     1
102
RTVSPropertyOp9
 70
     1
102
RTVSPropertyOp10
 70
     1
102
RTVSPropertyOp11
 70
     1
102
RTVSPropertyOp12
 70
     1
102
RTVSPropertyOp13
 70
     1
102
RTVSPropertyOp14
 70
     1
102
RTVSPropertyOp15
 70
     1
102
RTVSPropertyOp16
 70
     1
102
RTVSPropertyOp17
 70
     1
102
RTVSPropertyOp18
 70
     1
102
RTVSPropertyOp19
 70
     1
102
RTVSPropertyOp20
 70
     1
102
RTVSPropertyOp21
 70
     1
102
RTVSPropertyOp22
 70
     1
102
RTVSPropertyOp23
 70
     1
102
RTVSPropertyOp24
 70
     1
102
RTVSPropertyOp25
 70
     1
102
RTVSPropertyOp26
 70
     1
102
RTVSPropertyOp27
 70
     1
102
RTVSPropertyOp28
 70
     1
102
RTVSPropertyOp29
 70
     1
102
RTVSPropertyOp30
 70
     1
102
RTVSPropertyOp31
 70
     1
102
RTVSPropertyOp32
 70
     1
102
RTVSPropertyOp33
 70
     1
102
RTVSPropertyOp34
 70
     1
102
RTVSPropertyOp35
 70
     1
102
RTVSPropertyOp36
 70
     1
102
RTVSPropertyOp37
 70
     1
102
RTVSPropertyOp38
 70
     1
102
RTVSPropertyOp39
 70
     1
102
RTVSPropertyOp40
 70
     1
102
RTVSPropertyOp41
 70
     1
102
RTVSPropertyOp42
 70
     1
102
RTVSPropertyOp43
 70
     1
102
RTVSPropertyOp44
 70
     1
102
RTVSPropertyOp45
 70
     1
102
RTVSPropertyOp46
 70
     1
102
RTVSPropertyOp47
 70
     1
102
RTVSPropertyOp48
 70
     1
102
RTVSPropertyOp49
 70
     1
102
RTVSPropertyOp50
 70
     1
102
RTVSPropertyOp51
 70
     0
102
RTVSPropertyOp52
 70
     0
102
RTVSPropertyOp53
 70
     1
102
RTVSPropertyOp54
 70
     1
102
RTVSPropertyOp55
 70
     1
102
RTVSPropertyOp56
 70
     1
102
RTVSPropertyOp57
 70
     1
102
RTVSPropertyOp58
 70
     1
102
RTVSPropertyOp59
 70
     1
102
RTVSPropertyOp60
 70
     1
102
RTVSPropertyOp61
 70
     1
102
RTVSPropertyOp62
 70
     1
  0
XRECORD
  5
2A9
102
{ACAD_REACTORS
330
2A8
102
}
330
2A8
100
AcDbXrecord
280
     1
102
RTVSPost2010Prop28
280
     0
102
RTVSPost2010PropOp28
 70
     1
102
RTVSPost2010Prop29
280
     1
102
RTVSPost2010PropOp29
 70
     1
102
RTVSPost2010Prop30
280
     1
102
RTVSPost2010PropOp30
 70
     1
102
RTVSPost2010Prop31
280
     0
102
RTVSPost2010PropOp31
 70
     1
102
RTVSPost2010Prop32
280
     0
102
RTVSPost2010PropOp32
 70
     1
102
RTVSPost2010Prop33
280
     0
102
RTVSPost2010PropOp33
 70
     1
102
RTVSPost2010Prop34
280
     0
102
RTVSPost2010PropOp34
 70
     1
102
RTVSPost2010Prop35
280
     0
102
RTVSPost2010PropOp35
 70
     1
102
RTVSPost2010Prop36
280
     0
102
RTVSPost2010PropOp36
 70
     1
102
RTVSPost2010Prop37
 90
       50
102
RTVSPost2010PropOp37
 70
     1
102
RTVSPost2010Prop38
140
0.0
102
RTVSPost2010PropOp38
 70
     1
102
RTVSPost2010Prop39
140
1.0
102
RTVSPost2010PropOp39
 70
     1
102
RTVSPost2010Prop40
 90
        0
102
RTVSPost2010PropOp40
 70
     1
102
RTVSPost2010Prop41ColorIndex
 90
       18
102
RTVSPost2010Prop41ColorRGB
 90
        0
102
RTVSPost2010PropOp41
 70
     1
102
RTVSPost2010Prop42
 90
       50
102
RTVSPost2010PropOp42
 70
     1
102
RTVSPost2010Prop43
 90
        3
102
RTVSPost2010PropOp43
 70
     1
102
RTVSPost2010Prop44ColorIndex
 90
        5
102
RTVSPost2010Prop44ColorRGB
 90
      255
102
RTVSPost2010PropOp44
 70
     1
102
RTVSPost2010Prop45
280
     0
102
RTVSPost2010PropOp45
 70
     1
102
RTVSPost2010Prop46
 90
       50
102
RTVSPost2010PropOp46
 70
     1
102
RTVSPost2010Prop47
 90
       50
102
RTVSPost2010PropOp47
 70
     1
102
RTVSPost2010Prop48
 90
       50
102
RTVSPost2010PropOp48
 70
     1
102
RTVSPost2010Prop49
280
     0
102
RTVSPost2010PropOp49
 70
     1
102
RTVSPost2010Prop50
 90
       50
102
RTVSPost2010PropOp50
 70
     1
102
RTVSPost2010Prop51ColorIndex
 90
      256
102
RTVSPost2010Prop51ColorRGB
 90
-16777216
102
RTVSPost2010PropOp51
 70
     0
102
RTVSPost2010Prop52
140
1.0
102
RTVSPost2010PropOp52
 70
     0
102
RTVSPost2010Prop53
 90
        2
102
RTVSPost2010PropOp53
 70
     1
102
RTVSPost2010Prop54
  1
strokes_ogs.tif
102
RTVSPost2010PropOp54
 70
     1
102
RTVSPost2010Prop55
280
     0
102
RTVSPost2010PropOp55
 70
     1
102
RTVSPost2010Prop56
140
1.0
102
RTVSPost2010PropOp56
 70
     1
102
RTVSPost2010Prop57
140
1.0
102
RTVSPost2010PropOp57
 70
     1
102
RTVSPropertyOp0
 70
     0
102
RTVSPropertyOp1
 70
     0
102
RTVSPropertyOp2
 70
     0
102
RTVSPropertyOp3
 70
     0
102
RTVSPropertyOp4
 70
     0
102
RTVSPropertyOp5
 70
     0
102
RTVSPropertyOp6
 70
     0
102
RTVSPropertyOp7
 70
     0
102
RTVSPropertyOp8
 70
     0
102
RTVSPropertyOp9
 70
     0
102
RTVSPropertyOp10
 70
     0
102
RTVSPropertyOp11
 70
     0
102
RTVSPropertyOp12
 70
     0
102
RTVSPropertyOp13
 70
     0
102
RTVSPropertyOp14
 70
     2
102
RTVSPropertyOp15
 70
     0
102
RTVSPropertyOp16
 70
     0
102
RTVSPropertyOp17
 70
     0
102
RTVSPropertyOp18
 70
     0
102
RTVSPropertyOp19
 70
     0
102
RTVSPropertyOp20
 70
     0
102
RTVSPropertyOp21
 70
     0
102
RTVSPropertyOp22
 70
     0
102
RTVSPropertyOp23
 70
     0
102
RTVSPropertyOp24
 70
     0
102
RTVSPropertyOp25
 70
     0
102
RTVSPropertyOp26
 70
     0
102
RTVSPropertyOp27
 70
     0
102
RTVSPropertyOp28
 70
     1
102
RTVSPropertyOp29
 70
     1
102
RTVSPropertyOp30
 70
     1
102
RTVSPropertyOp31
 70
     1
102
RTVSPropertyOp32
 70
     1
102
RTVSPropertyOp33
 70
     1
102
RTVSPropertyOp34
 70
     1
102
RTVSPropertyOp35
 70
     1
102
RTVSPropertyOp36
 70
     1
102
RTVSPropertyOp37
 70
     1
102
RTVSPropertyOp38
 70
     1
102
RTVSPropertyOp39
 70
     1
102
RTVSPropertyOp40
 70
     1
102
RTVSPropertyOp41
 70
     1
102
RTVSPropertyOp42
 70
     1
102
RTVSPropertyOp43
 70
     1
102
RTVSPropertyOp44
 70
     1
102
RTVSPropertyOp45
 70
     1
102
RTVSPropertyOp46
 70
     1
102
RTVSPropertyOp47
 70
     1
102
RTVSPropertyOp48
 70
     1
102
RTVSPropertyOp49
 70
     1
102
RTVSPropertyOp50
 70
     1
102
RTVSPropertyOp51
 70
     0
102
RTVSPropertyOp52
 70
     0
102
RTVSPropertyOp53
 70
     1
102
RTVSPropertyOp54
 70
     1
102
RTVSPropertyOp55
 70
     1
102
RTVSPropertyOp56
 70
     1
102
RTVSPropertyOp57
 70
     1
102
RTVSPropertyOp58
 70
     1
102
RTVSPropertyOp59
 70
     1
102
RTVSPropertyOp60
 70
     1
102
RTVSPropertyOp61
 70
     1
102
RTVSPropertyOp62
 70
     1
  0
XRECORD
  5
299
102
{ACAD_REACTORS
330
298
102
}
330
298
100
AcDbXrecord
280
     1
102
RTVSPost2010Prop28
280
     0
102
RTVSPost2010PropOp28
 70
     1
102
RTVSPost2010Prop29
280
     1
102
RTVSPost2010PropOp29
 70
     1
102
RTVSPost2010Prop30
280
     1
102
RTVSPost2010PropOp30
 70
     1
102
RTVSPost2010Prop31
280
     0
102
RTVSPost2010PropOp31
 70
     1
102
RTVSPost2010Prop32
280
     0
102
RTVSPost2010PropOp32
 70
     1
102
RTVSPost2010Prop33
280
     0
102
RTVSPost2010PropOp33
 70
     1
102
RTVSPost2010Prop34
280
     0
102
RTVSPost2010PropOp34
 70
     1
102
RTVSPost2010Prop35
280
     0
102
RTVSPost2010PropOp35
 70
     1
102
RTVSPost2010Prop36
280
     0
102
RTVSPost2010PropOp36
 70
     1
102
RTVSPost2010Prop37
 90
       50
102
RTVSPost2010PropOp37
 70
     1
102
RTVSPost2010Prop38
140
0.0
102
RTVSPost2010PropOp38
 70
     1
102
RTVSPost2010Prop39
140
1.0
102
RTVSPost2010PropOp39
 70
     1
102
RTVSPost2010Prop40
 90
        0
102
RTVSPost2010PropOp40
 70
     1
102
RTVSPost2010Prop41ColorIndex
 90
       18
102
RTVSPost2010Prop41ColorRGB
 90
        0
102
RTVSPost2010PropOp41
 70
     1
102
RTVSPost2010Prop42
 90
       50
102
RTVSPost2010PropOp42
 70
     1
102
RTVSPost2010Prop43
 90
        3
102
RTVSPost2010PropOp43
 70
     1
102
RTVSPost2010Prop44ColorIndex
 90
        5
102
RTVSPost2010Prop44ColorRGB
 90
      255
102
RTVSPost2010PropOp44
 70
     1
102
RTVSPost2010Prop45
280
     0
102
RTVSPost2010PropOp45
 70
     1
102
RTVSPost2010Prop46
 90
       50
102
RTVSPost2010PropOp46
 70
     1
102
RTVSPost2010Prop47
 90
       50
102
RTVSPost2010PropOp47
 70
     1
102
RTVSPost2010Prop48
 90
       50
102
RTVSPost2010PropOp48
 70
     1
102
RTVSPost2010Prop49
280
     0
102
RTVSPost2010PropOp49
 70
     1
102
RTVSPost2010Prop50
 90
       50
102
RTVSPost2010PropOp50
 70
     1
102
RTVSPost2010Prop51ColorIndex
 90
      256
102
RTVSPost2010Prop51ColorRGB
 90
-16777216
102
RTVSPost2010PropOp51
 70
     0
102
RTVSPost2010Prop52
140
1.0
102
RTVSPost2010PropOp52
 70
     0
102
RTVSPost2010Prop53
 90
        2
102
RTVSPost2010PropOp53
 70
     1
102
RTVSPost2010Prop54
  1
strokes_ogs.tif
102
RTVSPost2010PropOp54
 70
     1
102
RTVSPost2010Prop55
280
     0
102
RTVSPost2010PropOp55
 70
     1
102
RTVSPost2010Prop56
140
1.0
102
RTVSPost2010PropOp56
 70
     1
102
RTVSPost2010Prop57
140
1.0
102
RTVSPost2010PropOp57
 70
     1
102
RTVSPropertyOp0
 70
     1
102
RTVSPropertyOp1
 70
     1
102
RTVSPropertyOp2
 70
     1
102
RTVSPropertyOp3
 70
     1
102
RTVSPropertyOp4
 70
     1
102
RTVSPropertyOp5
 70
     1
102
RTVSPropertyOp6
 70
     1
102
RTVSPropertyOp7
 70
     1
102
RTVSPropertyOp8
 70
     1
102
RTVSPropertyOp9
 70
     1
102
RTVSPropertyOp10
 70
     1
102
RTVSPropertyOp11
 70
     1
102
RTVSPropertyOp12
 70
     1
102
RTVSPropertyOp13
 70
     1
102
RTVSPropertyOp14
 70
     1
102
RTVSPropertyOp15
 70
     1
102
RTVSPropertyOp16
 70
     1
102
RTVSPropertyOp17
 70
     1
102
RTVSPropertyOp18
 70
     1
102
RTVSPropertyOp19
 70
     1
102
RTVSPropertyOp20
 70
     1
102
RTVSPropertyOp21
 70
     1
102
RTVSPropertyOp22
 70
     1
102
RTVSPropertyOp23
 70
     1
102
RTVSPropertyOp24
 70
     1
102
RTVSPropertyOp25
 70
     1
102
RTVSPropertyOp26
 70
     1
102
RTVSPropertyOp27
 70
     1
102
RTVSPropertyOp28
 70
     1
102
RTVSPropertyOp29
 70
     1
102
RTVSPropertyOp30
 70
     1
102
RTVSPropertyOp31
 70
     1
102
RTVSPropertyOp32
 70
     1
102
RTVSPropertyOp33
 70
     1
102
RTVSPropertyOp34
 70
     1
102
RTVSPropertyOp35
 70
     1
102
RTVSPropertyOp36
 70
     1
102
RTVSPropertyOp37
 70
     1
102
RTVSPropertyOp38
 70
     1
102
RTVSPropertyOp39
 70
     1
102
RTVSPropertyOp40
 70
     1
102
RTVSPropertyOp41
 70
     1
102
RTVSPropertyOp42
 70
     1
102
RTVSPropertyOp43
 70
     1
102
RTVSPropertyOp44
 70
     1
102
RTVSPropertyOp45
 70
     1
102
RTVSPropertyOp46
 70
     1
102
RTVSPropertyOp47
 70
     1
102
RTVSPropertyOp48
 70
     1
102
RTVSPropertyOp49
 70
     1
102
RTVSPropertyOp50
 70
     1
102
RTVSPropertyOp51
 70
     0
102
RTVSPropertyOp52
 70
     0
102
RTVSPropertyOp53
 70
     1
102
RTVSPropertyOp54
 70
     1
102
RTVSPropertyOp55
 70
     1
102
RTVSPropertyOp56
 70
     1
102
RTVSPropertyOp57
 70
     1
102
RTVSPropertyOp58
 70
     1
102
RTVSPropertyOp59
 70
     1
102
RTVSPropertyOp60
 70
     1
102
RTVSPropertyOp61
 70
     1
102
RTVSPropertyOp62
 70
     1
  0
XRECORD
  5
2B5
102
{ACAD_REACTORS
330
2B4
102
}
330
2B4
100
AcDbXrecord
280
     1
102
RTVSPost2010Prop28
280
     0
102
RTVSPost2010PropOp28
 70
     1
102
RTVSPost2010Prop29
280
     1
102
RTVSPost2010PropOp29
 70
     1
102
RTVSPost2010Prop30
280
     1
102
RTVSPost2010PropOp30
 70
     1
102
RTVSPost2010Prop31
280
     0
102
RTVSPost2010PropOp31
 70
     1
102
RTVSPost2010Prop32
280
     0
102
RTVSPost2010PropOp32
 70
     1
102
RTVSPost2010Prop33
280
     0
102
RTVSPost2010PropOp33
 70
     1
102
RTVSPost2010Prop34
280
     0
102
RTVSPost2010PropOp34
 70
     1
102
RTVSPost2010Prop35
280
     0
102
RTVSPost2010PropOp35
 70
     1
102
RTVSPost2010Prop36
280
     0
102
RTVSPost2010PropOp36
 70
     1
102
RTVSPost2010Prop37
 90
       50
102
RTVSPost2010PropOp37
 70
     1
102
RTVSPost2010Prop38
140
0.0
102
RTVSPost2010PropOp38
 70
     1
102
RTVSPost2010Prop39
140
1.0
102
RTVSPost2010PropOp39
 70
     1
102
RTVSPost2010Prop40
 90
        0
102
RTVSPost2010PropOp40
 70
     1
102
RTVSPost2010Prop41ColorIndex
 90
       18
102
RTVSPost2010Prop41ColorRGB
 90
        0
102
RTVSPost2010PropOp41
 70
     1
102
RTVSPost2010Prop42
 90
       50
102
RTVSPost2010PropOp42
 70
     1
102
RTVSPost2010Prop43
 90
        3
102
RTVSPost2010PropOp43
 70
     1
102
RTVSPost2010Prop44ColorIndex
 90
        5
102
RTVSPost2010Prop44ColorRGB
 90
      255
102
RTVSPost2010PropOp44
 70
     1
102
RTVSPost2010Prop45
280
     0
102
RTVSPost2010PropOp45
 70
     1
102
RTVSPost2010Prop46
 90
       50
102
RTVSPost2010PropOp46
 70
     1
102
RTVSPost2010Prop47
 90
       50
102
RTVSPost2010PropOp47
 70
     1
102
RTVSPost2010Prop48
 90
       50
102
RTVSPost2010PropOp48
 70
     1
102
RTVSPost2010Prop49
280
     0
102
RTVSPost2010PropOp49
 70
     1
102
RTVSPost2010Prop50
 90
       50
102
RTVSPost2010PropOp50
 70
     1
102
RTVSPost2010Prop51ColorIndex
 90
      256
102
RTVSPost2010Prop51ColorRGB
 90
-16777216
102
RTVSPost2010PropOp51
 70
     0
102
RTVSPost2010Prop52
140
1.0
102
RTVSPost2010PropOp52
 70
     0
102
RTVSPost2010Prop53
 90
        2
102
RTVSPost2010PropOp53
 70
     1
102
RTVSPost2010Prop54
  1
strokes_ogs.tif
102
RTVSPost2010PropOp54
 70
     1
102
RTVSPost2010Prop55
280
     0
102
RTVSPost2010PropOp55
 70
     1
102
RTVSPost2010Prop56
140
1.0
102
RTVSPost2010PropOp56
 70
     1
102
RTVSPost2010Prop57
140
1.0
102
RTVSPost2010PropOp57
 70
     1
102
RTVSPropertyOp0
 70
     1
102
RTVSPropertyOp1
 70
     1
102
RTVSPropertyOp2
 70
     1
102
RTVSPropertyOp3
 70
     1
102
RTVSPropertyOp4
 70
     1
102
RTVSPropertyOp5
 70
     1
102
RTVSPropertyOp6
 70
     1
102
RTVSPropertyOp7
 70
     1
102
RTVSPropertyOp8
 70
     1
102
RTVSPropertyOp9
 70
     1
102
RTVSPropertyOp10
 70
     1
102
RTVSPropertyOp11
 70
     1
102
RTVSPropertyOp12
 70
     1
102
RTVSPropertyOp13
 70
     1
102
RTVSPropertyOp14
 70
     1
102
RTVSPropertyOp15
 70
     1
102
RTVSPropertyOp16
 70
     1
102
RTVSPropertyOp17
 70
     1
102
RTVSPropertyOp18
 70
     1
102
RTVSPropertyOp19
 70
     1
102
RTVSPropertyOp20
 70
     1
102
RTVSPropertyOp21
 70
     1
102
RTVSPropertyOp22
 70
     1
102
RTVSPropertyOp23
 70
     1
102
RTVSPropertyOp24
 70
     1
102
RTVSPropertyOp25
 70
     1
102
RTVSPropertyOp26
 70
     1
102
RTVSPropertyOp27
 70
     1
102
RTVSPropertyOp28
 70
     1
102
RTVSPropertyOp29
 70
     1
102
RTVSPropertyOp30
 70
     1
102
RTVSPropertyOp31
 70
     1
102
RTVSPropertyOp32
 70
     1
102
RTVSPropertyOp33
 70
     1
102
RTVSPropertyOp34
 70
     1
102
RTVSPropertyOp35
 70
     1
102
RTVSPropertyOp36
 70
     1
102
RTVSPropertyOp37
 70
     1
102
RTVSPropertyOp38
 70
     1
102
RTVSPropertyOp39
 70
     1
102
RTVSPropertyOp40
 70
     1
102
RTVSPropertyOp41
 70
     1
102
RTVSPropertyOp42
 70
     1
102
RTVSPropertyOp43
 70
     1
102
RTVSPropertyOp44
 70
     1
102
RTVSPropertyOp45
 70
     1
102
RTVSPropertyOp46
 70
     1
102
RTVSPropertyOp47
 70
     1
102
RTVSPropertyOp48
 70
     1
102
RTVSPropertyOp49
 70
     1
102
RTVSPropertyOp50
 70
     1
102
RTVSPropertyOp51
 70
     0
102
RTVSPropertyOp52
 70
     0
102
RTVSPropertyOp53
 70
     1
102
RTVSPropertyOp54
 70
     1
102
RTVSPropertyOp55
 70
     1
102
RTVSPropertyOp56
 70
     1
102
RTVSPropertyOp57
 70
     1
102
RTVSPropertyOp58
 70
     1
102
RTVSPropertyOp59
 70
     1
102
RTVSPropertyOp60
 70
     1
102
RTVSPropertyOp61
 70
     1
102
RTVSPropertyOp62
 70
     1
  0
XRECORD
  5
2B3
102
{ACAD_REACTORS
330
2B2
102
}
330
2B2
100
AcDbXrecord
280
     1
102
RTVSPost2010Prop28
280
     0
102
RTVSPost2010PropOp28
 70
     1
102
RTVSPost2010Prop29
280
     1
102
RTVSPost2010PropOp29
 70
     1
102
RTVSPost2010Prop30
280
     1
102
RTVSPost2010PropOp30
 70
     1
102
RTVSPost2010Prop31
280
     0
102
RTVSPost2010PropOp31
 70
     1
102
RTVSPost2010Prop32
280
     0
102
RTVSPost2010PropOp32
 70
     1
102
RTVSPost2010Prop33
280
     0
102
RTVSPost2010PropOp33
 70
     1
102
RTVSPost2010Prop34
280
     0
102
RTVSPost2010PropOp34
 70
     1
102
RTVSPost2010Prop35
280
     0
102
RTVSPost2010PropOp35
 70
     1
102
RTVSPost2010Prop36
280
     0
102
RTVSPost2010PropOp36
 70
     1
102
RTVSPost2010Prop37
 90
       50
102
RTVSPost2010PropOp37
 70
     1
102
RTVSPost2010Prop38
140
0.0
102
RTVSPost2010PropOp38
 70
     1
102
RTVSPost2010Prop39
140
1.0
102
RTVSPost2010PropOp39
 70
     1
102
RTVSPost2010Prop40
 90
        0
102
RTVSPost2010PropOp40
 70
     1
102
RTVSPost2010Prop41ColorIndex
 90
       18
102
RTVSPost2010Prop41ColorRGB
 90
        0
102
RTVSPost2010PropOp41
 70
     1
102
RTVSPost2010Prop42
 90
       50
102
RTVSPost2010PropOp42
 70
     1
102
RTVSPost2010Prop43
 90
        3
102
RTVSPost2010PropOp43
 70
     1
102
RTVSPost2010Prop44ColorIndex
 90
        5
102
RTVSPost2010Prop44ColorRGB
 90
      255
102
RTVSPost2010PropOp44
 70
     1
102
RTVSPost2010Prop45
280
     0
102
RTVSPost2010PropOp45
 70
     1
102
RTVSPost2010Prop46
 90
       50
102
RTVSPost2010PropOp46
 70
     1
102
RTVSPost2010Prop47
 90
       50
102
RTVSPost2010PropOp47
 70
     1
102
RTVSPost2010Prop48
 90
       50
102
RTVSPost2010PropOp48
 70
     1
102
RTVSPost2010Prop49
280
     0
102
RTVSPost2010PropOp49
 70
     1
102
RTVSPost2010Prop50
 90
       50
102
RTVSPost2010PropOp50
 70
     1
102
RTVSPost2010Prop51ColorIndex
 90
      256
102
RTVSPost2010Prop51ColorRGB
 90
-16777216
102
RTVSPost2010PropOp51
 70
     0
102
RTVSPost2010Prop52
140
1.0
102
RTVSPost2010PropOp52
 70
     0
102
RTVSPost2010Prop53
 90
        2
102
RTVSPost2010PropOp53
 70
     1
102
RTVSPost2010Prop54
  1
strokes_ogs.tif
102
RTVSPost2010PropOp54
 70
     1
102
RTVSPost2010Prop55
280
     0
102
RTVSPost2010PropOp55
 70
     1
102
RTVSPost2010Prop56
140
1.0
102
RTVSPost2010PropOp56
 70
     1
102
RTVSPost2010Prop57
140
1.0
102
RTVSPost2010PropOp57
 70
     1
102
RTVSPropertyOp0
 70
     1
102
RTVSPropertyOp1
 70
     1
102
RTVSPropertyOp2
 70
     1
102
RTVSPropertyOp3
 70
     1
102
RTVSPropertyOp4
 70
     1
102
RTVSPropertyOp5
 70
     1
102
RTVSPropertyOp6
 70
     1
102
RTVSPropertyOp7
 70
     1
102
RTVSPropertyOp8
 70
     1
102
RTVSPropertyOp9
 70
     1
102
RTVSPropertyOp10
 70
     1
102
RTVSPropertyOp11
 70
     1
102
RTVSPropertyOp12
 70
     1
102
RTVSPropertyOp13
 70
     1
102
RTVSPropertyOp14
 70
     1
102
RTVSPropertyOp15
 70
     1
102
RTVSPropertyOp16
 70
     1
102
RTVSPropertyOp17
 70
     1
102
RTVSPropertyOp18
 70
     1
102
RTVSPropertyOp19
 70
     1
102
RTVSPropertyOp20
 70
     1
102
RTVSPropertyOp21
 70
     1
102
RTVSPropertyOp22
 70
     1
102
RTVSPropertyOp23
 70
     1
102
RTVSPropertyOp24
 70
     1
102
RTVSPropertyOp25
 70
     1
102
RTVSPropertyOp26
 70
     1
102
RTVSPropertyOp27
 70
     1
102
RTVSPropertyOp28
 70
     1
102
RTVSPropertyOp29
 70
     1
102
RTVSPropertyOp30
 70
     1
102
RTVSPropertyOp31
 70
     1
102
RTVSPropertyOp32
 70
     1
102
RTVSPropertyOp33
 70
     1
102
RTVSPropertyOp34
 70
     1
102
RTVSPropertyOp35
 70
     1
102
RTVSPropertyOp36
 70
     1
102
RTVSPropertyOp37
 70
     1
102
RTVSPropertyOp38
 70
     1
102
RTVSPropertyOp39
 70
     1
102
RTVSPropertyOp40
 70
     1
102
RTVSPropertyOp41
 70
     1
102
RTVSPropertyOp42
 70
     1
102
RTVSPropertyOp43
 70
     1
102
RTVSPropertyOp44
 70
     1
102
RTVSPropertyOp45
 70
     1
102
RTVSPropertyOp46
 70
     1
102
RTVSPropertyOp47
 70
     1
102
RTVSPropertyOp48
 70
     1
102
RTVSPropertyOp49
 70
     1
102
RTVSPropertyOp50
 70
     1
102
RTVSPropertyOp51
 70
     0
102
RTVSPropertyOp52
 70
     0
102
RTVSPropertyOp53
 70
     1
102
RTVSPropertyOp54
 70
     1
102
RTVSPropertyOp55
 70
     1
102
RTVSPropertyOp56
 70
     1
102
RTVSPropertyOp57
 70
     1
102
RTVSPropertyOp58
 70
     1
102
RTVSPropertyOp59
 70
     1
102
RTVSPropertyOp60
 70
     1
102
RTVSPropertyOp61
 70
     1
102
RTVSPropertyOp62
 70
     1
  0
XRECORD
  5
2AD
102
{ACAD_REACTORS
330
2AC
102
}
330
2AC
100
AcDbXrecord
280
     1
102
RTVSPost2010Prop28
280
     0
102
RTVSPost2010PropOp28
 70
     1
102
RTVSPost2010Prop29
280
     1
102
RTVSPost2010PropOp29
 70
     1
102
RTVSPost2010Prop30
280
     1
102
RTVSPost2010PropOp30
 70
     1
102
RTVSPost2010Prop31
280
     0
102
RTVSPost2010PropOp31
 70
     1
102
RTVSPost2010Prop32
280
     0
102
RTVSPost2010PropOp32
 70
     1
102
RTVSPost2010Prop33
280
     0
102
RTVSPost2010PropOp33
 70
     1
102
RTVSPost2010Prop34
280
     0
102
RTVSPost2010PropOp34
 70
     1
102
RTVSPost2010Prop35
280
     0
102
RTVSPost2010PropOp35
 70
     1
102
RTVSPost2010Prop36
280
     0
102
RTVSPost2010PropOp36
 70
     1
102
RTVSPost2010Prop37
 90
       50
102
RTVSPost2010PropOp37
 70
     1
102
RTVSPost2010Prop38
140
0.0
102
RTVSPost2010PropOp38
 70
     1
102
RTVSPost2010Prop39
140
1.0
102
RTVSPost2010PropOp39
 70
     1
102
RTVSPost2010Prop40
 90
        0
102
RTVSPost2010PropOp40
 70
     1
102
RTVSPost2010Prop41ColorIndex
 90
       18
102
RTVSPost2010Prop41ColorRGB
 90
        0
102
RTVSPost2010PropOp41
 70
     1
102
RTVSPost2010Prop42
 90
       50
102
RTVSPost2010PropOp42
 70
     1
102
RTVSPost2010Prop43
 90
        3
102
RTVSPost2010PropOp43
 70
     1
102
RTVSPost2010Prop44ColorIndex
 90
        5
102
RTVSPost2010Prop44ColorRGB
 90
      255
102
RTVSPost2010PropOp44
 70
     1
102
RTVSPost2010Prop45
280
     0
102
RTVSPost2010PropOp45
 70
     1
102
RTVSPost2010Prop46
 90
       50
102
RTVSPost2010PropOp46
 70
     1
102
RTVSPost2010Prop47
 90
       50
102
RTVSPost2010PropOp47
 70
     1
102
RTVSPost2010Prop48
 90
       50
102
RTVSPost2010PropOp48
 70
     1
102
RTVSPost2010Prop49
280
     0
102
RTVSPost2010PropOp49
 70
     1
102
RTVSPost2010Prop50
 90
       50
102
RTVSPost2010PropOp50
 70
     1
102
RTVSPost2010Prop51ColorIndex
 90
      256
102
RTVSPost2010Prop51ColorRGB
 90
-16777216
102
RTVSPost2010PropOp51
 70
     0
102
RTVSPost2010Prop52
140
1.0
102
RTVSPost2010PropOp52
 70
     0
102
RTVSPost2010Prop53
 90
        2
102
RTVSPost2010PropOp53
 70
     1
102
RTVSPost2010Prop54
  1
strokes_ogs.tif
102
RTVSPost2010PropOp54
 70
     1
102
RTVSPost2010Prop55
280
     0
102
RTVSPost2010PropOp55
 70
     1
102
RTVSPost2010Prop56
140
1.0
102
RTVSPost2010PropOp56
 70
     1
102
RTVSPost2010Prop57
140
1.0
102
RTVSPost2010PropOp57
 70
     1
102
RTVSPropertyOp0
 70
     1
102
RTVSPropertyOp1
 70
     1
102
RTVSPropertyOp2
 70
     1
102
RTVSPropertyOp3
 70
     1
102
RTVSPropertyOp4
 70
     1
102
RTVSPropertyOp5
 70
     1
102
RTVSPropertyOp6
 70
     1
102
RTVSPropertyOp7
 70
     1
102
RTVSPropertyOp8
 70
     1
102
RTVSPropertyOp9
 70
     1
102
RTVSPropertyOp10
 70
     1
102
RTVSPropertyOp11
 70
     1
102
RTVSPropertyOp12
 70
     1
102
RTVSPropertyOp13
 70
     1
102
RTVSPropertyOp14
 70
     1
102
RTVSPropertyOp15
 70
     1
102
RTVSPropertyOp16
 70
     1
102
RTVSPropertyOp17
 70
     1
102
RTVSPropertyOp18
 70
     1
102
RTVSPropertyOp19
 70
     1
102
RTVSPropertyOp20
 70
     1
102
RTVSPropertyOp21
 70
     1
102
RTVSPropertyOp22
 70
     1
102
RTVSPropertyOp23
 70
     1
102
RTVSPropertyOp24
 70
     1
102
RTVSPropertyOp25
 70
     1
102
RTVSPropertyOp26
 70
     1
102
RTVSPropertyOp27
 70
     1
102
RTVSPropertyOp28
 70
     1
102
RTVSPropertyOp29
 70
     1
102
RTVSPropertyOp30
 70
     1
102
RTVSPropertyOp31
 70
     1
102
RTVSPropertyOp32
 70
     1
102
RTVSPropertyOp33
 70
     1
102
RTVSPropertyOp34
 70
     1
102
RTVSPropertyOp35
 70
     1
102
RTVSPropertyOp36
 70
     1
102
RTVSPropertyOp37
 70
     1
102
RTVSPropertyOp38
 70
     1
102
RTVSPropertyOp39
 70
     1
102
RTVSPropertyOp40
 70
     1
102
RTVSPropertyOp41
 70
     1
102
RTVSPropertyOp42
 70
     1
102
RTVSPropertyOp43
 70
     1
102
RTVSPropertyOp44
 70
     1
102
RTVSPropertyOp45
 70
     1
102
RTVSPropertyOp46
 70
     1
102
RTVSPropertyOp47
 70
     1
102
RTVSPropertyOp48
 70
     1
102
RTVSPropertyOp49
 70
     1
102
RTVSPropertyOp50
 70
     1
102
RTVSPropertyOp51
 70
     0
102
RTVSPropertyOp52
 70
     0
102
RTVSPropertyOp53
 70
     1
102
RTVSPropertyOp54
 70
     1
102
RTVSPropertyOp55
 70
     1
102
RTVSPropertyOp56
 70
     1
102
RTVSPropertyOp57
 70
     1
102
RTVSPropertyOp58
 70
     1
102
RTVSPropertyOp59
 70
     1
102
RTVSPropertyOp60
 70
     1
102
RTVSPropertyOp61
 70
     1
102
RTVSPropertyOp62
 70
     1
  0
XRECORD
  5
2AF
102
{ACAD_REACTORS
330
2AE
102
}
330
2AE
100
AcDbXrecord
280
     1
102
RTVSPost2010Prop28
280
     0
102
RTVSPost2010PropOp28
 70
     1
102
RTVSPost2010Prop29
280
     1
102
RTVSPost2010PropOp29
 70
     1
102
RTVSPost2010Prop30
280
     1
102
RTVSPost2010PropOp30
 70
     1
102
RTVSPost2010Prop31
280
     0
102
RTVSPost2010PropOp31
 70
     1
102
RTVSPost2010Prop32
280
     0
102
RTVSPost2010PropOp32
 70
     1
102
RTVSPost2010Prop33
280
     0
102
RTVSPost2010PropOp33
 70
     1
102
RTVSPost2010Prop34
280
     0
102
RTVSPost2010PropOp34
 70
     1
102
RTVSPost2010Prop35
280
     0
102
RTVSPost2010PropOp35
 70
     1
102
RTVSPost2010Prop36
280
     0
102
RTVSPost2010PropOp36
 70
     1
102
RTVSPost2010Prop37
 90
       50
102
RTVSPost2010PropOp37
 70
     1
102
RTVSPost2010Prop38
140
0.0
102
RTVSPost2010PropOp38
 70
     1
102
RTVSPost2010Prop39
140
1.0
102
RTVSPost2010PropOp39
 70
     1
102
RTVSPost2010Prop40
 90
        0
102
RTVSPost2010PropOp40
 70
     1
102
RTVSPost2010Prop41ColorIndex
 90
       18
102
RTVSPost2010Prop41ColorRGB
 90
        0
102
RTVSPost2010PropOp41
 70
     1
102
RTVSPost2010Prop42
 90
       50
102
RTVSPost2010PropOp42
 70
     1
102
RTVSPost2010Prop43
 90
        3
102
RTVSPost2010PropOp43
 70
     1
102
RTVSPost2010Prop44ColorIndex
 90
        5
102
RTVSPost2010Prop44ColorRGB
 90
      255
102
RTVSPost2010PropOp44
 70
     1
102
RTVSPost2010Prop45
280
     0
102
RTVSPost2010PropOp45
 70
     1
102
RTVSPost2010Prop46
 90
       50
102
RTVSPost2010PropOp46
 70
     1
102
RTVSPost2010Prop47
 90
       50
102
RTVSPost2010PropOp47
 70
     1
102
RTVSPost2010Prop48
 90
       50
102
RTVSPost2010PropOp48
 70
     1
102
RTVSPost2010Prop49
280
     0
102
RTVSPost2010PropOp49
 70
     1
102
RTVSPost2010Prop50
 90
       50
102
RTVSPost2010PropOp50
 70
     1
102
RTVSPost2010Prop51ColorIndex
 90
      256
102
RTVSPost2010Prop51ColorRGB
 90
-16777216
102
RTVSPost2010PropOp51
 70
     0
102
RTVSPost2010Prop52
140
1.0
102
RTVSPost2010PropOp52
 70
     0
102
RTVSPost2010Prop53
 90
        2
102
RTVSPost2010PropOp53
 70
     1
102
RTVSPost2010Prop54
  1
strokes_ogs.tif
102
RTVSPost2010PropOp54
 70
     1
102
RTVSPost2010Prop55
280
     0
102
RTVSPost2010PropOp55
 70
     1
102
RTVSPost2010Prop56
140
1.0
102
RTVSPost2010PropOp56
 70
     1
102
RTVSPost2010Prop57
140
1.0
102
RTVSPost2010PropOp57
 70
     1
102
RTVSPropertyOp0
 70
     1
102
RTVSPropertyOp1
 70
     1
102
RTVSPropertyOp2
 70
     1
102
RTVSPropertyOp3
 70
     1
102
RTVSPropertyOp4
 70
     1
102
RTVSPropertyOp5
 70
     1
102
RTVSPropertyOp6
 70
     1
102
RTVSPropertyOp7
 70
     1
102
RTVSPropertyOp8
 70
     1
102
RTVSPropertyOp9
 70
     1
102
RTVSPropertyOp10
 70
     1
102
RTVSPropertyOp11
 70
     1
102
RTVSPropertyOp12
 70
     1
102
RTVSPropertyOp13
 70
     1
102
RTVSPropertyOp14
 70
     1
102
RTVSPropertyOp15
 70
     1
102
RTVSPropertyOp16
 70
     1
102
RTVSPropertyOp17
 70
     1
102
RTVSPropertyOp18
 70
     1
102
RTVSPropertyOp19
 70
     1
102
RTVSPropertyOp20
 70
     1
102
RTVSPropertyOp21
 70
     1
102
RTVSPropertyOp22
 70
     1
102
RTVSPropertyOp23
 70
     1
102
RTVSPropertyOp24
 70
     1
102
RTVSPropertyOp25
 70
     1
102
RTVSPropertyOp26
 70
     1
102
RTVSPropertyOp27
 70
     1
102
RTVSPropertyOp28
 70
     1
102
RTVSPropertyOp29
 70
     1
102
RTVSPropertyOp30
 70
     1
102
RTVSPropertyOp31
 70
     1
102
RTVSPropertyOp32
 70
     1
102
RTVSPropertyOp33
 70
     1
102
RTVSPropertyOp34
 70
     1
102
RTVSPropertyOp35
 70
     1
102
RTVSPropertyOp36
 70
     1
102
RTVSPropertyOp37
 70
     1
102
RTVSPropertyOp38
 70
     1
102
RTVSPropertyOp39
 70
     1
102
RTVSPropertyOp40
 70
     1
102
RTVSPropertyOp41
 70
     1
102
RTVSPropertyOp42
 70
     1
102
RTVSPropertyOp43
 70
     1
102
RTVSPropertyOp44
 70
     1
102
RTVSPropertyOp45
 70
     1
102
RTVSPropertyOp46
 70
     1
102
RTVSPropertyOp47
 70
     1
102
RTVSPropertyOp48
 70
     1
102
RTVSPropertyOp49
 70
     1
102
RTVSPropertyOp50
 70
     1
102
RTVSPropertyOp51
 70
     0
102
RTVSPropertyOp52
 70
     0
102
RTVSPropertyOp53
 70
     1
102
RTVSPropertyOp54
 70
     1
102
RTVSPropertyOp55
 70
     1
102
RTVSPropertyOp56
 70
     1
102
RTVSPropertyOp57
 70
     1
102
RTVSPropertyOp58
 70
     1
102
RTVSPropertyOp59
 70
     1
102
RTVSPropertyOp60
 70
     1
102
RTVSPropertyOp61
 70
     1
102
RTVSPropertyOp62
 70
     1
  0
XRECORD
  5
29F
102
{ACAD_REACTORS
330
29E
102
}
330
29E
100
AcDbXrecord
280
     1
102
RTVSPost2010Prop28
280
     0
102
RTVSPost2010PropOp28
 70
     1
102
RTVSPost2010Prop29
280
     1
102
RTVSPost2010PropOp29
 70
     1
102
RTVSPost2010Prop30
280
     1
102
RTVSPost2010PropOp30
 70
     1
102
RTVSPost2010Prop31
280
     0
102
RTVSPost2010PropOp31
 70
     1
102
RTVSPost2010Prop32
280
     0
102
RTVSPost2010PropOp32
 70
     1
102
RTVSPost2010Prop33
280
     0
102
RTVSPost2010PropOp33
 70
     1
102
RTVSPost2010Prop34
280
     0
102
RTVSPost2010PropOp34
 70
     1
102
RTVSPost2010Prop35
280
     0
102
RTVSPost2010PropOp35
 70
     1
102
RTVSPost2010Prop36
280
     0
102
RTVSPost2010PropOp36
 70
     1
102
RTVSPost2010Prop37
 90
       50
102
RTVSPost2010PropOp37
 70
     1
102
RTVSPost2010Prop38
140
0.0
102
RTVSPost2010PropOp38
 70
     1
102
RTVSPost2010Prop39
140
1.0
102
RTVSPost2010PropOp39
 70
     1
102
RTVSPost2010Prop40
 90
        0
102
RTVSPost2010PropOp40
 70
     1
102
RTVSPost2010Prop41ColorIndex
 90
       18
102
RTVSPost2010Prop41ColorRGB
 90
        0
102
RTVSPost2010PropOp41
 70
     1
102
RTVSPost2010Prop42
 90
       50
102
RTVSPost2010PropOp42
 70
     1
102
RTVSPost2010Prop43
 90
        3
102
RTVSPost2010PropOp43
 70
     1
102
RTVSPost2010Prop44ColorIndex
 90
        5
102
RTVSPost2010Prop44ColorRGB
 90
      255
102
RTVSPost2010PropOp44
 70
     1
102
RTVSPost2010Prop45
280
     0
102
RTVSPost2010PropOp45
 70
     1
102
RTVSPost2010Prop46
 90
       50
102
RTVSPost2010PropOp46
 70
     1
102
RTVSPost2010Prop47
 90
       50
102
RTVSPost2010PropOp47
 70
     1
102
RTVSPost2010Prop48
 90
       50
102
RTVSPost2010PropOp48
 70
     1
102
RTVSPost2010Prop49
280
     0
102
RTVSPost2010PropOp49
 70
     1
102
RTVSPost2010Prop50
 90
       50
102
RTVSPost2010PropOp50
 70
     1
102
RTVSPost2010Prop51ColorIndex
 90
      256
102
RTVSPost2010Prop51ColorRGB
 90
-16777216
102
RTVSPost2010PropOp51
 70
     0
102
RTVSPost2010Prop52
140
1.0
102
RTVSPost2010PropOp52
 70
     0
102
RTVSPost2010Prop53
 90
        2
102
RTVSPost2010PropOp53
 70
     1
102
RTVSPost2010Prop54
  1
strokes_ogs.tif
102
RTVSPost2010PropOp54
 70
     1
102
RTVSPost2010Prop55
280
     0
102
RTVSPost2010PropOp55
 70
     1
102
RTVSPost2010Prop56
140
1.0
102
RTVSPost2010PropOp56
 70
     1
102
RTVSPost2010Prop57
140
1.0
102
RTVSPost2010PropOp57
 70
     1
102
RTVSPropertyOp0
 70
     1
102
RTVSPropertyOp1
 70
     1
102
RTVSPropertyOp2
 70
     1
102
RTVSPropertyOp3
 70
     1
102
RTVSPropertyOp4
 70
     1
102
RTVSPropertyOp5
 70
     1
102
RTVSPropertyOp6
 70
     1
102
RTVSPropertyOp7
 70
     1
102
RTVSPropertyOp8
 70
     1
102
RTVSPropertyOp9
 70
     1
102
RTVSPropertyOp10
 70
     1
102
RTVSPropertyOp11
 70
     1
102
RTVSPropertyOp12
 70
     1
102
RTVSPropertyOp13
 70
     1
102
RTVSPropertyOp14
 70
     1
102
RTVSPropertyOp15
 70
     1
102
RTVSPropertyOp16
 70
     1
102
RTVSPropertyOp17
 70
     1
102
RTVSPropertyOp18
 70
     1
102
RTVSPropertyOp19
 70
     1
102
RTVSPropertyOp20
 70
     1
102
RTVSPropertyOp21
 70
     1
102
RTVSPropertyOp22
 70
     1
102
RTVSPropertyOp23
 70
     1
102
RTVSPropertyOp24
 70
     1
102
RTVSPropertyOp25
 70
     1
102
RTVSPropertyOp26
 70
     1
102
RTVSPropertyOp27
 70
     1
102
RTVSPropertyOp28
 70
     1
102
RTVSPropertyOp29
 70
     1
102
RTVSPropertyOp30
 70
     1
102
RTVSPropertyOp31
 70
     1
102
RTVSPropertyOp32
 70
     1
102
RTVSPropertyOp33
 70
     1
102
RTVSPropertyOp34
 70
     1
102
RTVSPropertyOp35
 70
     1
102
RTVSPropertyOp36
 70
     1
102
RTVSPropertyOp37
 70
     1
102
RTVSPropertyOp38
 70
     1
102
RTVSPropertyOp39
 70
     1
102
RTVSPropertyOp40
 70
     1
102
RTVSPropertyOp41
 70
     1
102
RTVSPropertyOp42
 70
     1
102
RTVSPropertyOp43
 70
     1
102
RTVSPropertyOp44
 70
     1
102
RTVSPropertyOp45
 70
     1
102
RTVSPropertyOp46
 70
     1
102
RTVSPropertyOp47
 70
     1
102
RTVSPropertyOp48
 70
     1
102
RTVSPropertyOp49
 70
     1
102
RTVSPropertyOp50
 70
     1
102
RTVSPropertyOp51
 70
     0
102
RTVSPropertyOp52
 70
     0
102
RTVSPropertyOp53
 70
     1
102
RTVSPropertyOp54
 70
     1
102
RTVSPropertyOp55
 70
     1
102
RTVSPropertyOp56
 70
     1
102
RTVSPropertyOp57
 70
     1
102
RTVSPropertyOp58
 70
     1
102
RTVSPropertyOp59
 70
     1
102
RTVSPropertyOp60
 70
     1
102
RTVSPropertyOp61
 70
     1
102
RTVSPropertyOp62
 70
     1
  0
XRECORD
  5
293
102
{ACAD_REACTORS
330
292
102
}
330
292
100
AcDbXrecord
280
     1
102
RTVSPost2010Prop28
280
     0
102
RTVSPost2010PropOp28
 70
     1
102
RTVSPost2010Prop29
280
     1
102
RTVSPost2010PropOp29
 70
     1
102
RTVSPost2010Prop30
280
     1
102
RTVSPost2010PropOp30
 70
     1
102
RTVSPost2010Prop31
280
     0
102
RTVSPost2010PropOp31
 70
     1
102
RTVSPost2010Prop32
280
     0
102
RTVSPost2010PropOp32
 70
     1
102
RTVSPost2010Prop33
280
     0
102
RTVSPost2010PropOp33
 70
     1
102
RTVSPost2010Prop34
280
     0
102
RTVSPost2010PropOp34
 70
     1
102
RTVSPost2010Prop35
280
     0
102
RTVSPost2010PropOp35
 70
     1
102
RTVSPost2010Prop36
280
     0
102
RTVSPost2010PropOp36
 70
     1
102
RTVSPost2010Prop37
 90
       50
102
RTVSPost2010PropOp37
 70
     1
102
RTVSPost2010Prop38
140
0.0
102
RTVSPost2010PropOp38
 70
     1
102
RTVSPost2010Prop39
140
1.0
102
RTVSPost2010PropOp39
 70
     1
102
RTVSPost2010Prop40
 90
        0
102
RTVSPost2010PropOp40
 70
     1
102
RTVSPost2010Prop41ColorIndex
 90
       18
102
RTVSPost2010Prop41ColorRGB
 90
        0
102
RTVSPost2010PropOp41
 70
     1
102
RTVSPost2010Prop42
 90
       50
102
RTVSPost2010PropOp42
 70
     1
102
RTVSPost2010Prop43
 90
        3
102
RTVSPost2010PropOp43
 70
     1
102
RTVSPost2010Prop44ColorIndex
 90
        5
102
RTVSPost2010Prop44ColorRGB
 90
      255
102
RTVSPost2010PropOp44
 70
     1
102
RTVSPost2010Prop45
280
     0
102
RTVSPost2010PropOp45
 70
     1
102
RTVSPost2010Prop46
 90
       50
102
RTVSPost2010PropOp46
 70
     1
102
RTVSPost2010Prop47
 90
       50
102
RTVSPost2010PropOp47
 70
     1
102
RTVSPost2010Prop48
 90
       50
102
RTVSPost2010PropOp48
 70
     1
102
RTVSPost2010Prop49
280
     0
102
RTVSPost2010PropOp49
 70
     1
102
RTVSPost2010Prop50
 90
       50
102
RTVSPost2010PropOp50
 70
     1
102
RTVSPost2010Prop51ColorIndex
 90
      256
102
RTVSPost2010Prop51ColorRGB
 90
-16777216
102
RTVSPost2010PropOp51
 70
     0
102
RTVSPost2010Prop52
140
1.0
102
RTVSPost2010PropOp52
 70
     0
102
RTVSPost2010Prop53
 90
        2
102
RTVSPost2010PropOp53
 70
     1
102
RTVSPost2010Prop54
  1
strokes_ogs.tif
102
RTVSPost2010PropOp54
 70
     1
102
RTVSPost2010Prop55
280
     0
102
RTVSPost2010PropOp55
 70
     1
102
RTVSPost2010Prop56
140
1.0
102
RTVSPost2010PropOp56
 70
     1
102
RTVSPost2010Prop57
140
1.0
102
RTVSPost2010PropOp57
 70
     1
102
RTVSPropertyOp0
 70
     1
102
RTVSPropertyOp1
 70
     1
102
RTVSPropertyOp2
 70
     1
102
RTVSPropertyOp3
 70
     1
102
RTVSPropertyOp4
 70
     1
102
RTVSPropertyOp5
 70
     1
102
RTVSPropertyOp6
 70
     1
102
RTVSPropertyOp7
 70
     1
102
RTVSPropertyOp8
 70
     1
102
RTVSPropertyOp9
 70
     1
102
RTVSPropertyOp10
 70
     1
102
RTVSPropertyOp11
 70
     1
102
RTVSPropertyOp12
 70
     1
102
RTVSPropertyOp13
 70
     1
102
RTVSPropertyOp14
 70
     1
102
RTVSPropertyOp15
 70
     1
102
RTVSPropertyOp16
 70
     1
102
RTVSPropertyOp17
 70
     1
102
RTVSPropertyOp18
 70
     1
102
RTVSPropertyOp19
 70
     1
102
RTVSPropertyOp20
 70
     1
102
RTVSPropertyOp21
 70
     1
102
RTVSPropertyOp22
 70
     1
102
RTVSPropertyOp23
 70
     1
102
RTVSPropertyOp24
 70
     1
102
RTVSPropertyOp25
 70
     1
102
RTVSPropertyOp26
 70
     1
102
RTVSPropertyOp27
 70
     1
102
RTVSPropertyOp28
 70
     1
102
RTVSPropertyOp29
 70
     1
102
RTVSPropertyOp30
 70
     1
102
RTVSPropertyOp31
 70
     1
102
RTVSPropertyOp32
 70
     1
102
RTVSPropertyOp33
 70
     1
102
RTVSPropertyOp34
 70
     1
102
RTVSPropertyOp35
 70
     1
102
RTVSPropertyOp36
 70
     1
102
RTVSPropertyOp37
 70
     1
102
RTVSPropertyOp38
 70
     1
102
RTVSPropertyOp39
 70
     1
102
RTVSPropertyOp40
 70
     1
102
RTVSPropertyOp41
 70
     1
102
RTVSPropertyOp42
 70
     1
102
RTVSPropertyOp43
 70
     1
102
RTVSPropertyOp44
 70
     1
102
RTVSPropertyOp45
 70
     1
102
RTVSPropertyOp46
 70
     1
102
RTVSPropertyOp47
 70
     1
102
RTVSPropertyOp48
 70
     1
102
RTVSPropertyOp49
 70
     1
102
RTVSPropertyOp50
 70
     1
102
RTVSPropertyOp51
 70
     0
102
RTVSPropertyOp52
 70
     0
102
RTVSPropertyOp53
 70
     1
102
RTVSPropertyOp54
 70
     1
102
RTVSPropertyOp55
 70
     1
102
RTVSPropertyOp56
 70
     1
102
RTVSPropertyOp57
 70
     1
102
RTVSPropertyOp58
 70
     1
102
RTVSPropertyOp59
 70
     1
102
RTVSPropertyOp60
 70
     1
102
RTVSPropertyOp61
 70
     1
102
RTVSPropertyOp62
 70
     1
  0
XRECORD
  5
2B1
102
{ACAD_REACTORS
330
2B0
102
}
330
2B0
100
AcDbXrecord
280
     1
102
RTVSPost2010Prop28
280
     0
102
RTVSPost2010PropOp28
 70
     1
102
RTVSPost2010Prop29
280
     1
102
RTVSPost2010PropOp29
 70
     1
102
RTVSPost2010Prop30
280
     1
102
RTVSPost2010PropOp30
 70
     1
102
RTVSPost2010Prop31
280
     0
102
RTVSPost2010PropOp31
 70
     1
102
RTVSPost2010Prop32
280
     0
102
RTVSPost2010PropOp32
 70
     1
102
RTVSPost2010Prop33
280
     0
102
RTVSPost2010PropOp33
 70
     1
102
RTVSPost2010Prop34
280
     0
102
RTVSPost2010PropOp34
 70
     1
102
RTVSPost2010Prop35
280
     0
102
RTVSPost2010PropOp35
 70
     1
102
RTVSPost2010Prop36
280
     0
102
RTVSPost2010PropOp36
 70
     1
102
RTVSPost2010Prop37
 90
       50
102
RTVSPost2010PropOp37
 70
     1
102
RTVSPost2010Prop38
140
0.0
102
RTVSPost2010PropOp38
 70
     1
102
RTVSPost2010Prop39
140
1.0
102
RTVSPost2010PropOp39
 70
     1
102
RTVSPost2010Prop40
 90
        0
102
RTVSPost2010PropOp40
 70
     1
102
RTVSPost2010Prop41ColorIndex
 90
       18
102
RTVSPost2010Prop41ColorRGB
 90
        0
102
RTVSPost2010PropOp41
 70
     1
102
RTVSPost2010Prop42
 90
       50
102
RTVSPost2010PropOp42
 70
     1
102
RTVSPost2010Prop43
 90
        3
102
RTVSPost2010PropOp43
 70
     1
102
RTVSPost2010Prop44ColorIndex
 90
        5
102
RTVSPost2010Prop44ColorRGB
 90
      255
102
RTVSPost2010PropOp44
 70
     1
102
RTVSPost2010Prop45
280
     0
102
RTVSPost2010PropOp45
 70
     1
102
RTVSPost2010Prop46
 90
       50
102
RTVSPost2010PropOp46
 70
     1
102
RTVSPost2010Prop47
 90
       50
102
RTVSPost2010PropOp47
 70
     1
102
RTVSPost2010Prop48
 90
       50
102
RTVSPost2010PropOp48
 70
     1
102
RTVSPost2010Prop49
280
     0
102
RTVSPost2010PropOp49
 70
     1
102
RTVSPost2010Prop50
 90
       50
102
RTVSPost2010PropOp50
 70
     1
102
RTVSPost2010Prop51ColorIndex
 90
      256
102
RTVSPost2010Prop51ColorRGB
 90
-16777216
102
RTVSPost2010PropOp51
 70
     0
102
RTVSPost2010Prop52
140
1.0
102
RTVSPost2010PropOp52
 70
     0
102
RTVSPost2010Prop53
 90
        2
102
RTVSPost2010PropOp53
 70
     1
102
RTVSPost2010Prop54
  1
strokes_ogs.tif
102
RTVSPost2010PropOp54
 70
     1
102
RTVSPost2010Prop55
280
     0
102
RTVSPost2010PropOp55
 70
     1
102
RTVSPost2010Prop56
140
1.0
102
RTVSPost2010PropOp56
 70
     1
102
RTVSPost2010Prop57
140
1.0
102
RTVSPost2010PropOp57
 70
     1
102
RTVSPropertyOp0
 70
     1
102
RTVSPropertyOp1
 70
     1
102
RTVSPropertyOp2
 70
     1
102
RTVSPropertyOp3
 70
     1
102
RTVSPropertyOp4
 70
     1
102
RTVSPropertyOp5
 70
     1
102
RTVSPropertyOp6
 70
     1
102
RTVSPropertyOp7
 70
     1
102
RTVSPropertyOp8
 70
     1
102
RTVSPropertyOp9
 70
     1
102
RTVSPropertyOp10
 70
     1
102
RTVSPropertyOp11
 70
     1
102
RTVSPropertyOp12
 70
     1
102
RTVSPropertyOp13
 70
     1
102
RTVSPropertyOp14
 70
     1
102
RTVSPropertyOp15
 70
     1
102
RTVSPropertyOp16
 70
     1
102
RTVSPropertyOp17
 70
     1
102
RTVSPropertyOp18
 70
     1
102
RTVSPropertyOp19
 70
     1
102
RTVSPropertyOp20
 70
     1
102
RTVSPropertyOp21
 70
     1
102
RTVSPropertyOp22
 70
     1
102
RTVSPropertyOp23
 70
     1
102
RTVSPropertyOp24
 70
     1
102
RTVSPropertyOp25
 70
     1
102
RTVSPropertyOp26
 70
     1
102
RTVSPropertyOp27
 70
     1
102
RTVSPropertyOp28
 70
     1
102
RTVSPropertyOp29
 70
     1
102
RTVSPropertyOp30
 70
     1
102
RTVSPropertyOp31
 70
     1
102
RTVSPropertyOp32
 70
     1
102
RTVSPropertyOp33
 70
     1
102
RTVSPropertyOp34
 70
     1
102
RTVSPropertyOp35
 70
     1
102
RTVSPropertyOp36
 70
     1
102
RTVSPropertyOp37
 70
     1
102
RTVSPropertyOp38
 70
     1
102
RTVSPropertyOp39
 70
     1
102
RTVSPropertyOp40
 70
     1
102
RTVSPropertyOp41
 70
     1
102
RTVSPropertyOp42
 70
     1
102
RTVSPropertyOp43
 70
     1
102
RTVSPropertyOp44
 70
     1
102
RTVSPropertyOp45
 70
     1
102
RTVSPropertyOp46
 70
     1
102
RTVSPropertyOp47
 70
     1
102
RTVSPropertyOp48
 70
     1
102
RTVSPropertyOp49
 70
     1
102
RTVSPropertyOp50
 70
     1
102
RTVSPropertyOp51
 70
     0
102
RTVSPropertyOp52
 70
     0
102
RTVSPropertyOp53
 70
     1
102
RTVSPropertyOp54
 70
     1
102
RTVSPropertyOp55
 70
     1
102
RTVSPropertyOp56
 70
     1
102
RTVSPropertyOp57
 70
     1
102
RTVSPropertyOp58
 70
     1
102
RTVSPropertyOp59
 70
     1
102
RTVSPropertyOp60
 70
     1
102
RTVSPropertyOp61
 70
     1
102
RTVSPropertyOp62
 70
     1
  0
ENDSEC
  0
EOF